user_id,item_id,category,action,timestamp,price,city_level
10102,20181,美妆,view,1750268996,619.09,1
10435,20012,家电,cart,1750347764,3706.8,1
10348,20082,数码配件,view,1750262114,63.41,1
10270,20028,数码配件,view,1750375163,302.56,3
10106,20002,数码配件,view,1750277726,252.14,1
10071,20089,家电,view,1750245558,2361.0,1
10188,20103,图书,view,1750298904,69.39,2
10020,20122,数码配件,view,1750325235,69.55,3
10102,20185,手机,buy,1750349514,4892.67,2
10121,20075,美妆,view,1750356149,703.19,1
10466,20129,美妆,view,1750280661,562.88,1
10214,20107,家电,cart,1750323658,2520.5,3
10330,20155,图书,view,1750274786,66.19,3
10458,20081,美妆,view,1750249662,526.39,3
10087,20076,美妆,view,1750275565,423.58,3
10372,20001,美妆,view,1750219463,579.23,1
10099,20126,手机,cart,1750222150,5005.82,1
10359,20134,数码配件,cart,1750376619,191.61,2
10151,20025,运动户外,cart,1750242252,842.85,2
10130,20087,家电,view,1750273676,3245.47,3
10149,20015,数码配件,view,1750299695,312.59,1
10308,20150,家电,view,1750217151,1363.64,1
10257,20167,家电,view,1750315466,4168.32,3
10343,20187,手机,view,1750327496,5979.44,3
10491,20072,图书,buy,1750207809,131.9,3
10413,20031,美妆,view,1750274746,719.35,3
10293,20014,图书,view,1750323740,76.52,1
10385,20140,美妆,cart,1750336025,284.37,1
10191,20004,数码配件,buy,1750283035,441.73,3
10443,20073,数码配件,view,1750247149,118.78,3
10276,20051,数码配件,buy,1750332885,319.53,1
10160,20076,手机,buy,1750285412,7393.61,1
10459,20168,手机,view,1750225445,5836.78,1
10313,20180,美妆,view,1750344445,148.45,1
10021,20109,家电,view,1750248087,4787.39,2
10252,20177,数码配件,cart,1750260321,,3
10235,20142,美妆,view,1750309393,599.06,3
10344,20105,美妆,view,1750323154,729.73,1
10048,20126,家电,view,1750359021,2352.34,3
10474,20006,家电,view,1750370239,,1
10058,20039,家电,view,1750291419,1125.65,1
10169,20155,数码配件,view,1750260960,351.04,3
10475,20159,家电,cart,1750355850,4529.53,2
10187,20098,家电,cart,1750254714,4229.99,1
10463,20142,手机,view,1750312567,4771.49,2
10270,20084,美妆,view,1750374192,557.42,1
10189,20197,手机,view,1750233444,4696.51,1
10445,20064,家电,view,1750315393,2794.45,1
10174,20131,图书,view,1750224561,133.68,2
10445,20010,数码配件,view,1750346511,343.47,1
10050,20107,手机,buy,1750248397,7243.48,2
10363,20025,运动户外,view,1750220170,1064.65,1
10054,20188,运动户外,view,1750324077,590.42,2
10243,20164,运动户外,view,1750350491,930.51,3
10319,20150,美妆,view,1750261868,232.93,1
10130,20084,数码配件,cart,1750287009,77.43,1
10484,20167,手机,view,1750344031,5514.25,1
10306,20150,手机,buy,1750253512,3400.56,1
10134,20122,数码配件,view,1750310647,437.82,1
10020,20143,数码配件,view,1750367167,317.53,1
10328,20188,运动户外,view,1750287734,765.23,2
10166,20067,家电,view,1750274429,2256.74,2
10273,20103,家电,view,1750287683,2199.99,1
10387,20079,手机,view,1750231009,7992.27,1
10088,20158,数码配件,view,1750296290,169.34,1
10315,20052,家电,view,1750347201,1630.99,3
10013,20105,图书,view,1750376235,148.34,3
10241,20152,手机,view,1750231954,5773.01,1
10264,20043,图书,view,1750349824,33.91,1
10345,20139,图书,view,1750294684,47.38,1
10052,20089,美妆,view,1750332865,284.79,2
10385,20100,手机,view,1750277330,5117.88,1
10339,20096,手机,view,1750273470,3654.1,1
10091,20008,美妆,view,1750351838,593.97,1
10366,20011,手机,view,1750243873,7415.53,3
10443,20068,手机,cart,1750243621,5912.55,2
10454,20181,家电,view,1750215258,2458.61,2
10427,20181,家电,view,1750297514,3667.73,3
10263,20027,运动户外,buy,1750266859,949.48,1
10430,20055,家电,cart,1750291880,1099.15,2
10034,20098,美妆,cart,1750274741,667.52,1
10205,20196,美妆,view,1750328188,710.52,1
10080,20109,家电,cart,1750284803,2841.21,1
10419,20076,家电,view,1750290851,1772.52,2
10049,20102,手机,buy,1750372960,4395.62,3
10359,20105,运动户外,view,1750291608,1043.66,1
10387,20108,手机,cart,1750356998,4306.08,2
10001,20111,手机,view,1750287028,5172.82,2
10389,20057,数码配件,buy,1750355949,102.04,1
10053,20077,图书,view,1750341093,76.69,3
10105,20074,美妆,cart,1750256451,619.37,2
10259,20041,运动户外,view,1750291359,864.24,3
10309,20165,图书,view,1750283527,36.2,3
10476,20067,图书,view,1750282304,62.4,3
10190,20180,家电,view,1750304190,3659.72,3
10401,20032,美妆,buy,1750283692,530.86,2
10217,20070,数码配件,cart,1750259898,186.74,2
10043,20055,数码配件,view,1750320611,195.01,2
10161,20104,美妆,view,1750249283,431.23,3
10201,20199,手机,view,1750367135,6319.27,2
10445,20100,手机,cart,1750286174,6755.69,1
10483,20050,家电,view,1750329354,1184.85,3
10269,20073,手机,view,1750355708,7430.68,1
10350,20170,美妆,view,1750268759,446.06,1
10303,20120,美妆,view,1750232741,724.86,2
10270,20142,家电,view,1750340579,4831.86,2
10455,20165,手机,view,1750236613,7587.35,2
10461,20142,家电,cart,1750351318,,3
10214,20004,图书,buy,1750365403,135.89,3
10251,20082,数码配件,view,1750321693,458.08,1
10189,20181,美妆,cart,1750269612,415.05,3
10295,20050,图书,cart,1750369098,87.77,1
10212,20009,图书,view,1750266271,112.76,2
10207,20139,图书,view,1750241073,90.22,1
10236,20003,家电,view,1750260886,1611.22,1
10337,20094,运动户外,view,1750313792,742.61,1
10366,20145,家电,cart,1750357912,2557.91,3
10052,20079,手机,cart,1750304514,6827.97,2
10279,20035,手机,buy,1750307032,4493.06,2
10409,20024,数码配件,cart,1750362939,295.76,1
10216,20097,运动户外,view,1750212408,635.84,2
10251,20163,图书,view,1750248065,123.76,2
10187,20100,家电,buy,1750308090,3136.49,3
10379,20194,数码配件,view,1750317158,87.78,1
10492,20008,运动户外,view,1750290613,460.16,1
10040,20060,运动户外,view,1750304185,961.23,2
10156,20052,运动户外,view,1750209881,281.91,3
10014,20145,数码配件,view,1750263578,478.36,3
10300,20170,手机,cart,1750212934,6258.77,1
10064,20162,家电,cart,1750267333,3485.34,1
10344,20062,运动户外,view,1750261938,763.97,2
10326,20120,美妆,view,1750363631,358.23,3
10008,20104,美妆,cart,1750247730,644.45,2
10343,20003,手机,view,1750355741,7644.44,3
10128,20092,运动户外,view,1750224722,915.01,3
10491,20168,美妆,cart,1750283858,269.99,3
10135,20172,数码配件,cart,1750353155,408.3,1
10471,20177,图书,view,1750222876,106.0,3
10062,20027,美妆,view,1750333303,694.7,1
10138,20169,运动户外,buy,1750325317,835.59,3
10498,20079,家电,view,1750375313,3935.18,2
10080,20075,数码配件,cart,1750331545,292.18,2
10391,20115,运动户外,cart,1750289290,792.47,1
10162,20068,手机,view,1750326620,5254.01,3
10418,20097,数码配件,view,1750334379,201.38,2
10288,20000,家电,view,1750272525,2419.3,2
10378,20166,图书,cart,1750277222,111.15,3
10260,20095,手机,view,1750268070,3955.28,3
10489,20016,运动户外,view,1750329604,958.16,3
10230,20111,美妆,view,1750229193,655.05,2
10040,20090,家电,view,1750357251,1973.22,2
10027,20087,运动户外,view,1750349081,543.76,2
10134,20162,图书,cart,1750270703,55.22,1
10200,20173,手机,cart,1750345273,4577.74,3
10327,20169,家电,view,1750277282,3954.42,3
10267,20166,数码配件,buy,1750278986,286.09,1
10417,20089,家电,view,1750284037,2443.52,1
10032,20048,美妆,view,1750219093,292.02,3
10047,20189,图书,view,1750333480,36.42,1
10406,20037,手机,view,1750320266,5346.98,2
10061,20150,家电,buy,1750330033,2009.91,1
10215,20149,手机,view,1750369805,3370.41,3
10292,20131,手机,view,1750284448,7055.71,1
10098,20176,家电,view,1750363742,4057.77,3
10171,20058,数码配件,view,1750322899,285.16,2
10359,20067,图书,cart,1750284853,148.7,3
10213,20198,数码配件,view,1750230813,482.05,1
10474,20129,美妆,view,1750245971,562.3,1
10034,20048,家电,view,1750311890,1626.13,2
10448,20125,美妆,view,1750265480,303.88,2
10226,20158,美妆,view,1750223459,701.72,3
10100,20110,家电,buy,1750368655,4151.31,3
10430,20167,美妆,cart,1750234887,238.47,3
10461,20047,家电,view,1750242086,4633.65,1
10130,20050,手机,view,1750354014,4538.06,2
10256,20042,运动户外,view,1750310315,888.68,2
10004,20097,数码配件,view,1750361571,246.99,1
10217,20182,运动户外,cart,1750211580,803.71,1
10254,20176,家电,buy,1750355584,4343.83,3
10397,20123,手机,buy,1750275450,6361.41,3
10358,20079,手机,cart,1750340843,3875.95,3
10282,20184,运动户外,buy,1750358240,381.49,2
10392,20110,美妆,cart,1750328010,778.34,2
10206,20142,运动户外,view,1750246959,870.13,2
10014,20026,运动户外,view,1750309776,488.22,3
10345,20195,手机,view,1750289544,4572.59,1
10041,20191,运动户外,cart,1750205101,1024.93,3
10379,20157,数码配件,view,1750340705,74.39,2
10460,20163,数码配件,cart,1750218329,331.43,1
10178,20194,图书,view,1750319649,140.6,3
10062,20112,运动户外,view,1750364412,1173.15,1
10351,20085,美妆,view,1750349569,485.59,2
10230,20113,手机,view,1750234543,7207.03,2
10240,20123,手机,view,1750281309,3769.86,3
10051,20048,美妆,view,1750328589,684.31,1
10095,20075,运动户外,view,1750361923,583.59,3
10387,20054,美妆,cart,1750277216,704.82,2
10221,20055,图书,buy,1750205472,86.01,2
10484,20195,美妆,view,1750333156,510.86,1
10406,20094,运动户外,view,1750349481,545.12,3
10230,20043,运动户外,view,1750254254,521.78,3
10236,20158,家电,view,1750312482,1934.25,1
10142,20185,图书,cart,1750304737,111.68,2
10170,20086,美妆,cart,1750244673,556.41,2
10028,20180,手机,view,1750291830,7826.77,1
10035,20083,运动户外,view,1750208823,1110.44,3
10012,20150,家电,view,1750245264,3619.13,1
10159,20155,运动户外,cart,1750368183,465.02,3
10326,20015,运动户外,view,1750344685,1051.77,2
10186,20164,图书,view,1750332712,135.37,3
10242,20148,手机,view,1750280134,4173.85,1
10085,20144,美妆,view,1750370933,784.84,3
10283,20036,手机,view,1750212388,6470.01,1
10065,20076,图书,cart,1750303062,58.14,2
10169,20146,家电,view,1750252000,2648.21,1
10044,20157,家电,view,1750367253,4483.36,3
10061,20044,家电,view,1750265666,3332.63,2
10440,20145,美妆,view,1750207263,278.73,2
10133,20061,图书,view,1750320596,40.54,2
10283,20163,数码配件,view,1750270361,482.91,2
10027,20099,图书,view,1750331470,70.01,1
10107,20051,家电,view,1750282361,2435.84,3
10043,20018,图书,view,1750308558,127.9,2
10339,20108,手机,view,1750217656,6429.0,3
10285,20043,美妆,view,1750279824,732.91,1
10445,20006,数码配件,cart,1750254641,148.55,3
10330,20171,图书,view,1750377600,113.72,3
10127,20116,家电,view,1750374234,4613.61,1
10347,20067,图书,cart,1750300446,24.34,3
10472,20033,家电,view,1750313721,2180.44,1
10230,20193,家电,view,1750300707,3157.63,3
10189,20068,数码配件,buy,1750272163,423.71,2
10224,20054,图书,cart,1750234991,64.03,2
10384,20009,手机,view,1750308979,7832.5,3
10376,20041,图书,view,1750274126,71.29,3
10282,20040,手机,view,1750273524,6364.14,3
10445,20196,运动户外,cart,1750233202,1140.29,3
10120,20121,家电,view,1750351969,3478.19,2
10115,20137,数码配件,view,1750326504,78.45,3
10460,20009,图书,view,1750216687,35.17,1
10232,20101,图书,buy,1750266351,35.1,3
10258,20187,家电,view,1750346408,2484.05,2
10358,20127,数码配件,cart,1750313559,119.54,3
10197,20178,手机,cart,1750278132,6078.26,1
10455,20148,美妆,view,1750266695,410.37,2
10410,20135,手机,buy,1750373837,4836.67,2
10136,20192,手机,view,1750236823,3949.04,2
10317,20091,手机,view,1750361338,6208.52,1
10164,20112,手机,cart,1750237810,4217.84,3
10224,20077,家电,view,1750259105,4060.63,3
10306,20084,家电,cart,1750243480,1931.99,3
10233,20029,手机,view,1750238876,,3
10171,20048,图书,cart,1750211558,34.29,1
10151,20008,手机,view,1750359164,6942.16,2
10462,20144,手机,view,1750315152,3262.0,3
10314,20068,手机,cart,1750299706,5381.23,3
10373,20057,数码配件,view,1750366046,276.73,1
10159,20184,美妆,cart,1750341495,706.89,2
10095,20061,运动户外,view,1750330362,231.15,2
10471,20051,运动户外,view,1750321077,690.27,1
10232,20188,手机,view,1750237880,3741.67,2
10179,20039,数码配件,view,1750290045,296.76,2
10112,20165,数码配件,view,1750363509,254.17,2
10317,20170,手机,cart,1750376429,3572.07,3
10496,20062,数码配件,cart,1750323172,146.76,1
10441,20146,运动户外,view,1750313849,653.5,3
10051,20049,手机,view,1750271617,4562.62,2
10267,20160,家电,view,1750228714,2897.07,1
10294,20140,手机,view,1750302487,6722.94,1
10385,20077,数码配件,view,1750352041,480.48,2
10386,20096,美妆,view,1750315670,347.52,3
10112,20189,手机,buy,1750296981,6002.05,1
10100,20042,数码配件,view,1750331203,119.63,1
10112,20176,手机,view,1750234916,5781.33,2
10439,20035,数码配件,view,1750351853,243.1,3
10080,20121,数码配件,view,1750364444,300.53,3
10186,20107,美妆,view,1750285798,226.29,2
10112,20009,图书,view,1750353257,133.08,3
10001,20094,运动户外,view,1750212836,940.97,1
10129,20005,美妆,view,1750323720,363.34,2
10219,20056,家电,view,1750353591,3886.38,3
10053,20128,手机,cart,1750366762,3777.9,1
10342,20070,美妆,view,1750315952,410.18,2
10484,20185,数码配件,view,1750339108,172.93,1
10223,20020,图书,view,1750360286,56.82,2
10224,20091,数码配件,view,1750308415,70.44,3
10384,20126,手机,view,1750260173,4507.1,1
10402,20079,图书,view,1750335186,35.6,3
10125,20055,运动户外,view,1750265122,580.21,3
10129,20115,数码配件,cart,1750223694,412.79,2
10052,20147,美妆,view,1750225211,113.12,2
10171,20181,数码配件,view,1750372609,231.99,2
10217,20024,图书,view,1750289936,22.71,1
10159,20155,数码配件,view,1750299657,360.32,1
10197,20004,运动户外,cart,1750359169,443.32,2
10415,20119,数码配件,view,1750293801,441.74,1
10246,20020,图书,cart,1750370796,29.93,1
10323,20017,数码配件,view,1750296386,457.67,2
10438,20174,美妆,buy,1750243516,551.81,1
10202,20197,手机,view,1750362715,3986.36,1
10183,20056,美妆,view,1750369413,765.9,2
10122,20092,运动户外,cart,1750322477,959.88,3
10400,20018,数码配件,view,1750289527,493.94,3
10254,20127,图书,view,1750320722,28.88,3
10293,20096,图书,cart,1750297059,96.88,3
10279,20192,手机,view,1750219713,5259.57,2
10324,20130,图书,view,1750228470,132.35,3
10371,20169,数码配件,view,1750350110,258.22,3
10097,20020,手机,view,1750375675,7049.08,1
10197,20039,图书,view,1750221019,85.18,2
10469,20066,手机,cart,1750226906,7186.89,3
10394,20152,美妆,view,1750319555,273.42,2
10239,20126,数码配件,view,1750302540,121.44,2
10143,20054,运动户外,view,1750361532,538.37,1
10096,20179,美妆,view,1750229574,146.14,3
10200,20171,美妆,view,1750376914,276.4,3
10123,20108,家电,view,1750241874,3330.96,2
10186,20097,图书,buy,1750307549,110.8,1
10325,20183,数码配件,cart,1750351318,88.12,2
10463,20182,美妆,cart,1750342790,669.23,1
10348,20111,美妆,view,1750209579,455.94,2
10258,20197,图书,view,1750332273,,1
10147,20114,家电,buy,1750282340,1619.78,1
10251,20116,数码配件,cart,1750342827,425.8,1
10442,20086,美妆,view,1750239153,636.42,3
10419,20080,运动户外,view,1750368571,380.85,1
10402,20065,美妆,view,1750267067,387.6,2
10345,20018,数码配件,view,1750322483,386.84,1
10450,20134,数码配件,view,1750327749,484.52,1
10146,20117,图书,view,1750320299,94.15,2
10147,20190,图书,cart,1750314549,85.38,1
10351,20041,家电,cart,1750270336,1553.59,1
10198,20041,美妆,view,1750231693,359.85,3
10307,20058,数码配件,cart,1750246824,178.28,2
10488,20019,运动户外,buy,1750319480,347.35,1
10416,20072,家电,cart,1750211791,4538.52,2
10423,20016,手机,view,1750306031,4869.81,1
10127,20026,图书,view,1750230774,61.43,3
10038,20174,美妆,view,1750214840,202.23,2
10337,20001,运动户外,view,1750327774,338.79,2
10359,20062,数码配件,view,1750271888,85.65,1
10128,20061,家电,view,1750343152,3908.94,2
10266,20099,手机,cart,1750236741,4188.2,1
10475,20018,家电,view,1750324629,4175.6,1
10440,20016,手机,cart,1750345323,5499.15,1
10472,20068,美妆,view,1750242437,269.36,2
10433,20166,运动户外,view,1750354396,552.82,2
10150,20116,家电,view,1750299330,1342.46,1
10414,20198,数码配件,view,1750337870,403.89,3
10477,20080,手机,view,1750371437,5350.68,2
10297,20038,图书,view,1750222510,22.11,2
10098,20035,家电,cart,1750357342,3513.03,3
10262,20167,图书,view,1750293548,65.8,3
10251,20172,家电,cart,1750330244,3738.73,3
10143,20131,家电,cart,1750324777,1252.4,1
10345,20152,图书,view,1750215785,122.84,2
10111,20196,图书,view,1750347152,148.59,2
10499,20157,图书,view,1750279802,104.1,2
10059,20195,手机,cart,1750237430,4659.62,2
10368,20028,运动户外,cart,1750306156,943.31,2
10001,20195,家电,view,1750340925,2990.09,2
10384,20050,手机,cart,1750362729,3394.64,1
10303,20151,数码配件,view,1750290762,96.17,3
10253,20013,图书,view,1750316503,98.34,1
10139,20068,美妆,view,1750297221,412.99,3
10452,20145,运动户外,view,1750219836,1180.03,1
10036,20169,美妆,view,1750246739,354.32,1
10159,20056,家电,cart,1750319664,3712.36,1
10008,20011,家电,view,1750300830,4114.06,2
10232,20016,运动户外,buy,1750245022,232.39,3
10098,20029,运动户外,buy,1750224955,572.01,3
10146,20087,家电,view,1750375078,2592.14,2
10303,20098,家电,buy,1750253571,1103.65,2
10207,20022,数码配件,view,1750273423,302.75,2
10130,20128,美妆,view,1750279662,797.46,3
10403,20078,运动户外,view,1750224212,335.73,2
10151,20031,家电,cart,1750227813,2780.44,3
10053,20008,图书,view,1750348978,112.24,3
10119,20014,图书,cart,1750371969,130.68,1
10160,20155,图书,view,1750257485,35.78,1
10407,20151,家电,cart,1750350033,1105.14,3
10115,20187,图书,view,1750238818,147.79,3
10074,20162,手机,view,1750330279,4990.8,3
10112,20026,运动户外,cart,1750224133,1023.34,1
10455,20108,图书,view,1750340422,78.5,2
10419,20075,家电,cart,1750372518,4121.05,3
10421,20147,家电,cart,1750336622,1516.13,1
10103,20064,手机,view,1750247258,4520.62,2
10339,20176,美妆,view,1750340825,763.24,2
10253,20108,手机,view,1750349199,6175.29,2
10226,20128,家电,view,1750229291,3457.71,3
10111,20009,美妆,view,1750245221,759.12,1
10472,20046,美妆,view,1750293304,731.4,3
10098,20122,手机,cart,1750216717,3141.87,3
10152,20058,数码配件,view,1750354782,144.86,2
10348,20095,数码配件,view,1750369207,274.12,3
10401,20189,图书,view,1750268993,59.27,3
10383,20102,运动户外,view,1750220505,272.97,1
10365,20123,运动户外,view,1750293979,664.44,3
10337,20085,家电,view,1750295336,3873.45,2
10193,20145,家电,cart,1750232635,3059.92,2
10309,20111,家电,view,1750269790,2069.89,1
10162,20173,手机,view,1750366117,7726.92,2
10207,20159,家电,buy,1750290635,4609.24,3
10444,20026,美妆,view,1750335417,634.18,3
10168,20017,运动户外,view,1750210875,508.54,1
10483,20166,运动户外,view,1750261198,1166.69,3
10160,20176,图书,view,1750361435,56.58,3
10067,20081,美妆,view,1750232979,475.68,2
10288,20171,家电,cart,1750310510,3910.03,2
10397,20071,手机,view,1750255827,5851.41,2
10276,20053,数码配件,view,1750322857,223.86,3
10303,20161,图书,cart,1750364981,101.02,1
10403,20070,家电,buy,1750293689,2575.61,3
10383,20163,图书,cart,1750338263,45.88,2
10391,20145,数码配件,view,1750292104,67.51,2
10134,20037,数码配件,view,1750339936,322.82,1
10194,20186,图书,buy,1750307810,61.41,3
10400,20136,美妆,cart,1750337789,515.61,3
10127,20199,数码配件,view,1750329290,303.32,1
10032,20178,图书,view,1750313993,34.25,3
10175,20034,图书,cart,1750369756,114.29,1
10459,20081,数码配件,view,1750356443,485.18,3
10442,20132,家电,cart,1750249498,3334.09,3
10370,20141,美妆,cart,1750304464,642.22,1
10469,20157,美妆,view,1750233608,500.8,1
10374,20003,手机,view,1750313055,5093.9,3
10021,20166,家电,view,1750328428,4099.89,3
10237,20191,美妆,view,1750259153,196.66,3
10157,20152,图书,buy,1750303582,82.19,2
10037,20155,家电,view,1750348002,3132.51,2
10229,20193,美妆,cart,1750373439,604.65,3
10364,20149,图书,view,1750269423,44.99,2
10050,20158,数码配件,view,1750282817,473.67,2
10437,20022,美妆,view,1750287910,593.49,2
10263,20047,图书,view,1750276485,141.48,2
10282,20147,手机,view,1750308224,5715.95,2
10026,20124,家电,view,1750225517,2150.52,2
10225,20165,运动户外,view,1750260895,947.34,1
10276,20054,数码配件,view,1750276003,,1
10285,20067,手机,view,1750268358,5934.15,1
10096,20087,美妆,buy,1750265836,257.97,1
10283,20000,手机,view,1750231157,6586.79,3
10366,20134,家电,view,1750246203,3201.41,2
10447,20184,美妆,buy,1750329960,714.88,3
10480,20094,家电,cart,1750279619,2148.98,3
10452,20139,手机,buy,1750355305,3447.3,1
10316,20105,数码配件,cart,1750214577,432.65,1
10303,20132,运动户外,cart,1750214326,375.79,2
10146,20107,运动户外,view,1750280682,949.0,1
10003,20177,手机,view,1750292629,6013.91,2
10034,20041,运动户外,buy,1750334276,743.3,1
10191,20101,数码配件,view,1750234329,136.77,2
10048,20123,家电,cart,1750253610,3593.14,1
10016,20139,美妆,view,1750255436,306.52,1
10171,20102,数码配件,cart,1750316919,453.67,3
10219,20145,图书,view,1750253239,107.0,1
10157,20193,运动户外,view,1750273163,448.05,2
10476,20073,家电,view,1750291209,2067.98,2
10045,20107,数码配件,cart,1750376159,55.15,2
10372,20121,美妆,view,1750326800,567.45,2
10005,20016,家电,view,1750286321,3010.08,3
10098,20195,手机,view,1750301149,7703.18,3
10379,20070,家电,view,1750244956,1534.28,2
10232,20061,美妆,buy,1750348778,361.54,2
10036,20040,数码配件,cart,1750269671,421.52,3
10279,20118,数码配件,cart,1750321912,86.84,3
10348,20161,美妆,view,1750234214,742.07,1
10496,20197,数码配件,buy,1750345482,140.97,1
10301,20044,家电,view,1750235271,3081.37,3
10180,20057,家电,cart,1750338591,2955.31,2
10094,20178,手机,view,1750324546,5566.24,3
10098,20125,手机,view,1750285584,6363.84,3
10187,20161,手机,view,1750261921,7082.27,3
10480,20043,手机,view,1750221514,4722.64,3
10115,20014,手机,buy,1750328550,3345.1,1
10190,20077,图书,view,1750372971,119.97,3
10252,20069,美妆,buy,1750305064,362.12,2
10468,20177,运动户外,view,1750346174,882.73,1
10415,20100,美妆,cart,1750345639,183.04,2
10470,20159,数码配件,view,1750205710,490.43,1
10160,20194,图书,view,1750315982,113.48,3
10255,20002,运动户外,cart,1750295543,447.51,1
10322,20085,图书,view,1750234381,133.78,1
10127,20073,美妆,view,1750208901,636.24,1
10017,20050,家电,view,1750321831,3375.78,3
10280,20066,美妆,cart,1750216396,134.07,2
10489,20075,运动户外,view,1750219596,417.27,1
10222,20092,数码配件,buy,1750355823,155.37,2
10053,20175,数码配件,view,1750288860,352.64,1
10057,20144,图书,cart,1750341442,148.14,1
10322,20006,运动户外,view,1750359901,260.96,3
10359,20012,家电,view,1750334724,2708.8,1
10173,20119,图书,buy,1750342284,107.27,2
10279,20065,美妆,view,1750303486,204.45,1
10113,20003,数码配件,view,1750283636,432.2,3
10287,20137,家电,cart,1750352226,4658.96,2
10430,20087,运动户外,view,1750268463,334.09,2
10341,20016,家电,view,1750322708,1316.28,2
10150,20051,手机,view,1750218310,7147.03,2
10449,20133,运动户外,view,1750223879,802.92,1
10126,20068,数码配件,cart,1750330470,301.48,1
10154,20136,图书,view,1750260324,138.17,1
10489,20020,美妆,view,1750330346,799.7,1
10385,20023,美妆,view,1750267539,243.16,3
10473,20003,图书,cart,1750344693,69.49,3
10272,20151,图书,view,1750335158,66.75,2
10103,20186,手机,cart,1750288747,6612.07,1
10416,20002,图书,view,1750262805,25.94,3
10392,20067,家电,view,1750357900,3213.25,3
10298,20100,美妆,view,1750291272,206.69,1
10245,20167,运动户外,view,1750349147,445.73,3
10175,20175,美妆,view,1750332889,634.35,3
10038,20053,美妆,cart,1750297120,422.58,1
10476,20034,家电,cart,1750346917,2953.27,3
10169,20055,手机,view,1750224285,7195.34,3
10246,20107,手机,cart,1750370134,5061.96,1
10025,20039,手机,cart,1750337374,3045.71,2
10354,20067,图书,view,1750366416,102.9,2
10305,20045,美妆,view,1750349410,104.63,2
10408,20077,手机,view,1750345240,6610.96,2
10407,20140,手机,view,1750317672,6489.3,1
10012,20154,手机,buy,1750267968,5621.93,1
10315,20005,数码配件,view,1750274877,416.85,2
10390,20016,手机,view,1750352911,5030.14,1
10312,20163,美妆,view,1750225933,578.83,3
10035,20098,美妆,cart,1750304221,165.45,2
10172,20080,数码配件,view,1750249727,336.54,1
10019,20001,运动户外,cart,1750291640,844.91,3
10320,20076,手机,cart,1750265031,7595.76,1
10263,20179,美妆,cart,1750217005,432.85,1
10493,20065,美妆,buy,1750352520,729.52,3
10399,20051,手机,view,1750208904,7252.14,1
10141,20091,数码配件,view,1750309210,419.31,1
10459,20170,图书,view,1750306815,51.26,3
10370,20021,数码配件,view,1750241487,390.02,3
10470,20110,美妆,view,1750295464,621.82,1
10142,20106,手机,view,1750294084,7193.37,3
10091,20182,数码配件,buy,1750290357,228.52,1
10353,20066,美妆,view,1750333408,794.81,1
10321,20187,图书,view,1750253490,68.81,3
10287,20185,数码配件,view,1750366966,88.56,2
10214,20139,家电,cart,1750245228,1328.15,2
10446,20068,美妆,cart,1750306937,207.99,2
10341,20083,图书,view,1750285610,20.68,2
10050,20102,图书,cart,1750227684,33.29,1
10152,20038,运动户外,view,1750311766,754.74,1
10185,20012,手机,view,1750361280,5771.1,3
10062,20040,图书,cart,1750313277,21.6,2
10189,20056,手机,cart,1750268433,5797.68,3
10124,20180,数码配件,view,1750241196,221.33,2
10149,20011,图书,view,1750248632,38.97,2
10313,20012,图书,view,1750224964,82.95,2
10057,20119,图书,buy,1750334771,113.72,3
10341,20096,数码配件,view,1750284664,98.14,1
10304,20056,运动户外,view,1750291187,820.19,2
10179,20039,图书,view,1750375465,127.06,3
10169,20117,家电,view,1750257452,3412.85,2
10325,20079,图书,view,1750288460,71.77,2
10270,20127,美妆,view,1750355763,443.71,1
10053,20172,图书,view,1750307805,126.14,2
10490,20034,手机,buy,1750347833,3999.0,1
10443,20002,美妆,cart,1750325811,118.84,3
10100,20119,家电,view,1750222929,2165.32,2
10480,20004,美妆,view,1750268244,543.34,2
10263,20010,美妆,view,1750303625,396.19,1
10052,20125,运动户外,buy,1750309868,679.23,3
10059,20070,数码配件,buy,1750314455,441.34,3
10491,20116,手机,cart,1750345546,4797.65,3
10107,20183,美妆,buy,1750269872,176.56,3
10004,20137,美妆,view,1750216412,552.9,3
10102,20105,美妆,view,1750291726,379.73,2
10195,20115,手机,view,1750338670,4293.69,3
10261,20161,数码配件,view,1750262742,359.45,2
10364,20066,图书,view,1750359095,120.4,3
10479,20199,数码配件,view,1750331355,498.97,1
10371,20030,图书,view,1750235226,,3
10349,20074,家电,view,1750259029,2372.27,3
10046,20070,运动户外,view,1750323406,297.62,2
10354,20065,手机,view,1750234968,7050.93,1
10310,20069,图书,view,1750247884,108.03,3
10423,20040,家电,view,1750291566,3207.64,3
10307,20190,运动户外,buy,1750310980,,3
10143,20159,家电,view,1750308499,3629.23,1
10268,20019,美妆,view,1750360042,238.13,2
10369,20184,运动户外,view,1750277766,414.8,3
10123,20177,手机,view,1750345542,6997.51,1
10105,20152,图书,view,1750273574,79.48,3
10157,20139,运动户外,view,1750361292,839.11,2
10146,20198,数码配件,view,1750297070,101.4,2
10144,20038,数码配件,view,1750282773,353.11,3
10119,20144,数码配件,view,1750235696,110.28,1
10318,20044,图书,view,1750241856,68.53,3
10274,20138,运动户外,view,1750305387,337.87,2
10091,20069,家电,view,1750373951,3149.52,1
10057,20124,数码配件,view,1750253846,179.98,2
10438,20150,运动户外,view,1750207312,1065.52,2
10345,20090,家电,view,1750352015,2535.78,3
10228,20069,美妆,view,1750313755,579.29,3
10473,20165,运动户外,view,1750212889,282.67,1
10116,20129,图书,view,1750280473,49.23,1
10317,20083,运动户外,view,1750334643,972.55,3
10278,20088,数码配件,view,1750347172,101.39,2
10126,20078,数码配件,cart,1750320501,68.72,3
10392,20112,家电,buy,1750376156,1409.67,1
10395,20092,图书,cart,1750273695,24.19,2
10128,20071,手机,view,1750266913,7969.79,1
10057,20164,美妆,view,1750364776,345.44,3
10121,20048,运动户外,view,1750258964,339.23,1
10000,20051,手机,view,1750361262,5661.4,3
10238,20032,家电,view,1750280646,3816.22,3
10289,20021,图书,buy,1750229762,86.87,1
10095,20113,运动户外,buy,1750376739,1192.49,1
10125,20132,美妆,cart,1750289235,274.77,1
10117,20017,美妆,view,1750370580,199.52,2
10047,20165,美妆,view,1750370901,416.39,1
10088,20117,运动户外,view,1750301549,478.23,2
10487,20116,运动户外,view,1750229216,202.47,3
10236,20036,运动户外,view,1750221401,897.29,3
10372,20063,运动户外,view,1750260335,629.64,2
10384,20137,图书,view,1750348274,56.87,3
10271,20078,家电,view,1750294909,2941.35,3
10188,20169,手机,view,1750325276,6130.9,1
10486,20122,手机,buy,1750324473,3789.92,1
10191,20175,运动户外,view,1750239380,888.59,3
10446,20043,图书,view,1750276632,141.25,1
10068,20081,美妆,view,1750374908,157.69,1
10277,20086,手机,view,1750266179,4527.55,2
10348,20015,美妆,view,1750260747,166.63,2
10246,20053,手机,view,1750321471,4130.95,1
10450,20101,手机,view,1750315507,7085.55,3
10075,20162,家电,view,1750228217,1915.79,3
10153,20097,手机,view,1750283247,4837.81,1
10143,20155,运动户外,cart,1750239703,953.16,3
10434,20001,美妆,view,1750207021,471.36,3
10484,20093,美妆,view,1750260651,345.83,3
10085,20140,美妆,view,1750320768,388.2,1
10184,20168,手机,cart,1750237084,3700.07,3
10284,20058,美妆,view,1750287245,774.27,1
10461,20068,家电,view,1750349869,1336.99,3
10219,20118,数码配件,cart,1750211831,178.21,3
10068,20091,图书,view,1750254252,98.9,3
10046,20180,运动户外,view,1750267541,254.57,2
10496,20044,运动户外,view,1750360495,699.58,1
10093,20147,数码配件,cart,1750299459,55.43,2
10237,20023,家电,view,1750315126,4355.89,2
10445,20188,数码配件,view,1750223934,393.23,1
10499,20090,数码配件,view,1750215240,167.98,1
10452,20093,运动户外,view,1750336146,828.57,2
10203,20057,运动户外,cart,1750345457,282.43,3
10399,20154,数码配件,view,1750225515,87.62,3
10217,20153,家电,buy,1750290455,1621.51,2
10473,20127,数码配件,view,1750373399,425.54,1
10431,20006,图书,view,1750267357,114.89,1
10340,20169,家电,view,1750323648,2737.93,3
10038,20046,数码配件,view,1750377304,349.74,3
10099,20052,家电,view,1750207775,3831.6,1
10288,20186,运动户外,buy,1750272760,723.01,1
10253,20037,图书,view,1750275254,121.55,3
10221,20196,手机,cart,1750317344,3146.78,2
10356,20052,数码配件,view,1750355965,370.55,3
10022,20142,手机,view,1750219333,5553.91,2
10249,20153,数码配件,view,1750231775,120.79,3
10009,20047,美妆,cart,1750338185,259.88,1
10245,20094,手机,cart,1750216853,3061.44,2
10324,20146,图书,view,1750214070,39.51,3
10099,20136,美妆,cart,1750289158,393.56,1
10289,20063,运动户外,buy,1750225217,519.94,3
10179,20092,图书,view,1750218607,107.53,1
10222,20181,家电,cart,1750309900,4925.66,1
10393,20124,运动户外,cart,1750286247,973.53,2
10249,20178,手机,view,1750257404,3039.85,2
10146,20038,数码配件,cart,1750268391,382.81,2
10441,20003,图书,view,1750256028,84.14,3
10095,20125,数码配件,cart,1750206471,160.31,2
10256,20002,手机,view,1750207315,4732.12,2
10324,20063,手机,cart,1750285412,4881.37,1
10492,20028,家电,view,1750333782,1952.67,1
10003,20115,家电,cart,1750265479,1372.11,3
10015,20010,运动户外,cart,1750227056,572.49,3
10279,20096,手机,view,1750308176,6186.08,1
10335,20101,数码配件,view,1750239064,245.74,1
10246,20185,图书,view,1750307810,60.95,3
10257,20154,美妆,view,1750266039,416.93,1
10496,20020,家电,view,1750233366,4080.59,1
10475,20038,手机,view,1750311364,5330.28,1
10383,20101,数码配件,view,1750323267,396.65,2
10159,20045,运动户外,view,1750246117,319.91,3
10474,20065,图书,cart,1750215372,110.59,1
10339,20090,图书,view,1750298055,112.45,2
10151,20163,数码配件,view,1750250378,184.48,1
10395,20110,运动户外,cart,1750349010,755.95,1
10177,20081,手机,view,1750241445,7019.48,1
10162,20122,手机,view,1750263071,6904.8,1
10379,20192,家电,cart,1750370028,2488.96,3
10032,20190,手机,view,1750224457,4294.1,1
10416,20098,手机,view,1750238561,6229.93,1
10444,20034,图书,view,1750218074,142.5,1
10178,20158,数码配件,view,1750334856,375.99,1
10426,20155,运动户外,view,1750261086,372.81,1
10100,20102,图书,view,1750213883,134.85,3
10267,20128,数码配件,view,1750335581,341.28,2
10322,20024,数码配件,view,1750305205,89.47,1
10064,20042,运动户外,view,1750342639,1084.65,1
10416,20083,美妆,buy,1750209919,480.56,2
10167,20194,美妆,view,1750331855,481.16,2
10329,20190,数码配件,view,1750251937,224.77,1
10042,20050,图书,view,1750278444,23.81,1
10043,20129,运动户外,view,1750265817,966.84,1
10284,20125,手机,view,1750344703,4205.76,3
10396,20191,手机,cart,1750355714,7739.01,2
10011,20068,图书,buy,1750250337,148.9,1
10094,20008,家电,view,1750298852,4224.84,3
10301,20001,手机,cart,1750353606,4758.41,3
10385,20161,家电,view,1750333834,1752.93,3
10252,20187,图书,view,1750219524,24.94,1
10498,20188,数码配件,view,1750204979,286.9,2
10241,20158,数码配件,view,1750251320,108.72,2
10034,20009,手机,view,1750241933,5933.05,1
10214,20113,数码配件,cart,1750302734,482.25,3
10336,20075,美妆,view,1750283905,170.72,2
10089,20163,家电,buy,1750319322,3929.41,3
10263,20084,运动户外,view,1750352118,374.2,3
10092,20048,数码配件,cart,1750359189,150.46,1
10409,20069,运动户外,view,1750238183,888.5,1
10457,20176,美妆,view,1750354965,591.41,2
10089,20130,数码配件,view,1750365069,321.07,1
10417,20132,美妆,view,1750241668,755.68,2
10114,20188,美妆,view,1750288559,342.77,1
10104,20089,美妆,cart,1750372336,162.11,3
10390,20025,图书,view,1750270215,54.48,3
10195,20071,手机,view,1750205135,6935.1,1
10313,20004,运动户外,view,1750248404,619.65,2
10113,20014,运动户外,cart,1750303195,551.23,1
10492,20122,运动户外,cart,1750263935,778.06,1
10074,20143,运动户外,view,1750282108,1045.76,1
10412,20000,图书,view,1750294402,33.61,1
10375,20143,运动户外,view,1750229206,275.0,2
10419,20164,数码配件,buy,1750212924,451.95,2
10216,20002,美妆,view,1750245983,722.83,1
10276,20179,手机,view,1750312090,7871.99,3
10248,20046,数码配件,cart,1750274337,378.49,3
10163,20094,图书,view,1750307796,32.47,3
10393,20012,数码配件,cart,1750299389,119.12,1
10356,20119,运动户外,view,1750368663,1023.9,3
10456,20054,运动户外,view,1750249582,225.74,3
10407,20148,图书,buy,1750235079,81.56,2
10191,20065,运动户外,view,1750274269,1094.88,1
10226,20181,美妆,view,1750304793,229.42,2
10176,20154,家电,view,1750326712,2053.18,2
10098,20165,家电,cart,1750244417,3256.99,3
10495,20089,美妆,view,1750346737,567.7,2
10035,20185,数码配件,view,1750306277,77.44,3
10465,20061,运动户外,buy,1750329272,887.07,3
10496,20101,家电,view,1750213903,1315.82,3
10486,20173,数码配件,buy,1750367400,410.2,1
10095,20138,手机,buy,1750248621,5245.2,1
10151,20199,家电,view,1750318935,2693.5,1
10150,20007,美妆,view,1750288620,516.53,3
10189,20096,手机,view,1750349517,5781.82,2
10223,20116,图书,view,1750208041,139.23,3
10036,20198,数码配件,view,1750234296,401.76,2
10267,20063,家电,view,1750231067,3351.74,1
10368,20020,数码配件,cart,1750345213,403.59,2
10182,20199,运动户外,view,1750354752,854.79,3
10012,20114,运动户外,view,1750242510,475.41,3
10278,20190,数码配件,view,1750308554,230.77,2
10216,20084,美妆,view,1750275207,622.02,2
10354,20191,手机,view,1750286313,6968.26,2
10360,20019,运动户外,cart,1750264557,884.85,1
10285,20007,图书,buy,1750288913,77.6,2
10272,20057,美妆,view,1750254066,551.89,2
10368,20045,家电,buy,1750331798,2628.68,3
10061,20030,图书,cart,1750246473,86.99,1
10083,20092,图书,cart,1750342238,72.44,3
10367,20008,手机,view,1750257419,7375.9,1
10216,20014,家电,view,1750299270,1202.24,3
10341,20093,家电,view,1750337215,4294.03,2
10396,20153,美妆,buy,1750268222,576.82,2
10186,20137,运动户外,view,1750329208,377.58,3
10018,20028,数码配件,view,1750272606,123.58,3
10176,20079,美妆,view,1750217815,119.22,1
10099,20035,数码配件,cart,1750262825,146.44,3
10395,20083,家电,view,1750312149,2076.33,3
10444,20108,手机,cart,1750207132,7835.69,2
10232,20117,家电,view,1750207018,3404.57,1
10402,20036,图书,view,1750373290,142.59,2
10075,20085,运动户外,cart,1750325123,1051.59,2
10264,20070,家电,view,1750368274,3708.78,2
10454,20150,数码配件,view,1750302902,280.18,3
10283,20168,美妆,view,1750233138,297.87,2
10205,20092,手机,view,1750290032,4382.42,2
10222,20079,图书,view,1750375578,143.78,2
10383,20101,家电,view,1750219683,4061.9,3
10051,20155,运动户外,view,1750211472,880.76,3
10338,20175,运动户外,buy,1750314524,459.43,2
10366,20165,运动户外,cart,1750354757,783.02,1
10143,20158,图书,cart,1750344951,48.91,3
10372,20013,运动户外,buy,1750337789,871.87,2
10068,20116,家电,cart,1750252283,,2
10098,20072,手机,view,1750351346,6704.59,1
10395,20090,美妆,cart,1750263062,558.1,2
10024,20089,家电,cart,1750291652,2228.34,2
10435,20028,图书,view,1750235675,80.29,2
10378,20178,手机,cart,1750367500,5917.87,1
10468,20048,运动户外,cart,1750304852,700.48,3
10483,20170,图书,view,1750244325,133.21,1
10052,20071,家电,view,1750324749,4948.77,1
10150,20132,图书,cart,1750225984,43.45,2
10143,20041,图书,view,1750371130,42.99,1
10056,20134,手机,view,1750248998,4046.91,3
10038,20041,家电,view,1750227879,4054.28,1
10108,20163,数码配件,view,1750317266,243.23,2
10180,20104,运动户外,view,1750302606,733.78,1
10041,20026,图书,cart,1750209496,89.03,3
10185,20057,手机,view,1750295069,4244.12,2
10422,20045,家电,view,1750285046,3013.35,1
10397,20065,手机,cart,1750281038,4491.01,2
10222,20024,美妆,view,1750318482,466.88,3
10121,20072,家电,view,1750298975,4605.54,1
10132,20116,家电,buy,1750310546,4672.82,1
10162,20154,家电,view,1750260162,4939.52,3
10214,20128,手机,view,1750300899,3844.92,3
10220,20086,美妆,cart,1750372656,362.63,2
10234,20073,数码配件,view,1750217372,317.27,3
10330,20169,手机,view,1750235153,3098.71,2
10145,20179,运动户外,view,1750329160,747.28,3
10238,20152,家电,view,1750207239,3742.96,2
10075,20181,运动户外,view,1750275572,862.48,3
10008,20124,数码配件,cart,1750232302,238.47,3
10073,20066,美妆,view,1750232656,297.89,2
10441,20005,家电,view,1750341939,4111.84,1
10491,20124,图书,cart,1750215129,58.4,3
10400,20057,运动户外,buy,1750330803,888.2,2
10252,20069,家电,view,1750233748,3686.53,3
10229,20052,美妆,view,1750338940,764.61,1
10006,20065,美妆,cart,1750373709,733.35,1
10173,20057,运动户外,buy,1750326507,496.02,1
10140,20081,手机,cart,1750280970,7370.7,2
10167,20086,美妆,view,1750229703,616.98,1
10169,20001,手机,cart,1750249498,6316.78,2
10392,20149,图书,cart,1750275135,144.16,3
10433,20036,手机,view,1750234640,4713.61,2
10282,20147,运动户外,buy,1750305913,471.83,3
10121,20102,运动户外,cart,1750248520,848.85,1
10193,20023,家电,view,1750246584,1234.59,1
10004,20111,运动户外,buy,1750353945,682.67,3
10028,20064,运动户外,view,1750298804,579.75,3
10164,20192,手机,cart,1750239050,7399.75,2
10421,20128,运动户外,view,1750216851,611.28,1
10338,20116,图书,view,1750342377,21.61,3
10135,20115,数码配件,cart,1750293483,150.79,3
10495,20104,数码配件,view,1750318268,328.21,3
10364,20002,美妆,view,1750372940,342.02,2
10320,20045,家电,cart,1750365471,3233.38,1
10341,20054,手机,view,1750327821,3784.64,2
10499,20074,家电,view,1750267948,2966.59,2
10144,20191,图书,view,1750373441,48.95,2
10326,20044,运动户外,cart,1750321241,278.83,3
10216,20153,运动户外,view,1750287653,698.46,1
10300,20076,运动户外,cart,1750310559,217.77,2
10131,20192,手机,view,1750228627,3000.85,3
10291,20023,数码配件,view,1750352212,450.55,1
10069,20034,美妆,view,1750300048,765.25,1
10251,20023,家电,cart,1750367265,2327.89,3
10414,20027,运动户外,cart,1750323428,563.29,1
10274,20015,手机,cart,1750294284,4108.74,2
10444,20058,美妆,buy,1750341635,304.39,2
10363,20181,美妆,view,1750333885,727.81,1
10181,20143,美妆,cart,1750271460,386.45,3
10166,20014,家电,view,1750307795,4720.87,1
10090,20010,运动户外,cart,1750293387,390.58,1
10201,20192,运动户外,view,1750359153,833.24,1
10345,20078,运动户外,view,1750336972,789.32,1
10018,20114,运动户外,view,1750349824,936.21,2
10038,20067,数码配件,view,1750251252,278.75,3
10125,20042,数码配件,view,1750231946,416.86,2
10450,20068,美妆,view,1750336949,717.89,2
10172,20140,运动户外,buy,1750269874,1115.91,2
10140,20137,运动户外,buy,1750323510,1170.49,1
10241,20074,家电,view,1750339094,3800.06,2
10219,20102,美妆,view,1750349918,319.74,3
10125,20040,家电,view,1750280973,3496.67,3
10057,20177,图书,buy,1750375216,37.25,1
10147,20198,数码配件,view,1750235052,336.59,2
10475,20058,数码配件,view,1750314239,306.79,3
10455,20038,美妆,cart,1750315526,473.73,1
10316,20002,数码配件,view,1750218710,221.39,3
10382,20006,手机,view,1750246988,6750.93,2
10360,20048,美妆,view,1750282169,687.57,1
10422,20025,数码配件,view,1750231664,416.31,3
10000,20160,美妆,cart,1750374438,705.39,3
10386,20100,运动户外,view,1750280202,984.31,3
10460,20175,美妆,view,1750314000,367.11,3
10347,20078,图书,buy,1750270687,26.99,1
10189,20001,数码配件,cart,1750320946,437.2,1
10190,20126,美妆,cart,1750359041,553.34,3
10368,20198,美妆,view,1750255524,643.3,2
10408,20159,运动户外,view,1750253814,882.66,1
10311,20131,美妆,view,1750317130,364.04,2
10416,20019,数码配件,view,1750271650,122.42,1
10421,20116,图书,view,1750215270,141.87,1
10116,20163,图书,view,1750368736,120.58,3
10133,20031,美妆,view,1750349021,652.94,2
10057,20027,手机,cart,1750262461,4589.3,1
10043,20076,数码配件,view,1750313833,277.31,3
10172,20000,数码配件,view,1750260729,207.23,3
10159,20187,图书,view,1750366878,58.16,3
10172,20055,运动户外,buy,1750375010,1023.69,1
10316,20034,手机,view,1750373165,5228.34,3
10302,20111,数码配件,view,1750288931,67.94,2
10148,20029,手机,view,1750278941,5701.19,1
10079,20053,数码配件,cart,1750338161,218.73,2
10373,20035,运动户外,view,1750255265,1098.28,2
10212,20182,数码配件,view,1750345826,93.18,3
10202,20079,手机,view,1750369823,4053.91,1
10251,20057,美妆,view,1750345769,172.75,3
10228,20082,美妆,cart,1750223705,552.59,3
10163,20064,美妆,view,1750291757,421.46,1
10226,20068,手机,view,1750270836,3889.96,3
10146,20127,手机,view,1750272603,4138.23,2
10019,20050,运动户外,view,1750287743,604.45,1
10440,20021,运动户外,view,1750372945,734.83,3
10401,20106,数码配件,view,1750216731,385.68,3
10046,20108,手机,view,1750280778,5514.18,3
10232,20115,图书,view,1750319534,56.6,2
10304,20100,运动户外,cart,1750245779,230.82,3
10013,20180,家电,view,1750347858,2563.97,2
10142,20099,美妆,view,1750374653,574.1,2
10414,20163,手机,view,1750237105,5775.35,1
10000,20067,手机,view,1750348330,4970.41,1
10372,20035,图书,view,1750294938,116.39,1
10053,20179,运动户外,buy,1750242143,1051.46,1
10373,20180,家电,view,1750255741,4338.99,1
10258,20177,家电,view,1750219057,3269.17,3
10143,20168,运动户外,view,1750222458,273.14,2
10470,20145,手机,view,1750291530,5902.98,2
10440,20021,家电,view,1750279546,1938.13,3
10458,20065,手机,buy,1750322934,4588.93,2
10011,20020,数码配件,view,1750244749,362.06,3
10329,20099,数码配件,view,1750317078,192.35,1
10223,20127,手机,view,1750372791,6928.3,2
10271,20043,图书,cart,1750291717,37.46,2
10455,20102,运动户外,view,1750332456,974.77,3
10357,20046,手机,view,1750278361,6033.14,1
10459,20038,数码配件,view,1750369064,380.1,1
10407,20028,美妆,view,1750337753,113.04,3
10155,20053,手机,cart,1750359474,5894.5,1
10372,20089,手机,view,1750346273,5717.35,2
10007,20084,美妆,cart,1750263338,356.07,3
10121,20016,美妆,cart,1750336166,193.72,3
10347,20079,手机,view,1750267421,5510.84,3
10163,20187,美妆,view,1750321774,,1
10089,20158,家电,view,1750243125,3263.25,3
10135,20072,美妆,view,1750262162,351.16,2
10185,20048,家电,view,1750216021,2477.74,3
10315,20100,家电,view,1750306536,4165.84,2
10177,20001,运动户外,cart,1750374806,239.9,2
10027,20175,手机,cart,1750276495,5606.86,3
10219,20141,图书,view,1750303539,94.12,3
10356,20058,运动户外,view,1750225204,853.34,3
10040,20096,图书,view,1750340163,137.94,2
10227,20098,图书,cart,1750331182,64.85,3
10191,20185,手机,view,1750248212,3694.84,1
10410,20102,手机,view,1750244184,4404.05,1
10446,20185,家电,view,1750235819,3869.21,3
10144,20178,家电,view,1750234511,2320.9,2
10200,20001,美妆,view,1750247069,247.49,3
10416,20040,运动户外,view,1750355136,243.14,3
10211,20122,家电,view,1750354816,3050.57,1
10460,20081,手机,view,1750340234,7612.23,2
10219,20143,数码配件,buy,1750279105,,1
10239,20131,家电,view,1750331066,4971.1,1
10412,20139,家电,cart,1750357537,3403.35,1
10396,20028,数码配件,view,1750294629,169.03,2
10045,20134,数码配件,view,1750305846,153.42,1
10034,20013,手机,view,1750337014,5613.56,3
10252,20011,运动户外,cart,1750251310,805.51,2
10389,20098,数码配件,view,1750344111,444.99,3
10081,20132,手机,view,1750362997,6296.96,3
10370,20080,手机,cart,1750374992,6874.35,2
10255,20105,数码配件,view,1750343688,443.67,2
10196,20031,家电,buy,1750304738,2928.49,2
10302,20073,数码配件,cart,1750355826,458.54,1
10408,20170,运动户外,view,1750265751,677.14,1
10449,20080,图书,view,1750272382,90.69,1
10009,20068,手机,cart,1750356315,6947.11,3
10311,20044,手机,view,1750258649,4875.15,3
10285,20105,图书,view,1750316492,33.86,3
10241,20136,数码配件,view,1750315834,434.74,3
10250,20176,图书,view,1750308990,148.93,1
10364,20160,运动户外,view,1750251650,757.56,2
10004,20099,数码配件,view,1750285187,164.2,3
10118,20145,图书,cart,1750240993,71.76,3
10288,20008,手机,cart,1750247213,5232.97,1
10373,20061,家电,view,1750349130,4144.32,3
10064,20184,美妆,view,1750306801,136.44,3
10145,20028,手机,cart,1750328445,7116.28,3
10223,20124,运动户外,view,1750302012,463.09,1
10238,20113,数码配件,view,1750309826,222.95,3
10176,20152,美妆,view,1750361423,598.12,1
10266,20142,家电,view,1750257676,2755.89,3
10340,20133,数码配件,view,1750361959,65.12,3
10281,20119,数码配件,view,1750214253,326.84,2
10062,20169,家电,view,1750227565,4902.58,2
10216,20156,运动户外,view,1750358437,595.14,1
10341,20078,数码配件,view,1750228436,366.63,3
10314,20092,图书,cart,1750357612,92.68,2
10282,20003,图书,buy,1750363754,55.95,1
10176,20081,运动户外,buy,1750273247,774.91,1
10460,20184,运动户外,view,1750336702,758.63,2
10416,20176,图书,buy,1750272352,124.38,3
10097,20171,数码配件,view,1750303649,249.25,3
10104,20074,运动户外,cart,1750325084,957.47,3
10098,20013,运动户外,cart,1750331145,1062.02,1
10384,20130,图书,view,1750262571,102.38,3
10404,20113,美妆,view,1750297362,321.01,3
10495,20061,数码配件,view,1750269879,424.48,2
10310,20105,手机,view,1750294451,6743.94,1
10005,20063,数码配件,buy,1750297477,264.45,1
10475,20101,数码配件,view,1750254651,476.2,2
10464,20172,美妆,view,1750274374,614.8,1
10196,20105,家电,view,1750366961,1998.78,2
10350,20185,家电,cart,1750225375,1479.51,3
10132,20019,美妆,view,1750346744,104.64,1
10357,20057,运动户外,view,1750355406,515.42,2
10258,20111,运动户外,view,1750338790,964.26,2
10436,20056,运动户外,view,1750218994,776.67,3
10022,20195,运动户外,view,1750336520,740.77,2
10484,20118,运动户外,cart,1750324651,975.9,1
10052,20096,美妆,view,1750207006,320.96,1
10164,20091,美妆,view,1750290111,506.71,2
10201,20051,数码配件,cart,1750273704,134.22,1
10457,20036,图书,view,1750300724,99.7,1
10082,20007,运动户外,view,1750302398,619.09,2
10144,20043,运动户外,view,1750239177,379.89,3
10084,20097,美妆,view,1750275565,169.91,1
10077,20132,数码配件,view,1750243032,221.4,3
10456,20117,家电,view,1750315299,1038.97,2
10365,20068,家电,buy,1750340330,4397.56,3
10000,20158,美妆,view,1750270591,440.63,3
10050,20044,数码配件,view,1750247619,94.54,1
10172,20136,家电,cart,1750369914,2906.16,1
10204,20031,运动户外,cart,1750299252,459.77,3
10259,20032,数码配件,buy,1750209999,165.97,2
10445,20125,手机,view,1750363548,6397.93,1
10448,20066,数码配件,view,1750250554,342.11,2
10368,20029,图书,view,1750321960,86.36,1
10487,20113,运动户外,view,1750242771,663.75,1
10287,20028,美妆,cart,1750370284,336.17,3
10033,20130,数码配件,view,1750225538,458.18,1
10347,20184,图书,view,1750281177,61.19,3
10094,20029,图书,view,1750321427,71.41,2
10071,20136,美妆,view,1750313324,775.87,1
10038,20153,家电,cart,1750266306,1500.16,3
10153,20129,图书,buy,1750225788,111.09,1
10249,20061,家电,view,1750328842,,3
10161,20002,手机,view,1750226623,4985.06,1
10437,20173,图书,view,1750306995,30.96,2
10117,20067,家电,view,1750369028,2136.7,1
10258,20024,家电,view,1750214015,1682.43,3
10378,20178,图书,cart,1750329621,62.28,2
10305,20140,数码配件,buy,1750240219,296.85,3
10267,20043,数码配件,view,1750370225,318.91,3
10448,20162,美妆,cart,1750372516,404.48,3
10053,20054,数码配件,view,1750346270,206.23,1
10235,20136,手机,view,1750272906,4828.92,1
10388,20129,图书,view,1750240530,88.03,2
10477,20188,图书,view,1750333756,21.08,2
10221,20040,图书,view,1750281587,75.96,3
10250,20171,家电,cart,1750254232,3192.85,2
10312,20063,数码配件,view,1750374142,162.45,2
10400,20030,运动户外,view,1750368724,279.21,1
10111,20046,数码配件,cart,1750276067,459.48,2
10254,20129,美妆,cart,1750313040,666.17,1
10302,20095,手机,view,1750371757,4447.98,2
10406,20076,数码配件,view,1750333773,365.21,1
10206,20109,图书,view,1750345039,26.45,1
10228,20068,家电,buy,1750237578,2128.46,3
10340,20057,运动户外,cart,1750244300,432.81,1
10397,20105,运动户外,view,1750335451,620.24,2
10065,20043,运动户外,view,1750225830,231.74,1
10074,20073,手机,view,1750347194,4962.11,2
10434,20055,家电,view,1750304828,4366.16,1
10102,20170,手机,buy,1750305672,6573.41,2
10421,20126,家电,cart,1750325605,1134.04,3
10191,20161,手机,view,1750328748,7910.58,2
10251,20029,美妆,buy,1750246379,755.35,3
10225,20070,美妆,view,1750341357,756.19,1
10293,20197,图书,view,1750299283,58.85,1
10305,20117,美妆,view,1750370713,179.05,2
10097,20054,图书,view,1750358074,123.27,1
10337,20066,运动户外,cart,1750215808,208.93,3
10285,20140,美妆,view,1750302159,517.35,1
10334,20002,家电,view,1750366974,1365.61,2
10346,20025,美妆,view,1750245148,348.86,3
10434,20056,数码配件,cart,1750265794,106.62,2
10446,20125,数码配件,cart,1750319807,390.51,3
10481,20151,家电,view,1750240119,2511.08,2
10307,20052,手机,view,1750282057,5187.5,3
10248,20197,美妆,view,1750347306,496.69,2
10165,20042,图书,cart,1750361740,55.79,3
10480,20187,家电,view,1750282308,1620.1,2
10471,20185,数码配件,view,1750372054,50.32,3
10334,20048,运动户外,cart,1750367259,1082.93,2
10029,20041,数码配件,view,1750377366,374.45,3
10246,20193,运动户外,view,1750349363,883.22,1
10105,20010,数码配件,view,1750289216,234.41,1
10050,20102,手机,view,1750238819,3333.4,1
10080,20097,手机,view,1750230687,5426.85,1
10132,20145,数码配件,view,1750333226,224.87,3
10284,20084,数码配件,cart,1750300837,165.17,1
10387,20099,数码配件,cart,1750259519,55.89,3
10137,20103,运动户外,buy,1750327498,1032.08,3
10183,20179,手机,view,1750313839,6717.39,2
10400,20045,美妆,view,1750343479,531.85,1
10329,20043,美妆,view,1750261396,312.73,3
10272,20021,手机,view,1750305812,4155.09,1
10339,20180,家电,view,1750368725,1995.05,1
10471,20186,数码配件,cart,1750232459,236.83,3
10068,20113,数码配件,view,1750316755,256.42,1
10033,20124,家电,cart,1750337102,3199.86,2
10261,20123,美妆,view,1750320932,798.9,2
10052,20029,图书,view,1750302244,149.59,2
10449,20007,美妆,view,1750364291,608.11,1
10204,20097,数码配件,view,1750349041,218.78,3
10125,20056,图书,view,1750308894,78.81,1
10234,20110,美妆,view,1750209073,299.14,3
10042,20072,家电,buy,1750283530,2207.37,1
10239,20114,家电,cart,1750277140,1086.81,3
10458,20019,数码配件,view,1750245357,466.67,1
10370,20024,手机,view,1750274265,3780.54,2
10110,20018,数码配件,view,1750283522,165.31,1
10248,20004,数码配件,view,1750225037,463.05,3
10150,20074,图书,cart,1750355855,42.48,1
10182,20127,数码配件,view,1750355869,66.82,2
10335,20071,手机,cart,1750292458,7609.36,2
10094,20154,运动户外,view,1750264232,1067.83,3
10458,20039,美妆,cart,1750370969,750.06,3
10373,20025,运动户外,view,1750288506,724.38,3
10399,20026,数码配件,view,1750262680,276.08,1
10007,20189,手机,view,1750321615,7986.84,3
10387,20082,数码配件,view,1750280764,149.94,2
10359,20127,家电,view,1750354599,1330.18,3
10387,20177,手机,view,1750309271,4312.79,3
10183,20169,运动户外,cart,1750240155,330.38,2
10280,20156,数码配件,view,1750354570,227.89,1
10194,20166,数码配件,view,1750269351,381.05,1
10351,20187,手机,view,1750355799,5150.33,1
10194,20168,手机,view,1750296106,5117.7,1
10154,20032,图书,view,1750284706,105.2,1
10092,20096,图书,view,1750320722,148.72,3
10159,20110,家电,view,1750266007,4696.85,1
10433,20015,美妆,view,1750227295,630.41,1
10060,20022,美妆,view,1750243512,764.26,2
10121,20134,手机,view,1750284784,7021.4,2
10050,20025,运动户外,view,1750345834,409.01,1
10402,20095,家电,view,1750348664,4001.42,2
10276,20011,数码配件,cart,1750209620,113.61,2
10004,20071,数码配件,buy,1750271766,287.06,1
10465,20132,手机,view,1750366795,6945.94,2
10091,20105,手机,view,1750222258,7725.88,2
10169,20116,美妆,view,1750299229,696.46,1
10316,20196,手机,view,1750306124,7417.01,1
10021,20176,运动户外,view,1750287494,909.69,2
10404,20025,数码配件,view,1750336042,133.89,2
10325,20132,数码配件,buy,1750269652,59.67,3
10000,20021,图书,view,1750245957,71.14,1
10132,20012,图书,view,1750284053,66.2,1
10232,20155,数码配件,view,1750272349,77.9,2
10011,20160,手机,buy,1750263935,7745.58,1
10345,20106,图书,cart,1750227814,105.4,3
10045,20022,运动户外,view,1750368777,877.99,3
10033,20096,家电,view,1750316595,3291.59,2
10432,20017,数码配件,view,1750259000,294.01,3
10077,20116,家电,view,1750257834,3736.19,1
10217,20029,图书,view,1750240255,136.82,2
10300,20025,家电,view,1750246231,3259.38,2
10410,20143,手机,view,1750235834,7743.01,1
10072,20038,图书,cart,1750212528,38.92,2
10281,20160,运动户外,buy,1750371745,503.35,3
10248,20153,图书,view,1750239283,44.43,1
10046,20175,手机,cart,1750274756,6059.91,3
10120,20192,数码配件,view,1750265332,318.36,3
10213,20165,手机,view,1750329738,6440.71,1
10238,20129,数码配件,cart,1750375080,260.94,2
10055,20112,家电,cart,1750240848,2965.78,1
10349,20133,家电,view,1750208735,2634.36,2
10106,20045,运动户外,view,1750257971,,1
10318,20049,手机,view,1750319955,7773.5,3
10047,20165,运动户外,view,1750269492,1066.77,2
10060,20105,运动户外,cart,1750304512,807.93,3
10336,20145,图书,view,1750354729,142.09,3
10025,20154,数码配件,view,1750214895,444.1,3
10291,20168,手机,view,1750215919,7135.05,1
10256,20071,数码配件,view,1750215089,492.72,3
10007,20073,运动户外,view,1750217722,830.65,1
10112,20016,图书,view,1750279750,134.97,2
10354,20189,家电,view,1750219099,3452.54,3
10252,20156,数码配件,buy,1750374171,258.61,2
10179,20185,手机,cart,1750358271,3565.86,3
10206,20069,数码配件,view,1750322997,236.1,1
10302,20149,家电,view,1750257735,4586.47,2
10126,20005,手机,view,1750247790,6458.59,3
10055,20025,美妆,view,1750322607,179.92,3
10213,20166,图书,view,1750338930,111.95,3
10013,20139,家电,view,1750249596,2522.43,2
10473,20098,数码配件,cart,1750247299,438.2,1
10027,20141,家电,cart,1750285556,1205.24,2
10470,20021,美妆,cart,1750369020,412.38,1
10077,20050,手机,cart,1750205726,7802.17,3
10215,20150,图书,view,1750335516,84.69,3
10385,20175,手机,view,1750261652,5467.33,3
10364,20198,美妆,view,1750225615,387.11,3
10153,20103,数码配件,view,1750277705,446.98,3
10013,20177,美妆,view,1750217623,677.68,1
10186,20088,家电,view,1750242909,2396.08,1
10311,20140,美妆,view,1750291598,522.3,1
10370,20137,手机,view,1750247093,7968.68,3
10006,20182,图书,view,1750360767,109.9,3
10002,20008,数码配件,view,1750356572,254.9,2
10110,20078,手机,view,1750301418,4496.47,2
10406,20051,手机,cart,1750221819,7216.55,2
10237,20129,运动户外,view,1750276737,894.62,2
10362,20152,数码配件,view,1750259601,144.43,3
10238,20012,手机,view,1750369682,6648.64,3
10492,20050,手机,view,1750280084,6443.27,2
10273,20185,数码配件,cart,1750355570,166.85,3
10293,20033,图书,buy,1750334927,99.86,3
10226,20034,美妆,view,1750251961,444.75,3
10370,20130,家电,cart,1750205214,4917.03,1
10014,20119,手机,view,1750259150,6983.66,3
10191,20186,运动户外,view,1750351709,533.79,3
10472,20069,家电,view,1750278626,1804.75,2
10118,20175,手机,view,1750289714,5533.45,1
10484,20191,手机,view,1750353939,4706.81,3
10027,20146,手机,cart,1750293388,3970.08,3
10201,20066,运动户外,buy,1750374053,997.25,1
10038,20102,运动户外,view,1750345562,660.62,2
10440,20072,运动户外,cart,1750219485,613.95,3
10272,20115,图书,view,1750350336,108.17,3
10230,20132,手机,view,1750297492,6427.47,1
10085,20066,家电,view,1750303167,1124.69,3
10473,20138,数码配件,cart,1750306922,306.94,1
10125,20120,数码配件,view,1750285614,402.05,3
10299,20093,图书,cart,1750227553,55.29,2
10024,20195,家电,view,1750284132,4317.83,1
10144,20196,数码配件,view,1750214602,100.5,1
10012,20128,手机,view,1750331327,3124.67,3
10211,20090,家电,view,1750342065,4694.55,2
10024,20091,图书,view,1750340104,133.33,3
10067,20062,家电,view,1750306403,1146.21,3
10393,20028,数码配件,view,1750216342,189.94,3
10066,20011,数码配件,cart,1750216895,199.98,1
10232,20076,数码配件,cart,1750210693,385.5,3
10108,20040,图书,view,1750257374,47.28,1
10145,20129,图书,view,1750320435,61.49,3
10110,20036,手机,view,1750234805,3787.48,1
10227,20172,数码配件,view,1750347020,96.07,2
10110,20175,数码配件,view,1750279056,113.7,3
10469,20023,家电,view,1750293598,2245.51,3
10033,20098,运动户外,view,1750218026,228.99,1
10110,20149,运动户外,view,1750251719,626.47,3
10263,20099,数码配件,cart,1750321673,333.26,3
10423,20138,图书,view,1750344649,126.27,1
10368,20057,运动户外,view,1750327555,292.92,1
10235,20173,运动户外,view,1750326800,844.42,2
10082,20028,家电,buy,1750366527,1574.89,2
10041,20162,图书,view,1750291393,110.95,2
10424,20142,运动户外,view,1750234392,265.37,2
10100,20059,运动户外,view,1750296187,370.8,3
10005,20094,数码配件,view,1750232844,96.32,2
10179,20041,数码配件,view,1750344456,406.59,2
10281,20042,运动户外,view,1750268682,438.58,3
10319,20073,家电,buy,1750294116,2535.27,1
10225,20176,美妆,view,1750318925,649.02,3
10442,20191,图书,view,1750225219,50.7,3
10439,20159,美妆,view,1750360032,440.64,3
10314,20063,运动户外,view,1750321510,297.65,1
10364,20001,图书,buy,1750233306,29.05,3
10453,20151,数码配件,cart,1750334376,220.51,3
10228,20065,美妆,view,1750241216,252.33,3
10376,20165,美妆,cart,1750243916,629.95,2
10288,20030,数码配件,view,1750322020,327.01,1
10436,20114,家电,view,1750354294,2266.39,3
10149,20025,图书,buy,1750295046,141.77,1
10276,20028,数码配件,view,1750310757,493.89,1
10197,20194,图书,view,1750218727,137.14,1
10069,20077,美妆,view,1750233556,785.09,2
10111,20024,手机,view,1750308155,6511.11,3
10003,20047,图书,cart,1750318882,72.78,3
10349,20064,家电,view,1750254142,2899.49,3
10330,20180,运动户外,cart,1750314175,560.29,1
10445,20066,图书,buy,1750240000,107.11,1
10317,20089,手机,view,1750332385,3719.98,3
10349,20145,运动户外,buy,1750240771,335.78,3
10094,20136,运动户外,cart,1750363247,1093.58,2
10151,20037,数码配件,view,1750349516,279.24,2
10310,20086,运动户外,view,1750363285,385.79,1
10136,20148,数码配件,view,1750336325,378.91,2
10246,20064,运动户外,buy,1750213571,776.35,1
10386,20148,数码配件,view,1750356913,215.86,2
10242,20026,美妆,view,1750342794,611.13,2
10030,20105,运动户外,view,1750364726,723.36,1
10039,20122,家电,view,1750225268,3966.74,3
10228,20197,美妆,view,1750365504,505.74,1
10035,20043,图书,view,1750323822,21.4,3
10407,20099,运动户外,view,1750297314,531.51,2
10222,20027,图书,view,1750361466,110.36,3
10005,20172,图书,cart,1750220900,93.28,3
10321,20016,运动户外,view,1750376850,772.86,2
10467,20126,美妆,view,1750226429,300.77,1
10219,20122,数码配件,view,1750270873,402.69,1
10074,20167,数码配件,view,1750208523,436.04,3
10003,20130,手机,view,1750244419,7550.66,3
10334,20075,运动户外,view,1750266717,,2
10133,20193,家电,cart,1750294675,4448.06,1
10117,20045,家电,view,1750334809,4286.9,2
10368,20157,运动户外,view,1750371936,640.19,1
10093,20068,家电,view,1750219041,4367.33,3
10485,20136,图书,cart,1750248735,35.08,2
10434,20084,运动户外,view,1750344397,676.27,1
10061,20010,运动户外,view,1750273645,590.07,1
10440,20068,数码配件,cart,1750322455,55.34,2
10193,20098,美妆,view,1750215552,471.18,1
10334,20090,数码配件,view,1750317990,480.28,3
10202,20193,美妆,cart,1750274815,334.48,1
10391,20158,图书,view,1750268185,70.85,3
10025,20160,美妆,view,1750293249,236.45,3
10434,20166,美妆,buy,1750207572,319.29,3
10172,20093,手机,cart,1750230411,3059.81,3
10299,20173,手机,view,1750279064,4757.58,2
10132,20164,家电,view,1750219711,3477.59,3
10325,20114,美妆,cart,1750361925,251.78,3
10409,20187,手机,cart,1750363314,3599.89,1
10117,20030,运动户外,view,1750353191,1099.9,1
10323,20010,手机,view,1750327209,4266.68,3
10274,20086,手机,view,1750277252,7613.48,2
10211,20120,美妆,buy,1750289578,638.92,2
10224,20129,家电,cart,1750221154,2109.15,2
10019,20104,运动户外,view,1750274180,260.06,1
10112,20026,运动户外,view,1750257404,1179.42,3
10139,20001,运动户外,view,1750242515,692.06,3
10046,20102,运动户外,view,1750320557,843.34,3
10000,20100,图书,view,1750354574,29.48,3
10089,20020,图书,cart,1750335269,22.44,1
10141,20057,美妆,view,1750307162,753.03,2
10319,20132,家电,cart,1750355438,4618.47,1
10037,20179,数码配件,cart,1750330141,396.95,2
10292,20172,运动户外,cart,1750223176,980.94,3
10381,20084,家电,view,1750331170,4816.62,1
10138,20092,数码配件,view,1750292209,496.22,3
10355,20019,图书,view,1750374426,102.2,1
10332,20060,图书,view,1750225891,144.92,2
10490,20037,图书,view,1750215110,42.96,2
10258,20147,美妆,view,1750232788,587.12,3
10160,20024,美妆,view,1750370682,159.4,2
10389,20129,美妆,view,1750211449,124.99,3
10177,20120,数码配件,view,1750346502,224.95,3
10009,20159,图书,view,1750322583,145.44,1
10260,20025,手机,view,1750216023,4688.59,2
10406,20197,手机,view,1750341932,6269.25,2
10137,20168,美妆,cart,1750356672,475.59,1
10171,20066,手机,view,1750376198,3707.95,1
10385,20000,运动户外,buy,1750268417,818.37,3
10012,20050,美妆,view,1750217896,220.57,2
10167,20004,手机,view,1750359738,3853.45,1
10129,20012,手机,view,1750366183,5974.89,1
10083,20146,手机,cart,1750310184,5131.06,2
10320,20139,手机,buy,1750240800,5879.84,2
10318,20047,家电,cart,1750292750,3372.34,1
10100,20152,手机,view,1750248853,6787.75,3
10328,20056,图书,view,1750357364,77.03,1
10272,20114,家电,view,1750365347,4389.47,2
10264,20034,家电,view,1750206464,2947.87,1
10458,20075,家电,buy,1750360442,3826.96,2
10398,20093,运动户外,view,1750329583,992.24,3
10407,20004,家电,view,1750341924,3559.3,2
10037,20021,运动户外,view,1750214662,374.55,3
10418,20102,家电,cart,1750227874,3448.2,3
10093,20184,图书,view,1750266571,20.59,1
10094,20174,手机,buy,1750367046,7883.96,2
10304,20181,数码配件,view,1750369023,258.9,3
10068,20130,家电,view,1750243916,1774.88,3
10317,20123,运动户外,view,1750216102,359.76,1
10443,20052,美妆,view,1750270698,246.71,2
10235,20158,数码配件,cart,1750216155,391.28,1
10433,20068,美妆,view,1750246230,476.15,1
10333,20103,运动户外,view,1750266482,270.86,3
10372,20160,运动户外,view,1750256901,525.97,3
10375,20199,美妆,cart,1750233670,261.04,2
10458,20177,家电,view,1750257217,3950.99,2
10136,20015,家电,view,1750219044,3340.37,2
10417,20115,家电,view,1750251477,3437.73,2
10075,20075,图书,view,1750370480,113.58,2
10482,20108,图书,view,1750353872,36.54,1
10034,20038,图书,view,1750325013,130.71,2
10000,20088,家电,cart,1750282174,1879.41,3
10295,20173,家电,cart,1750365108,3552.0,1
10319,20111,数码配件,buy,1750227468,434.75,2
10405,20046,数码配件,view,1750359879,498.05,2
10059,20171,运动户外,view,1750269458,930.02,1
10319,20136,图书,view,1750359929,48.91,1
10348,20127,数码配件,cart,1750216393,238.0,1
10327,20177,运动户外,cart,1750316394,704.22,3
10266,20076,运动户外,view,1750230489,998.02,2
10360,20187,运动户外,view,1750208056,758.49,3
10228,20014,美妆,view,1750298753,252.6,2
10269,20035,家电,view,1750330572,1362.92,3
10315,20062,图书,view,1750354321,79.71,3
10285,20068,数码配件,view,1750241139,254.68,3
10290,20168,运动户外,view,1750369114,1071.55,2
10212,20073,美妆,view,1750223333,702.27,2
10164,20023,美妆,view,1750316447,122.9,2
10004,20048,美妆,buy,1750259102,479.7,3
10338,20145,手机,view,1750219168,4678.47,3
10378,20006,美妆,view,1750305189,136.09,2
10077,20003,运动户外,view,1750250745,565.57,3
10409,20089,数码配件,cart,1750258464,302.34,1
10061,20196,图书,view,1750330234,34.76,3
10131,20059,数码配件,cart,1750263897,366.28,2
10088,20054,图书,cart,1750315668,85.46,2
10236,20015,手机,view,1750332261,4726.13,3
10041,20028,数码配件,cart,1750344235,261.57,3
10088,20150,数码配件,cart,1750301307,253.39,3
10401,20013,美妆,cart,1750222003,758.61,1
10295,20078,运动户外,view,1750251674,590.68,2
10327,20176,手机,view,1750243585,4379.71,2
10294,20032,家电,cart,1750369236,3082.75,1
10103,20152,图书,view,1750239410,108.71,2
10013,20020,图书,view,1750210431,115.9,2
10287,20144,家电,view,1750265703,4487.17,3
10178,20022,美妆,view,1750376703,505.09,3
10124,20056,图书,view,1750343779,106.56,3
10421,20185,运动户外,view,1750285145,767.25,1
10352,20141,图书,view,1750280335,68.35,1
10022,20092,家电,view,1750248411,2823.71,3
10062,20019,家电,cart,1750250769,2140.99,3
10142,20157,美妆,buy,1750247071,656.12,1
10480,20018,手机,view,1750237954,4583.13,2
10152,20180,图书,view,1750213893,46.67,3
10144,20102,图书,buy,1750322352,39.23,3
10224,20183,家电,view,1750211333,1485.96,2
10494,20076,运动户外,cart,1750288743,1147.79,1
10449,20150,手机,buy,1750337814,5730.73,2
10461,20189,美妆,cart,1750280776,431.74,3
10308,20032,美妆,view,1750320695,495.66,2
10103,20017,美妆,view,1750215306,435.29,1
10103,20072,美妆,view,1750310084,315.66,3
10434,20160,家电,view,1750219226,1369.92,3
10038,20159,美妆,view,1750277656,468.5,1
10434,20188,手机,view,1750227705,7247.26,3
10197,20181,运动户外,view,1750363417,517.76,3
10133,20016,手机,buy,1750243583,4805.32,3
10066,20018,运动户外,view,1750279419,572.83,2
10390,20069,图书,view,1750351871,77.92,1
10178,20119,家电,cart,1750313749,2776.88,2
10455,20100,图书,view,1750315905,114.64,3
10041,20033,运动户外,view,1750227364,787.18,1
10447,20083,家电,view,1750342504,4953.53,2
10499,20152,手机,buy,1750303306,5953.39,1
10014,20195,手机,view,1750313462,7572.05,1
10110,20073,数码配件,view,1750240694,305.56,1
10156,20087,家电,cart,1750333404,2157.85,1
10288,20084,图书,cart,1750351412,59.51,3
10499,20010,运动户外,view,1750245176,991.22,2
10477,20090,图书,buy,1750328673,128.45,1
10230,20143,美妆,view,1750251821,301.38,2
10410,20188,美妆,view,1750277470,119.91,2
10419,20126,手机,view,1750330756,4808.8,3
10156,20112,运动户外,cart,1750329591,828.0,3
10037,20079,手机,view,1750209399,6664.79,2
10440,20006,家电,view,1750325659,1584.55,3
10096,20015,家电,view,1750299476,1211.55,2
10484,20015,美妆,buy,1750280784,349.19,2
10410,20167,数码配件,view,1750255607,84.57,3
10438,20011,家电,cart,1750248613,3395.05,3
10288,20034,图书,cart,1750283724,127.49,2
10253,20020,美妆,view,1750344895,353.77,3
10195,20177,图书,cart,1750340635,21.68,2
10085,20170,图书,cart,1750247537,73.56,1
10321,20016,家电,view,1750254192,1884.45,3
10009,20031,数码配件,view,1750344285,478.62,3
10004,20040,数码配件,cart,1750314204,411.16,2
10122,20133,手机,view,1750209355,3656.16,2
10329,20026,图书,view,1750320651,67.13,3
10352,20147,数码配件,cart,1750284671,203.92,1
10117,20152,美妆,cart,1750242118,255.65,3
10293,20065,家电,view,1750225405,1839.36,2
10396,20136,美妆,cart,1750209729,178.21,2
10158,20091,运动户外,view,1750339405,307.82,3
10302,20180,手机,view,1750216145,7542.65,1
10227,20060,图书,view,1750237251,118.09,3
10364,20165,家电,view,1750296952,1800.1,1
10215,20002,手机,view,1750277512,6730.99,3
10435,20197,图书,view,1750365482,131.17,1
10183,20102,数码配件,view,1750356354,94.6,1
10014,20054,数码配件,view,1750278687,136.2,1
10156,20000,数码配件,view,1750260902,376.41,3
10135,20100,美妆,view,1750253329,588.69,2
10260,20197,美妆,buy,1750297814,226.59,2
10156,20044,运动户外,view,1750234381,427.55,2
10046,20174,手机,view,1750334775,5598.64,2
10323,20025,美妆,view,1750226360,605.5,2
10331,20120,运动户外,view,1750362188,483.61,3
10172,20141,图书,view,1750264011,129.34,3
10129,20181,运动户外,view,1750254288,1055.37,1
10410,20198,运动户外,buy,1750208151,567.44,3
10094,20045,运动户外,view,1750341812,596.37,3
10114,20121,美妆,view,1750309821,200.36,3
10242,20030,数码配件,buy,1750249029,383.64,1
10419,20058,图书,buy,1750360765,64.02,2
10291,20028,手机,view,1750335638,5123.52,2
10281,20105,美妆,cart,1750373576,,2
10298,20016,图书,view,1750310822,98.41,2
10282,20141,数码配件,view,1750233121,395.6,1
10068,20163,图书,view,1750240086,50.01,1
10147,20185,手机,cart,1750335383,7151.56,3
10010,20023,手机,buy,1750290509,4913.16,1
10253,20108,图书,view,1750224858,32.52,3
10329,20190,数码配件,cart,1750257735,406.73,2
10359,20090,美妆,view,1750346996,453.36,2
10037,20024,数码配件,view,1750213083,478.66,2
10133,20186,手机,view,1750303454,4572.8,2
10199,20031,运动户外,view,1750284241,376.87,3
10022,20115,家电,view,1750306795,1537.95,2
10302,20081,手机,view,1750349971,5452.77,3
10345,20109,数码配件,view,1750245775,264.16,3
10301,20145,手机,view,1750303837,5473.46,3
10362,20036,美妆,view,1750288812,784.45,1
10395,20025,手机,view,1750300852,3640.99,2
10217,20136,美妆,view,1750368680,635.64,2
10140,20063,运动户外,view,1750298481,545.14,2
10103,20071,图书,view,1750266304,51.75,3
10445,20147,图书,view,1750221970,138.35,2
10209,20181,手机,view,1750290289,3098.56,1
10472,20105,运动户外,view,1750339741,622.47,2
10480,20085,图书,view,1750210629,81.06,2
10110,20157,运动户外,view,1750230418,522.42,2
10103,20052,手机,view,1750335015,4029.54,3
10315,20091,美妆,view,1750300045,530.38,2
10170,20098,家电,view,1750224544,4389.34,3
10459,20190,家电,view,1750355145,1190.13,2
10491,20010,家电,view,1750356369,4831.76,1
10355,20030,数码配件,view,1750344015,80.27,2
10495,20176,运动户外,view,1750375596,995.65,2
10323,20099,数码配件,cart,1750346344,244.81,2
10132,20086,家电,view,1750339900,2005.06,2
10375,20146,美妆,cart,1750209676,226.42,3
10292,20139,美妆,view,1750335663,230.58,1
10327,20014,美妆,buy,1750327298,619.55,2
10126,20158,美妆,view,1750318498,530.1,3
10105,20170,美妆,view,1750300292,465.59,2
10496,20100,家电,view,1750283515,3985.73,2
10091,20164,运动户外,view,1750221689,1030.21,3
10286,20028,家电,cart,1750280047,2067.74,3
10377,20113,家电,view,1750311195,3404.93,1
10392,20106,手机,view,1750286206,3138.52,2
10050,20153,运动户外,view,1750374386,636.13,1
10028,20107,家电,view,1750272537,1545.72,2
10461,20129,美妆,view,1750215870,551.01,3
10295,20083,运动户外,cart,1750226801,255.33,2
10296,20014,数码配件,view,1750311494,78.61,2
10213,20131,美妆,view,1750241647,163.21,1
10266,20049,手机,view,1750236425,5501.24,3
10406,20165,美妆,cart,1750342493,764.77,2
10256,20022,运动户外,cart,1750236854,438.08,2
10301,20058,图书,cart,1750266649,115.84,2
10100,20089,家电,view,1750276770,1700.62,2
10404,20114,运动户外,view,1750333344,789.48,3
10345,20074,图书,view,1750347863,34.68,2
10109,20155,运动户外,view,1750242787,1163.32,2
10419,20193,运动户外,cart,1750210324,1021.37,3
10181,20122,数码配件,view,1750219132,382.75,3
10470,20135,美妆,view,1750285872,486.91,3
10312,20156,美妆,view,1750236795,668.58,3
10000,20138,家电,cart,1750307816,2553.88,2
10318,20017,图书,view,1750266524,126.95,2
10437,20182,家电,cart,1750319840,1640.91,3
10054,20049,图书,cart,1750311306,119.68,1
10370,20141,图书,cart,1750333694,127.02,2
10423,20117,美妆,view,1750315520,688.81,1
10398,20136,家电,view,1750297037,3025.34,2
10148,20138,数码配件,cart,1750290460,296.48,2
10430,20190,美妆,view,1750372989,136.47,1
10456,20107,美妆,view,1750205606,548.77,2
10308,20066,家电,view,1750226356,2254.89,1
10136,20180,家电,view,1750374978,3854.26,1
10201,20166,数码配件,view,1750288528,406.69,2
10435,20077,运动户外,cart,1750250276,333.51,3
10312,20183,数码配件,cart,1750256878,409.79,1
10116,20155,运动户外,view,1750303712,593.49,3
10153,20074,家电,view,1750351215,1091.88,3
10424,20038,数码配件,view,1750326021,458.08,1
10290,20024,图书,cart,1750309928,41.94,3
10062,20020,运动户外,view,1750301248,349.25,1
10243,20137,数码配件,view,1750318874,373.36,2
10024,20170,美妆,view,1750258053,257.14,1
10089,20014,图书,view,1750238930,84.24,2
10074,20047,家电,view,1750278978,4980.83,3
10293,20085,美妆,view,1750243058,226.26,1
10385,20148,图书,buy,1750323020,50.61,1
10390,20187,图书,view,1750227275,104.14,1
10209,20115,运动户外,view,1750309016,523.25,3
10474,20049,家电,cart,1750361351,3833.81,2
10417,20150,手机,view,1750292057,3293.76,1
10346,20140,运动户外,buy,1750361622,1196.74,3
10016,20068,美妆,cart,1750337062,103.75,3
10127,20003,运动户外,view,1750302029,594.7,1
10426,20077,数码配件,view,1750249329,130.72,3
10442,20199,运动户外,buy,1750239381,1077.9,1
10363,20008,图书,cart,1750273063,76.28,1
10250,20120,图书,view,1750278462,36.62,3
10178,20114,图书,buy,1750273800,56.78,3
10181,20162,图书,view,1750248049,76.65,2
10151,20100,美妆,buy,1750244453,634.57,3
10024,20148,美妆,view,1750254324,407.99,1
10454,20185,手机,view,1750273016,3179.31,1
10179,20145,美妆,view,1750334537,181.22,1
10197,20096,运动户外,view,1750331992,909.03,2
10343,20199,运动户外,view,1750243611,919.76,1
10160,20080,图书,view,1750252157,132.86,1
10176,20042,美妆,view,1750358331,290.95,1
10284,20094,数码配件,buy,1750354428,51.86,1
10062,20005,运动户外,buy,1750335376,446.16,3
10490,20066,手机,cart,1750236779,3129.81,2
10149,20139,图书,view,1750289613,143.66,1
10153,20099,手机,view,1750330591,7153.5,2
10155,20011,美妆,buy,1750206321,515.94,2
10369,20065,手机,view,1750289974,7754.48,3
10468,20001,美妆,buy,1750238700,657.92,1
10048,20142,手机,cart,1750219358,4414.77,3
10454,20150,手机,view,1750229061,6011.46,2
10336,20156,图书,view,1750309373,145.46,1
10083,20080,手机,cart,1750310285,3814.7,2
10360,20134,美妆,cart,1750236415,557.85,2
10176,20155,运动户外,cart,1750286091,935.89,3
10147,20141,数码配件,view,1750301126,349.48,3
10117,20171,家电,view,1750329695,4541.65,2
10341,20157,数码配件,view,1750315565,90.6,2
10475,20159,数码配件,view,1750229165,333.81,1
10062,20069,数码配件,view,1750263580,258.59,3
10188,20114,美妆,cart,1750343022,751.47,3
10359,20087,美妆,view,1750319450,303.49,1
10048,20005,运动户外,view,1750283550,1184.19,1
10326,20026,数码配件,view,1750349239,305.84,1
10256,20081,手机,view,1750313070,5553.26,1
10223,20087,运动户外,view,1750271222,768.48,2
10140,20119,图书,view,1750209064,119.92,1
10477,20023,美妆,view,1750252564,225.69,2
10214,20101,手机,view,1750282826,7383.78,2
10434,20033,数码配件,cart,1750322751,390.81,3
10378,20167,图书,view,1750253871,139.35,1
10439,20046,家电,view,1750272778,4928.74,3
10210,20023,手机,view,1750308329,3089.58,1
10317,20064,手机,view,1750310992,5385.6,3
10031,20017,美妆,view,1750366935,440.71,3
10157,20043,图书,view,1750308346,145.21,2
10284,20075,手机,view,1750234137,3069.38,1
10304,20056,美妆,buy,1750259648,701.31,2
10428,20106,美妆,view,1750368917,269.25,3
10476,20155,家电,view,1750243640,4078.88,2
10285,20123,运动户外,view,1750244756,366.11,3
10143,20198,美妆,view,1750209945,439.53,2
10423,20150,数码配件,view,1750307490,182.67,1
10018,20161,图书,view,1750317990,101.95,2
10017,20138,运动户外,cart,1750350107,795.84,2
10256,20162,手机,view,1750359737,5430.5,3
10077,20115,数码配件,buy,1750332700,457.28,1
10370,20092,美妆,view,1750355900,113.31,2
10174,20041,数码配件,view,1750314150,451.79,2
10497,20027,手机,view,1750295702,7694.82,2
10193,20122,美妆,view,1750255184,212.93,2
10475,20023,图书,view,1750358851,85.99,3
10112,20135,图书,buy,1750377017,130.95,2
10113,20105,家电,cart,1750307133,3891.98,2
10221,20117,美妆,view,1750328617,352.18,1
10165,20052,数码配件,view,1750227394,360.81,3
10434,20199,运动户外,view,1750363593,399.48,2
10318,20131,手机,cart,1750334227,7715.27,2
10131,20099,家电,view,1750209552,1188.2,2
10384,20004,图书,view,1750336783,40.62,1
10263,20048,手机,view,1750264225,3569.85,1
10412,20097,数码配件,view,1750294013,166.02,2
10054,20029,手机,cart,1750244430,5785.11,3
10358,20071,数码配件,view,1750218017,96.86,2
10130,20102,运动户外,buy,1750232558,955.76,3
10287,20062,数码配件,cart,1750352248,476.32,1
10265,20174,数码配件,view,1750258640,333.47,2
10457,20025,家电,cart,1750337417,3832.65,2
10466,20184,美妆,cart,1750300151,208.01,2
10365,20036,家电,view,1750313786,1807.56,1
10161,20006,家电,cart,1750279971,2894.65,3
10379,20126,家电,view,1750313592,2489.75,2
10480,20167,美妆,view,1750343644,206.13,2
10086,20091,家电,view,1750312097,2715.29,2
10054,20166,数码配件,cart,1750212602,212.8,2
10475,20189,家电,cart,1750340419,3870.5,1
10287,20102,手机,view,1750247876,5008.25,2
10177,20052,手机,view,1750372956,3185.47,1
10390,20131,数码配件,view,1750341056,334.22,2
10348,20107,运动户外,view,1750349925,880.87,2
10007,20111,美妆,cart,1750206871,736.46,2
10320,20152,数码配件,view,1750310689,116.09,2
10312,20006,美妆,view,1750366854,481.1,3
10246,20155,运动户外,view,1750374867,1087.67,2
10322,20196,家电,cart,1750345684,1337.12,2
10471,20066,运动户外,cart,1750237831,940.05,3
10470,20107,数码配件,view,1750349447,91.77,2
10442,20110,数码配件,view,1750210939,336.06,1
10254,20147,数码配件,view,1750284476,158.6,3
10327,20082,运动户外,buy,1750220514,310.44,2
10053,20123,图书,view,1750217312,66.08,3
10248,20138,手机,view,1750206166,5862.18,2
10238,20103,图书,buy,1750357261,124.7,3
10228,20066,美妆,cart,1750344598,539.42,3
10066,20006,家电,view,1750354947,2138.14,3
10050,20150,家电,cart,1750269715,3078.67,1
10096,20188,图书,view,1750299504,45.03,2
10091,20198,手机,view,1750312817,5128.46,1
10494,20109,手机,view,1750329646,7442.55,1
10263,20033,运动户外,view,1750310379,876.82,3
10417,20105,数码配件,view,1750273925,227.65,3
10290,20146,运动户外,view,1750333130,1196.51,3
10095,20057,运动户外,cart,1750238124,344.35,2
10087,20008,美妆,view,1750339328,777.62,3
10077,20047,手机,view,1750213347,5277.16,3
10287,20114,家电,buy,1750235933,2477.33,3
10119,20040,运动户外,view,1750280714,569.59,1
10301,20047,数码配件,view,1750302962,217.16,2
10490,20172,图书,view,1750242061,122.86,3
10399,20024,运动户外,view,1750279113,,1
10451,20115,家电,cart,1750236867,2955.17,3
10499,20077,图书,view,1750330937,25.81,3
10164,20107,图书,view,1750303708,137.04,2
10181,20024,美妆,cart,1750241112,192.97,3
10468,20146,美妆,view,1750322522,414.95,1
10397,20038,美妆,view,1750368270,659.87,2
10222,20118,运动户外,view,1750346618,595.4,1
10310,20078,美妆,cart,1750374123,615.14,1
10431,20079,家电,cart,1750285762,3287.98,3
10465,20026,美妆,view,1750255243,491.55,3
10006,20103,数码配件,view,1750354286,73.79,3
10329,20073,家电,cart,1750209692,3010.56,1
10262,20190,美妆,buy,1750209773,225.82,2
10160,20067,家电,view,1750356726,3822.47,2
10150,20146,手机,cart,1750310128,6034.27,3
10084,20027,手机,view,1750293917,7669.24,2
10146,20122,家电,view,1750287999,4438.59,2
10111,20160,图书,view,1750346824,147.37,1
10380,20137,图书,view,1750228295,53.22,1
10402,20082,图书,buy,1750220243,108.22,3
10035,20029,图书,view,1750282925,112.73,2
10284,20021,手机,view,1750289791,5064.11,2
10187,20002,运动户外,buy,1750218399,1099.5,1
10081,20100,家电,cart,1750334031,3344.12,3
10001,20104,数码配件,view,1750220694,101.79,2
10384,20175,运动户外,view,1750212377,265.46,2
10302,20001,美妆,view,1750275358,720.31,3
10196,20053,数码配件,view,1750350213,160.84,3
10403,20005,家电,view,1750226796,,3
10010,20106,数码配件,view,1750302659,485.56,3
10233,20167,家电,cart,1750315884,3150.14,3
10385,20122,运动户外,view,1750367520,1012.64,2
10194,20001,美妆,buy,1750331202,100.38,2
10470,20110,数码配件,view,1750296922,356.0,3
10118,20001,家电,view,1750216723,3041.31,1
10395,20092,美妆,view,1750228318,148.95,2
10019,20182,美妆,view,1750350677,197.76,2
10260,20199,运动户外,view,1750288241,704.82,3
10292,20100,图书,view,1750323477,147.35,2
10421,20187,家电,view,1750260013,2286.55,2
10255,20096,数码配件,view,1750239855,461.31,3
10221,20110,手机,view,1750207310,3021.4,3
10392,20005,家电,view,1750332982,4581.07,2
10225,20126,数码配件,view,1750375525,444.52,1
10052,20103,数码配件,view,1750321500,424.44,3
10427,20146,手机,view,1750362430,7063.91,2
10354,20154,运动户外,view,1750207010,967.97,1
10499,20000,运动户外,view,1750207254,392.99,1
10341,20032,美妆,view,1750298600,296.79,1
10363,20039,手机,cart,1750262772,6126.18,1
10279,20031,运动户外,buy,1750333994,236.8,3
10080,20196,美妆,view,1750372162,104.99,2
10201,20016,手机,cart,1750334302,5845.51,1
10157,20125,数码配件,view,1750362865,382.47,3
10119,20007,家电,view,1750221852,1512.99,1
10058,20056,图书,buy,1750341922,131.21,3
10493,20041,图书,view,1750344507,108.14,3
10214,20097,图书,view,1750205312,134.8,2
10127,20136,美妆,view,1750289472,555.02,2
10223,20119,运动户外,view,1750327112,880.17,2
10208,20086,图书,view,1750263663,25.65,1
10369,20162,图书,buy,1750287700,89.21,1
10114,20198,运动户外,view,1750354699,281.81,1
10208,20180,美妆,view,1750224314,582.68,1
10013,20053,家电,view,1750368900,2243.22,3
10008,20083,手机,view,1750211097,5159.74,3
10039,20024,美妆,buy,1750269589,688.36,1
10449,20066,运动户外,view,1750219069,540.8,2
10236,20189,数码配件,cart,1750362077,474.6,3
10280,20182,运动户外,cart,1750356564,825.35,1
10358,20173,手机,buy,1750303731,7583.57,2
10200,20151,美妆,view,1750320646,189.28,1
10245,20045,图书,view,1750231493,76.14,3
10277,20021,手机,view,1750304796,4474.58,2
10234,20138,手机,view,1750361975,5055.54,3
10493,20175,数码配件,view,1750317025,222.76,3
10003,20007,数码配件,view,1750211608,342.91,2
10153,20038,数码配件,view,1750231719,136.62,1
10441,20162,数码配件,cart,1750255554,316.8,3
10028,20048,家电,view,1750315164,2025.14,2
10108,20045,美妆,view,1750240890,230.15,1
10097,20037,手机,view,1750339312,5922.61,3
10214,20135,图书,view,1750242974,135.08,1
10292,20053,运动户外,view,1750301486,542.9,1
10074,20164,数码配件,view,1750219825,355.24,1
10325,20091,数码配件,cart,1750219114,301.75,2
10145,20039,图书,view,1750257559,46.05,1
10127,20033,图书,view,1750327326,81.84,3
10340,20095,美妆,view,1750292791,504.89,3
10041,20078,图书,view,1750323892,41.1,1
10355,20126,运动户外,view,1750263264,203.7,3
10040,20016,家电,view,1750330824,1852.55,3
10421,20160,图书,cart,1750309739,68.87,1
10033,20174,手机,view,1750212668,3368.66,3
10016,20109,手机,view,1750370300,5202.04,3
10164,20051,图书,view,1750256658,23.86,2
10152,20117,家电,view,1750250487,2048.0,2
10485,20008,数码配件,view,1750250957,138.19,2
10377,20032,手机,view,1750304132,6387.26,3
10075,20187,手机,view,1750324391,4051.19,1
10086,20112,图书,cart,1750342930,105.92,3
10116,20148,运动户外,cart,1750242662,265.38,1
10361,20185,家电,view,1750302908,2512.78,2
10341,20084,数码配件,view,1750216909,336.26,3
10468,20196,数码配件,view,1750243745,290.96,2
10026,20009,家电,view,1750237950,4182.45,3
10312,20005,数码配件,cart,1750226140,144.16,2
10286,20114,美妆,view,1750306542,217.2,3
10133,20120,数码配件,view,1750251723,283.5,2
10218,20140,美妆,view,1750334506,586.16,2
10167,20064,图书,view,1750357887,102.95,3
10097,20019,手机,view,1750323310,7474.42,1
10267,20056,运动户外,view,1750303650,625.02,3
10236,20045,家电,buy,1750349123,2496.43,1
10308,20135,家电,cart,1750340805,2180.19,2
10454,20009,家电,view,1750367624,2861.01,2
10393,20112,运动户外,view,1750301141,632.51,2
10172,20194,图书,view,1750320585,23.21,1
10400,20138,图书,view,1750226405,66.68,2
10409,20011,数码配件,view,1750277263,339.64,1
10468,20137,手机,view,1750347937,4801.18,1
10475,20152,图书,view,1750284155,62.8,3
10189,20176,美妆,cart,1750363143,233.45,1
10121,20176,美妆,cart,1750207037,738.67,2
10045,20010,图书,cart,1750310656,121.81,2
10063,20189,数码配件,cart,1750376266,55.35,3
10129,20117,家电,cart,1750259817,1910.31,2
10309,20163,家电,view,1750327676,4143.9,3
10362,20038,运动户外,view,1750254042,285.88,2
10192,20052,美妆,view,1750351193,407.08,1
10306,20055,图书,view,1750284903,133.59,3
10180,20103,手机,view,1750297772,6294.24,2
10291,20128,家电,view,1750310540,3743.05,3
10370,20055,数码配件,view,1750353587,314.13,1
10281,20117,家电,view,1750291373,4810.55,3
10028,20131,美妆,cart,1750355238,739.63,2
10148,20029,运动户外,view,1750344913,590.64,2
10266,20011,家电,view,1750323167,2315.37,3
10295,20034,图书,view,1750349741,33.56,1
10010,20076,手机,cart,1750211835,6016.82,1
10163,20179,家电,view,1750279201,4851.98,1
10112,20158,家电,view,1750323987,3097.58,1
10186,20101,图书,view,1750312504,42.34,2
10294,20086,家电,buy,1750314484,1516.55,2
10231,20195,美妆,view,1750258927,768.57,1
10226,20051,家电,view,1750329260,4271.58,1
10309,20079,数码配件,view,1750258008,189.64,3
10097,20134,美妆,view,1750206751,292.81,1
10054,20021,运动户外,view,1750269507,599.24,3
10110,20074,图书,buy,1750325439,134.3,2
10151,20183,数码配件,view,1750374223,91.0,2
10245,20057,图书,cart,1750282774,112.51,2
10405,20092,数码配件,cart,1750313603,432.43,1
10068,20191,家电,cart,1750324816,3932.98,2
10311,20102,美妆,view,1750307967,498.03,3
10288,20139,手机,view,1750276568,7352.7,3
10249,20006,数码配件,view,1750261752,462.33,2
10035,20127,运动户外,buy,1750301460,752.82,1
10238,20054,手机,view,1750312304,6897.55,2
10147,20105,家电,view,1750325954,3024.26,1
10466,20061,手机,view,1750325885,6378.11,2
10226,20089,图书,cart,1750308785,131.25,1
10243,20097,手机,view,1750240577,6545.5,2
10490,20076,美妆,cart,1750222687,439.33,1
10336,20182,数码配件,view,1750319546,371.11,1
10445,20118,运动户外,cart,1750249518,1041.56,1
10364,20035,数码配件,view,1750344956,182.37,3
10490,20088,运动户外,view,1750207738,871.39,3
10481,20151,图书,view,1750261599,66.55,3
10200,20171,手机,cart,1750320682,5661.49,3
10153,20144,手机,cart,1750372837,7057.56,3
10449,20129,美妆,view,1750285625,171.96,2
10072,20140,手机,view,1750303731,3243.32,1
10200,20158,家电,view,1750228756,1954.16,1
10295,20092,运动户外,view,1750255171,214.56,3
10016,20113,美妆,view,1750230123,771.12,3
10128,20027,家电,cart,1750339148,1176.05,1
10216,20187,图书,view,1750368554,101.48,1
10060,20154,数码配件,view,1750265724,242.55,1
10426,20142,手机,view,1750310218,3868.11,3
10103,20032,图书,view,1750262496,47.66,1
10041,20019,美妆,cart,1750301525,554.96,1
10024,20169,手机,cart,1750361789,5055.48,2
10038,20139,手机,cart,1750354013,6956.3,1
10290,20100,图书,buy,1750370179,97.98,3
10130,20022,运动户外,view,1750239647,1172.37,2
10497,20199,家电,view,1750288153,4535.87,3
10228,20111,运动户外,view,1750358163,217.65,2
10107,20013,运动户外,view,1750336768,941.81,3
10171,20090,美妆,buy,1750366372,262.82,1
10434,20152,图书,view,1750268644,75.7,3
10477,20076,手机,view,1750282555,4872.62,1
10101,20084,家电,view,1750267207,3568.16,3
10353,20108,数码配件,buy,1750290964,249.68,1
10011,20030,图书,view,1750215182,122.31,3
10274,20121,运动户外,view,1750211011,488.46,1
10100,20106,美妆,view,1750346177,269.57,1
10043,20053,美妆,buy,1750263112,661.02,3
10442,20132,运动户外,view,1750369893,383.55,1
10304,20140,手机,cart,1750255253,3349.92,1
10444,20155,美妆,buy,1750237715,756.79,1
10016,20042,家电,view,1750258375,4324.88,1
10329,20088,数码配件,view,1750286448,376.25,1
10056,20114,美妆,view,1750363620,396.81,1
10310,20098,图书,view,1750371419,78.28,1
10496,20046,图书,cart,1750299062,82.55,2
10302,20070,运动户外,view,1750337259,641.38,3
10011,20165,美妆,view,1750331153,209.11,1
10317,20066,运动户外,view,1750283503,283.23,3
10079,20061,数码配件,view,1750272247,376.99,2
10215,20108,运动户外,view,1750352162,483.23,3
10338,20166,运动户外,view,1750327813,336.66,1
10263,20036,家电,buy,1750336055,1016.72,3
10478,20118,美妆,view,1750313804,383.19,2
10148,20085,美妆,view,1750372847,442.69,3
10080,20125,手机,view,1750237431,3194.13,2
10214,20135,数码配件,view,1750271714,393.33,3
10484,20051,图书,view,1750301316,83.52,3
10373,20090,手机,view,1750269494,7632.59,1
10463,20032,运动户外,view,1750370200,1013.13,3
10197,20080,美妆,view,1750243566,565.97,2
10199,20041,数码配件,view,1750271460,356.48,1
10024,20111,数码配件,view,1750247117,348.17,1
10465,20125,手机,cart,1750305554,6221.99,2
10088,20154,美妆,view,1750340731,730.7,1
10267,20135,运动户外,view,1750284025,626.87,3
10142,20150,数码配件,view,1750285534,222.25,3
10058,20105,运动户外,cart,1750228097,1124.32,1
10409,20124,美妆,view,1750242211,658.27,2
10488,20112,美妆,view,1750285566,623.8,1
10364,20063,家电,cart,1750223108,1006.31,3
10025,20122,运动户外,view,1750317770,,1
10046,20113,家电,view,1750256709,3816.19,2
10287,20019,家电,view,1750353459,1440.95,1
10265,20015,家电,view,1750255101,3999.66,2
10015,20144,运动户外,view,1750233424,1112.97,3
10198,20018,家电,view,1750237484,1342.83,2
10400,20119,手机,view,1750330077,5928.23,2
10406,20135,美妆,cart,1750274551,106.65,1
10281,20165,美妆,view,1750230186,791.33,1
10468,20037,数码配件,cart,1750341134,219.05,2
10085,20180,运动户外,view,1750317378,537.03,2
10249,20092,图书,view,1750287434,64.6,1
10390,20104,图书,view,1750219805,69.2,2
10269,20099,图书,cart,1750310131,20.4,3
10334,20089,家电,view,1750343901,1491.58,2
10116,20158,美妆,cart,1750323267,273.98,3
10006,20043,美妆,view,1750313098,432.64,3
10136,20187,家电,view,1750289258,3552.29,1
10370,20075,美妆,view,1750290134,132.03,3
10175,20144,运动户外,view,1750365387,684.54,1
10327,20078,图书,view,1750329612,141.09,3
10497,20072,美妆,buy,1750281834,613.99,3
10314,20166,家电,cart,1750354718,4479.43,3
10214,20169,数码配件,view,1750227630,274.07,2
10476,20175,美妆,buy,1750327169,791.05,1
10081,20139,运动户外,buy,1750346532,682.17,1
10222,20095,家电,view,1750228244,4013.01,1
10477,20088,运动户外,buy,1750290390,229.22,2
10371,20102,图书,view,1750329659,53.49,3
10422,20145,手机,view,1750370880,7613.68,3
10482,20005,运动户外,view,1750263469,891.78,3
10401,20121,数码配件,view,1750304847,204.45,3
10442,20170,美妆,cart,1750319347,776.37,1
10489,20115,家电,view,1750233998,2163.91,1
10102,20162,图书,cart,1750235236,141.84,3
10272,20181,图书,view,1750304465,60.74,3
10013,20061,美妆,view,1750345205,143.32,1
10158,20196,运动户外,buy,1750300488,519.64,3
10151,20143,家电,view,1750263033,3406.47,1
10482,20135,运动户外,view,1750287618,1052.36,1
10107,20088,图书,cart,1750324281,84.98,1
10187,20095,数码配件,view,1750213803,386.18,3
10300,20125,图书,view,1750237165,148.74,2
10097,20089,美妆,view,1750261345,541.75,2
10130,20085,图书,cart,1750292131,68.97,1
10292,20158,美妆,view,1750263801,612.86,3
10170,20137,美妆,view,1750251729,705.8,2
10423,20183,美妆,view,1750246531,789.07,1
10473,20120,数码配件,view,1750328904,240.1,2
10182,20075,运动户外,view,1750278997,727.84,2
10470,20091,美妆,buy,1750348457,590.78,2
10363,20069,手机,view,1750356944,6761.33,1
10038,20147,美妆,view,1750356098,558.24,1
10014,20132,运动户外,view,1750242764,491.08,1
10375,20022,家电,cart,1750375518,1782.62,1
10496,20136,图书,cart,1750243493,94.84,2
10003,20057,运动户外,view,1750219566,368.22,1
10348,20186,图书,buy,1750218555,,1
10469,20181,数码配件,view,1750243746,317.03,3
10408,20045,美妆,view,1750267938,123.79,2
10396,20021,运动户外,view,1750250016,796.16,3
10209,20191,美妆,view,1750377426,584.26,1
10160,20007,运动户外,cart,1750276946,850.31,3
10015,20122,美妆,view,1750235373,108.12,1
10492,20019,手机,view,1750338427,6343.96,1
10425,20178,手机,view,1750330497,7936.75,2
10107,20077,美妆,cart,1750252273,656.04,2
10381,20038,运动户外,buy,1750283014,902.74,3
10449,20036,家电,view,1750345705,1253.99,1
10310,20177,运动户外,cart,1750350567,219.75,3
10226,20161,数码配件,view,1750358081,283.51,3
10169,20074,美妆,cart,1750259185,556.19,3
10033,20117,手机,view,1750251969,5995.51,1
10413,20103,数码配件,view,1750215061,191.43,1
10250,20160,数码配件,view,1750352255,122.54,2
10246,20030,手机,view,1750283070,3623.59,2
10268,20122,数码配件,view,1750377332,489.7,1
10140,20053,家电,view,1750340968,4784.86,2
10273,20171,美妆,view,1750333366,197.9,3
10415,20033,图书,view,1750297105,148.18,3
10095,20198,数码配件,view,1750216527,359.57,1
10226,20121,手机,view,1750261216,4498.55,1
10378,20112,数码配件,view,1750277517,316.3,1
10038,20061,美妆,view,1750271638,152.05,2
10301,20022,运动户外,view,1750324355,363.32,1
10499,20045,图书,view,1750242350,142.23,3
10028,20055,家电,view,1750370768,3930.7,3
10445,20134,美妆,view,1750377111,360.5,3
10496,20117,数码配件,view,1750245036,238.86,2
10476,20188,运动户外,view,1750269680,1164.02,1
10317,20130,图书,view,1750348551,34.3,2
10244,20165,手机,view,1750292229,3444.87,2
10235,20161,家电,cart,1750207385,1903.06,1
10184,20112,运动户外,buy,1750232325,422.23,1
10271,20043,家电,view,1750359157,4502.05,2
10439,20127,手机,view,1750278723,6502.28,3
10235,20107,图书,view,1750249560,136.55,2
10238,20157,运动户外,view,1750344177,1006.08,3
10376,20016,数码配件,cart,1750360070,231.19,1
10265,20058,图书,view,1750245561,86.76,3
10413,20137,家电,view,1750274889,3270.24,1
10408,20098,美妆,view,1750270103,359.11,3
10358,20083,数码配件,view,1750319870,256.0,2
10339,20145,运动户外,view,1750316936,475.82,3
10388,20044,美妆,cart,1750284803,669.82,3
10064,20107,手机,buy,1750286782,5032.57,1
10477,20186,美妆,view,1750229345,610.97,1
10176,20061,数码配件,view,1750350069,384.53,2
10002,20058,手机,buy,1750338148,5119.92,3
10428,20176,家电,view,1750344367,3060.05,3
10141,20190,手机,view,1750206711,6081.43,3
10375,20159,运动户外,cart,1750268822,949.67,3
10157,20137,美妆,buy,1750343241,676.35,3
10497,20010,数码配件,view,1750248979,251.89,3
10323,20101,数码配件,buy,1750301020,128.67,1
10145,20069,数码配件,view,1750334694,72.91,2
10445,20122,家电,view,1750270274,1452.93,3
10292,20189,手机,view,1750274202,5415.62,1
10152,20174,手机,cart,1750261806,5844.21,2
10431,20033,美妆,view,1750326187,725.39,3
10192,20100,运动户外,view,1750325479,205.89,2
10436,20144,图书,view,1750253600,20.67,2
10493,20103,图书,view,1750256585,76.0,1
10462,20181,数码配件,view,1750237264,119.17,2
10072,20039,手机,view,1750264069,6283.17,2
10398,20018,运动户外,view,1750252557,564.5,3
10304,20066,图书,view,1750319974,77.01,1
10376,20081,家电,view,1750298971,2735.84,3
10343,20180,家电,view,1750239843,2139.6,2
10451,20063,运动户外,cart,1750246824,1101.0,3
10139,20082,家电,buy,1750274477,4838.8,1
10186,20046,运动户外,view,1750238206,695.57,2
10292,20005,运动户外,view,1750306734,1123.56,1
10060,20015,手机,buy,1750237862,6963.56,1
10484,20199,图书,view,1750266798,119.76,1
10426,20145,美妆,cart,1750361322,400.77,3
10379,20179,手机,view,1750332183,4447.33,1
10197,20175,运动户外,view,1750338818,352.5,1
10294,20170,家电,view,1750273882,1460.08,3
10439,20038,家电,view,1750329028,2716.64,3
10318,20176,手机,cart,1750252297,5511.67,1
10301,20112,数码配件,view,1750236378,116.93,1
10343,20139,运动户外,view,1750243127,1190.4,2
10010,20137,手机,view,1750218157,3454.68,2
10061,20070,运动户外,view,1750265467,900.16,1
10332,20109,图书,view,1750316754,27.98,3
10225,20054,手机,view,1750278346,4346.23,2
10152,20128,美妆,view,1750217266,323.89,1
10198,20048,手机,view,1750289115,6302.15,1
10051,20163,图书,view,1750231214,138.1,2
10259,20020,家电,view,1750292430,2965.15,2
10058,20036,手机,view,1750349442,3068.31,1
10071,20115,图书,view,1750359179,125.3,3
10147,20023,数码配件,view,1750259858,342.61,3
10348,20054,运动户外,view,1750369835,306.37,3
10062,20024,数码配件,view,1750376335,313.95,1
10309,20134,家电,cart,1750224429,4702.0,3
10372,20126,数码配件,view,1750257752,376.41,3
10242,20092,美妆,view,1750314431,189.48,3
10492,20093,美妆,view,1750351691,713.95,2
10365,20070,图书,view,1750319127,113.25,1
10329,20198,运动户外,view,1750336886,1131.33,1
10106,20121,家电,view,1750238599,3786.82,2
10225,20023,手机,buy,1750254657,3303.97,3
10312,20010,运动户外,view,1750339407,732.47,1
10217,20072,家电,view,1750352255,3037.11,2
10424,20011,运动户外,view,1750205743,406.92,1
10240,20034,数码配件,view,1750339226,363.52,2
10258,20190,数码配件,cart,1750284337,286.28,1
10375,20195,图书,cart,1750249655,91.78,1
10261,20184,手机,view,1750372471,4459.22,1
10004,20140,图书,buy,1750218305,55.16,3
10260,20022,家电,buy,1750235257,1839.89,1
10053,20082,美妆,view,1750301560,523.61,2
10046,20166,手机,buy,1750274016,7419.93,3
10214,20087,家电,view,1750289901,3445.93,1
10176,20079,美妆,cart,1750262282,676.75,3
10008,20096,图书,view,1750345673,146.31,3
10098,20139,数码配件,view,1750304934,385.6,3
10019,20033,图书,cart,1750349209,102.46,1
10377,20198,运动户外,view,1750357279,468.79,3
10240,20074,运动户外,view,1750318545,431.72,2
10060,20158,家电,buy,1750252382,1374.76,2
10378,20127,家电,cart,1750354132,1704.44,2
10489,20189,美妆,view,1750286106,297.43,1
10418,20140,家电,cart,1750254043,3749.47,1
10177,20030,家电,view,1750373914,1981.02,2
10337,20129,手机,cart,1750207890,3686.46,3
10061,20102,手机,view,1750208352,3103.58,3
10144,20014,手机,view,1750274964,6850.59,1
10215,20056,美妆,view,1750207263,654.68,1
10002,20074,数码配件,cart,1750227073,202.28,1
10159,20033,家电,view,1750321277,3251.4,1
10226,20102,图书,view,1750219447,40.09,3
10485,20195,美妆,view,1750210359,480.53,1
10268,20074,手机,view,1750313664,3512.83,1
10119,20028,手机,buy,1750316770,3120.0,2
10380,20193,家电,view,1750305658,2147.38,3
10494,20015,美妆,cart,1750249248,178.69,1
10088,20166,家电,view,1750298466,4823.4,1
10328,20076,数码配件,view,1750227030,212.22,1
10067,20036,数码配件,view,1750292577,242.88,3
10397,20080,家电,view,1750283853,1600.88,3
10356,20148,图书,view,1750335675,33.51,3
10097,20171,图书,buy,1750224819,125.39,1
10266,20123,家电,cart,1750243539,1586.36,2
10104,20018,运动户外,cart,1750330218,985.55,1
10439,20198,手机,view,1750277800,7797.93,1
10322,20101,手机,view,1750305730,3637.68,2
10122,20135,图书,view,1750313313,82.57,3
10475,20076,美妆,view,1750376230,661.5,1
10028,20193,运动户外,view,1750344724,697.1,2
10136,20040,数码配件,view,1750226719,153.55,3
10194,20197,美妆,view,1750262297,504.51,3
10408,20060,手机,view,1750209296,3014.33,2
10225,20025,数码配件,view,1750233676,110.12,1
10331,20070,图书,view,1750241329,130.41,2
10169,20102,运动户外,view,1750315182,1053.31,1
10008,20069,家电,cart,1750240923,1223.46,1
10462,20106,美妆,cart,1750211706,364.22,3
10039,20156,运动户外,view,1750357264,901.4,1
10024,20106,运动户外,cart,1750212713,1070.48,1
10260,20102,图书,view,1750208070,51.86,3
10394,20193,运动户外,view,1750241529,382.42,3
10442,20018,数码配件,view,1750312678,184.78,3
10225,20067,图书,view,1750208262,103.83,2
10471,20185,手机,view,1750213219,7405.79,3
10123,20069,家电,view,1750315849,1043.47,3
10462,20112,运动户外,view,1750354763,1029.52,3
10037,20056,图书,cart,1750245904,75.08,2
10327,20164,手机,view,1750237602,7889.63,3
10250,20060,家电,view,1750307636,1223.99,1
10388,20091,美妆,buy,1750225039,523.56,3
10175,20029,运动户外,view,1750310994,852.7,2
10089,20198,家电,view,1750316007,2485.91,1
10401,20152,图书,view,1750362922,30.12,2
10453,20126,手机,view,1750232709,3813.8,1
10036,20192,家电,view,1750285833,4026.09,1
10315,20114,数码配件,view,1750267802,468.14,2
10175,20005,手机,buy,1750352580,5823.98,2
10460,20017,手机,view,1750285698,3466.05,1
10283,20009,图书,cart,1750335928,144.64,1
10452,20091,图书,cart,1750238752,114.34,3
10460,20138,美妆,view,1750336810,385.1,1
10080,20192,数码配件,cart,1750358724,117.58,2
10113,20076,运动户外,view,1750280853,1052.03,1
10039,20100,家电,view,1750368889,1315.01,1
10300,20083,美妆,view,1750376299,250.95,1
10223,20192,美妆,view,1750340145,774.57,3
10317,20051,数码配件,view,1750294299,468.6,2
10348,20194,家电,view,1750317758,2441.27,1
10114,20030,美妆,cart,1750259541,371.34,3
10185,20144,数码配件,view,1750369371,118.58,2
10322,20182,手机,cart,1750285944,3713.11,3
10055,20109,手机,view,1750249290,5274.04,2
10039,20092,家电,view,1750297433,3306.05,1
10353,20163,手机,view,1750272418,6859.7,2
10039,20153,图书,cart,1750241617,77.47,1
10346,20052,数码配件,view,1750279937,213.56,2
10460,20144,运动户外,cart,1750238612,1117.14,2
10236,20085,图书,view,1750287020,101.2,2
10288,20152,手机,view,1750273698,5529.71,3
10261,20001,手机,view,1750268977,6219.33,3
10215,20085,数码配件,view,1750280994,433.88,2
10146,20132,家电,view,1750263271,4415.32,2
10335,20003,运动户外,view,1750327611,548.94,3
10167,20163,数码配件,buy,1750227297,259.18,1
10091,20005,美妆,view,1750308856,771.68,2
10352,20148,家电,view,1750294564,1257.89,3
10058,20117,运动户外,view,1750234769,941.28,2
10058,20088,运动户外,view,1750327999,355.74,1
10303,20153,美妆,view,1750362368,497.74,2
10168,20182,手机,buy,1750317550,4807.46,2
10268,20166,家电,view,1750315666,4472.08,2
10362,20160,图书,view,1750222955,30.87,2
10044,20013,运动户外,view,1750323137,1073.78,2
10344,20055,数码配件,view,1750253055,451.88,1
10180,20080,手机,cart,1750282631,5142.67,1
10169,20148,家电,view,1750329449,2676.4,3
10355,20045,美妆,cart,1750319300,775.91,2
10190,20143,美妆,view,1750351838,676.11,3
10154,20015,家电,view,1750366415,3671.85,1
10421,20119,图书,view,1750287772,127.06,1
10187,20083,家电,cart,1750335726,4735.28,2
10006,20156,手机,cart,1750273692,6369.73,3
10132,20007,美妆,view,1750237756,415.39,3
10234,20087,运动户外,view,1750214364,,1
10044,20130,美妆,buy,1750347953,394.12,1
10313,20018,数码配件,view,1750254911,206.64,3
10248,20096,数码配件,buy,1750300166,216.62,1
10498,20065,图书,cart,1750237501,85.27,3
10030,20078,运动户外,view,1750312380,656.0,2
10022,20085,图书,cart,1750292834,75.36,1
10425,20123,家电,view,1750349701,2492.49,3
10393,20149,家电,view,1750319486,2526.25,3
10159,20045,图书,cart,1750230811,141.93,1
10362,20112,手机,view,1750312614,3082.13,1
10436,20090,运动户外,cart,1750347598,823.83,1
10157,20140,美妆,view,1750213355,506.86,3
10038,20032,图书,cart,1750323978,47.54,3
10414,20132,运动户外,view,1750237421,1056.34,2
10081,20076,运动户外,view,1750308558,1020.42,1
10355,20154,图书,cart,1750274952,85.98,3
10257,20120,图书,view,1750313515,137.35,3
10205,20127,家电,view,1750213365,4636.24,1
10076,20077,手机,view,1750340843,4872.03,3
10476,20151,数码配件,view,1750354795,126.68,2
10011,20066,家电,view,1750366350,2565.45,3
10294,20114,运动户外,cart,1750356280,1001.33,2
10449,20062,家电,buy,1750250338,2561.65,2
10223,20112,图书,view,1750230903,76.86,3
10012,20093,家电,view,1750307563,3525.76,3
10045,20047,图书,cart,1750289316,40.68,1
10154,20190,手机,view,1750369660,5187.11,3
10112,20011,家电,view,1750225449,3830.3,3
10232,20155,运动户外,view,1750323736,934.17,3
10016,20171,美妆,cart,1750375854,230.59,1
10359,20170,图书,view,1750303918,129.26,2
10222,20144,美妆,view,1750242488,158.07,3
10353,20039,手机,view,1750231910,5896.77,1
10187,20176,运动户外,buy,1750241981,322.68,2
10447,20084,图书,cart,1750334363,32.06,2
10343,20056,家电,view,1750210555,2964.15,2
10364,20086,手机,view,1750259927,6128.41,3
10162,20083,运动户外,view,1750322995,513.58,1
10495,20191,家电,view,1750353512,4614.55,3
10325,20184,数码配件,cart,1750294665,102.74,2
10466,20120,运动户外,buy,1750206114,799.99,1
10413,20073,数码配件,cart,1750255353,466.96,3
10454,20106,手机,view,1750244736,5589.97,1
10073,20123,图书,view,1750290662,48.2,1
10232,20197,家电,view,1750237982,3766.41,2
10223,20099,图书,view,1750296171,143.92,3
10481,20042,数码配件,view,1750334771,260.17,2
10318,20118,数码配件,buy,1750270360,465.06,1
10411,20022,家电,view,1750278484,4549.26,2
10059,20154,手机,view,1750286480,6832.24,1
10334,20185,家电,buy,1750321757,2951.33,2
10221,20036,数码配件,cart,1750368092,417.15,1
10036,20133,数码配件,view,1750297314,139.87,2
10476,20064,美妆,cart,1750213649,414.58,3
10277,20133,图书,view,1750373908,,3
10195,20177,图书,view,1750289388,34.9,2
10403,20021,家电,view,1750377016,1290.56,2
10351,20104,图书,view,1750207325,60.88,2
10483,20087,美妆,view,1750326795,330.21,3
10241,20152,图书,cart,1750305880,93.01,2
10323,20124,数码配件,view,1750351851,147.86,2
10218,20078,美妆,view,1750224414,718.35,3
10191,20089,美妆,view,1750288104,629.34,2
10016,20199,家电,view,1750335518,4210.9,1
10011,20050,图书,view,1750249663,36.13,3
10405,20175,图书,view,1750210375,50.73,2
10400,20101,手机,view,1750206018,7280.52,2
10393,20197,图书,view,1750214501,145.69,3
10373,20105,数码配件,view,1750223006,340.15,2
10192,20192,手机,cart,1750283704,5075.39,2
10021,20059,图书,cart,1750350670,72.04,2
10473,20045,运动户外,view,1750323965,593.33,2
10119,20035,美妆,buy,1750302817,184.99,3
10209,20185,手机,view,1750207525,3239.17,1
10305,20165,手机,buy,1750319011,7306.94,1
10269,20010,家电,view,1750301499,3896.43,3
10191,20011,手机,buy,1750272875,7340.07,1
10174,20169,手机,view,1750273934,4521.45,2
10284,20038,美妆,view,1750275555,668.74,3
10203,20198,家电,buy,1750236231,3333.81,1
10163,20138,图书,cart,1750313142,117.89,3
10250,20035,运动户外,view,1750267851,721.76,3
10226,20051,运动户外,view,1750289187,1176.35,3
10435,20030,运动户外,view,1750282456,463.81,3
10380,20032,手机,view,1750268337,7177.71,3
10459,20140,美妆,cart,1750225251,244.12,1
10006,20145,运动户外,view,1750261458,213.13,2
10028,20168,运动户外,view,1750259499,304.53,3
10394,20057,数码配件,view,1750286543,191.01,3
10032,20183,运动户外,view,1750232498,1047.81,1
10133,20151,家电,buy,1750323402,2542.3,3
10366,20127,数码配件,view,1750222793,230.09,2
10078,20030,运动户外,view,1750356120,507.15,3
10415,20054,手机,view,1750233688,7380.98,1
10434,20009,手机,cart,1750212293,3935.15,2
10458,20187,美妆,view,1750235818,346.37,3
10057,20129,手机,view,1750308852,4060.33,3
10470,20014,运动户外,view,1750276257,253.16,2
10025,20002,手机,view,1750315579,4912.61,1
10481,20042,图书,view,1750277132,42.96,3
10429,20158,数码配件,view,1750217873,245.1,3
10225,20197,家电,buy,1750218729,1878.32,1
10284,20066,数码配件,view,1750231284,79.63,2
10003,20055,家电,cart,1750310852,3798.05,2
10464,20062,运动户外,view,1750275124,933.92,2
10098,20014,家电,view,1750371759,1814.3,2
10396,20108,美妆,view,1750229505,613.72,1
10488,20115,数码配件,buy,1750284838,329.95,3
10038,20091,家电,view,1750248485,3725.77,1
10270,20137,图书,cart,1750208138,38.44,3
10374,20165,运动户外,view,1750273962,220.83,1
10284,20046,家电,view,1750360514,4412.36,2
10156,20056,运动户外,view,1750269683,688.31,2
10074,20049,手机,view,1750280994,3086.95,1
10371,20070,数码配件,view,1750229417,389.75,1
10287,20142,图书,cart,1750333424,63.64,3
10129,20145,图书,buy,1750332331,53.45,2
10174,20081,图书,view,1750283740,127.61,3
10461,20115,图书,cart,1750360970,120.69,2
10083,20104,手机,view,1750372519,5596.54,1
10021,20087,家电,buy,1750241928,4425.06,2
10458,20001,运动户外,view,1750317710,777.58,2
10026,20103,家电,cart,1750303832,1775.37,3
10194,20083,手机,buy,1750347646,7385.72,2
10336,20042,数码配件,view,1750296247,459.65,2
10381,20153,运动户外,view,1750277216,1145.27,2
10235,20070,家电,view,1750294787,3080.31,3
10439,20165,手机,view,1750295763,5275.14,2
10091,20093,手机,buy,1750243369,5494.64,2
10476,20041,美妆,view,1750368324,776.67,3
10020,20132,美妆,view,1750221738,440.78,2
10302,20138,手机,view,1750360270,4086.63,1
10463,20064,手机,view,1750297141,3025.45,3
10356,20033,手机,view,1750279056,3688.59,3
10442,20119,美妆,buy,1750227345,492.52,3
10083,20000,图书,view,1750318059,115.3,3
10261,20129,手机,view,1750297764,3160.68,1
10146,20147,美妆,view,1750230526,395.79,2
10440,20060,图书,view,1750319046,42.53,3
10452,20148,图书,cart,1750257099,38.09,2
10386,20087,家电,view,1750284752,1798.09,1
10256,20067,图书,view,1750347886,101.68,1
10057,20126,运动户外,cart,1750229976,1033.85,1
10379,20139,数码配件,view,1750298531,190.97,2
10421,20021,图书,view,1750312346,74.67,2
10014,20147,手机,buy,1750315141,3132.11,1
10161,20081,家电,view,1750268408,2209.56,3
10444,20128,数码配件,view,1750353061,329.4,2
10162,20029,手机,cart,1750310428,4963.3,3
10319,20125,手机,view,1750340592,6814.98,2
10496,20096,手机,view,1750375162,4350.87,1
10280,20023,图书,view,1750353027,126.85,2
10279,20013,美妆,view,1750358053,142.61,3
10011,20035,数码配件,cart,1750258556,73.86,3
10273,20196,家电,view,1750240557,4869.11,1
10270,20023,美妆,view,1750369489,208.34,2
10491,20187,美妆,buy,1750331928,104.52,3
10207,20094,美妆,view,1750244913,147.0,3
10026,20054,手机,view,1750231959,4236.03,2
10071,20023,手机,cart,1750219389,5219.08,1
10059,20151,图书,view,1750266384,147.75,3
10429,20181,图书,cart,1750377332,108.57,3
10472,20025,手机,view,1750253246,6180.99,1
10144,20193,美妆,view,1750348109,219.54,1
10092,20079,运动户外,view,1750231019,489.45,3
10308,20165,运动户外,view,1750305940,475.18,3
10007,20064,手机,view,1750243640,7067.47,1
10078,20074,图书,view,1750207688,93.35,3
10026,20178,图书,view,1750377078,104.55,3
10173,20162,运动户外,view,1750241317,1107.06,2
10049,20042,美妆,view,1750246301,106.38,2
10499,20028,数码配件,cart,1750296244,276.44,3
10198,20164,数码配件,view,1750376745,78.24,1
10386,20080,图书,view,1750325250,93.21,3
10348,20185,家电,view,1750284211,4050.43,2
10447,20053,手机,buy,1750303503,6225.67,2
10427,20038,数码配件,view,1750337701,309.22,3
10180,20041,数码配件,view,1750359164,364.0,3
10023,20155,图书,view,1750222513,127.89,1
10315,20028,手机,cart,1750230107,3795.9,3
10377,20170,手机,view,1750289645,6396.61,1
10386,20130,美妆,cart,1750250412,173.8,3
10403,20137,运动户外,cart,1750221674,620.06,1
10045,20186,数码配件,view,1750223905,66.84,2
10014,20141,图书,view,1750250430,129.29,2
10152,20174,手机,view,1750371889,4888.14,3
10221,20041,数码配件,view,1750319491,163.62,3
10205,20093,图书,view,1750318587,116.48,3
10454,20159,家电,view,1750230019,1096.97,1
10272,20031,手机,cart,1750299056,7466.46,2
10381,20169,数码配件,view,1750253376,82.38,3
10235,20159,美妆,buy,1750343252,609.8,2
10339,20025,家电,cart,1750328986,3281.48,3
10227,20114,图书,view,1750240942,136.97,1
10008,20128,运动户外,view,1750223377,576.12,3
10165,20055,手机,view,1750231253,5586.23,1
10431,20121,运动户外,view,1750291548,801.49,1
10443,20105,家电,cart,1750270698,2159.59,2
10318,20129,美妆,view,1750246182,710.71,2
10213,20080,手机,view,1750340527,4206.99,3
10116,20157,数码配件,view,1750347915,328.39,3
10385,20119,手机,view,1750273757,7684.63,3
10343,20198,手机,view,1750257362,5107.03,2
10071,20051,手机,view,1750291205,5735.44,3
10394,20090,手机,view,1750352611,3364.56,3
10063,20136,美妆,cart,1750295461,665.24,1
10204,20021,运动户外,view,1750225927,812.43,3
10208,20033,运动户外,buy,1750215742,470.51,1
10071,20109,手机,view,1750296617,4126.23,2
10276,20048,运动户外,view,1750264504,1049.83,1
10273,20128,手机,view,1750256225,6909.11,3
10477,20072,数码配件,cart,1750209543,356.87,3
10319,20083,运动户外,view,1750237630,965.68,2
10337,20052,美妆,view,1750319606,196.44,1
10365,20099,数码配件,buy,1750255563,215.47,2
10494,20123,运动户外,buy,1750228914,438.17,3
10094,20167,手机,view,1750345366,6737.38,3
10165,20044,手机,buy,1750270315,3074.49,1
10031,20195,手机,view,1750278880,5192.78,1
10010,20136,图书,view,1750268827,105.18,2
10300,20104,家电,view,1750236880,2914.81,3
10216,20149,手机,view,1750258765,7691.85,2
10288,20145,美妆,cart,1750262546,349.87,2
10101,20105,美妆,view,1750349347,356.85,2
10424,20042,美妆,view,1750288386,725.08,3
10391,20166,数码配件,view,1750312497,74.3,3
10266,20133,数码配件,view,1750240748,85.3,3
10213,20047,家电,view,1750236977,3211.86,2
10178,20125,美妆,cart,1750266431,199.37,3
10087,20006,运动户外,view,1750234746,653.76,1
10040,20196,运动户外,cart,1750359003,470.3,2
10400,20015,图书,cart,1750277962,30.98,3
10075,20128,运动户外,view,1750305637,1062.77,2
10376,20114,手机,view,1750317806,4896.63,3
10045,20036,手机,view,1750295974,3156.53,1
10159,20164,数码配件,cart,1750273621,201.3,3
10462,20124,家电,cart,1750367730,2363.78,2
10079,20080,运动户外,cart,1750219773,1128.57,1
10309,20191,数码配件,view,1750280145,374.58,3
10085,20061,运动户外,view,1750340829,919.22,2
10091,20071,家电,buy,1750267249,2869.33,1
10147,20188,手机,view,1750276730,6412.99,1
10160,20124,家电,cart,1750354505,2183.3,2
10201,20160,手机,view,1750270470,4808.47,3
10423,20065,数码配件,view,1750288945,188.1,2
10415,20029,家电,view,1750207125,1069.07,2
10241,20019,手机,buy,1750350711,5401.04,1
10352,20187,运动户外,view,1750277268,1138.83,3
10001,20081,数码配件,view,1750251934,78.82,2
10224,20106,图书,view,1750264416,84.34,3
10288,20151,家电,view,1750217797,3471.8,1
10232,20131,手机,view,1750337633,3921.28,2
10460,20036,数码配件,view,1750264556,299.03,1
10413,20131,美妆,buy,1750209025,782.7,3
10416,20076,图书,view,1750266324,25.82,2
10076,20088,手机,view,1750338764,5219.06,1
10115,20145,家电,view,1750313843,3281.46,1
10153,20087,美妆,view,1750211273,298.16,2
10405,20193,数码配件,cart,1750311790,200.74,3
10102,20175,图书,view,1750367831,146.56,1
10193,20032,家电,view,1750244138,2163.49,3
10165,20057,手机,view,1750286878,4057.4,3
10358,20027,美妆,cart,1750357233,455.73,3
10089,20034,图书,buy,1750357547,69.25,1
10173,20124,美妆,cart,1750374987,366.76,1
10121,20137,手机,buy,1750353016,7961.6,3
10497,20064,数码配件,view,1750346087,380.28,3
10142,20041,手机,cart,1750218282,5638.78,3
10481,20084,运动户外,view,1750287883,720.34,2
10105,20136,家电,cart,1750268770,2172.26,2
10374,20187,家电,cart,1750265326,4909.9,2
10427,20110,图书,cart,1750267988,35.0,2
10304,20014,美妆,buy,1750225690,386.95,2
10359,20184,数码配件,view,1750376066,461.59,2
10458,20068,数码配件,view,1750265031,403.84,3
10316,20104,家电,buy,1750311654,1979.78,3
10450,20149,数码配件,view,1750280005,322.5,2
10122,20063,图书,view,1750337189,73.11,1
10389,20040,数码配件,view,1750256731,446.65,1
10008,20070,运动户外,view,1750273842,320.79,3
10261,20055,美妆,buy,1750237934,620.0,1
10072,20150,运动户外,view,1750223940,366.94,1
10358,20024,数码配件,cart,1750315518,463.38,2
10222,20104,家电,view,1750281710,3227.76,1
10415,20133,图书,cart,1750359852,136.79,3
10040,20118,数码配件,view,1750224133,374.98,3
10369,20161,图书,buy,1750370168,138.39,2
10203,20190,美妆,cart,1750329870,302.5,3
10263,20008,家电,cart,1750359349,3894.83,3
10327,20059,手机,view,1750360264,3038.92,2
10177,20124,美妆,view,1750319772,365.56,1
10347,20048,数码配件,cart,1750230201,175.68,1
10317,20050,图书,view,1750340506,26.28,3
10083,20187,数码配件,view,1750279578,467.62,2
10317,20069,运动户外,view,1750242338,378.42,1
10110,20036,美妆,cart,1750317662,,3
10250,20030,图书,view,1750230874,100.01,2
10382,20168,图书,view,1750332368,57.42,2
10006,20061,家电,cart,1750272807,2153.92,3
10458,20092,手机,buy,1750241763,6332.17,1
10083,20185,家电,view,1750249063,3034.79,1
10207,20013,数码配件,buy,1750346313,481.94,3
10387,20163,家电,view,1750211557,4330.02,2
10389,20163,家电,view,1750316605,4791.52,3
10313,20078,运动户外,view,1750282117,1031.04,1
10021,20007,美妆,cart,1750321298,691.32,2
10409,20153,运动户外,view,1750277794,1064.5,3
10382,20035,美妆,view,1750225526,347.6,3
10002,20047,家电,cart,1750337722,2308.46,2
10126,20084,图书,view,1750224221,115.62,3
10296,20027,美妆,view,1750318407,747.31,1
10187,20195,美妆,cart,1750351120,322.27,3
10361,20189,美妆,view,1750206889,544.15,1
10013,20050,家电,view,1750262526,4488.46,3
10458,20103,家电,view,1750253848,1605.73,3
10465,20169,运动户外,view,1750228055,398.57,3
10011,20100,美妆,cart,1750222432,102.24,2
10086,20028,数码配件,view,1750214974,369.5,2
10011,20126,美妆,view,1750357865,366.2,1
10396,20081,美妆,view,1750252002,471.32,2
10024,20009,家电,cart,1750333308,3671.9,3
10300,20105,运动户外,view,1750282241,743.41,1
10242,20166,家电,view,1750280106,4523.58,2
10121,20000,运动户外,view,1750235161,862.42,1
10146,20038,运动户外,buy,1750295915,860.61,3
10054,20020,运动户外,cart,1750331609,973.68,2
10237,20064,数码配件,view,1750281065,155.69,2
10355,20014,数码配件,view,1750312018,432.94,1
10172,20131,数码配件,cart,1750288061,167.72,2
10391,20187,运动户外,cart,1750273140,625.2,1
10220,20060,图书,view,1750371593,48.46,1
10118,20147,图书,view,1750248456,48.77,3
10308,20137,家电,cart,1750365573,1441.26,3
10182,20086,图书,view,1750210335,90.17,2
10287,20104,手机,cart,1750297258,4666.44,3
10306,20033,手机,view,1750299721,5593.24,3
10299,20123,家电,buy,1750308484,4352.6,3
10081,20109,家电,view,1750302810,1645.62,2
10453,20175,运动户外,view,1750208375,933.33,1
10401,20032,手机,cart,1750336265,5632.78,2
10210,20097,运动户外,view,1750211155,483.09,1
10149,20060,美妆,cart,1750276223,273.12,3
10036,20009,手机,cart,1750309854,,1
10351,20181,美妆,cart,1750224861,703.39,1
10311,20083,数码配件,cart,1750313689,393.07,1
10360,20064,手机,cart,1750244605,5708.49,1
10058,20076,美妆,view,1750363578,373.79,2
10130,20000,图书,view,1750284007,116.65,2
10411,20132,运动户外,view,1750376779,464.27,3
10201,20079,运动户外,view,1750263062,629.53,2
10242,20014,数码配件,view,1750344576,177.99,3
10034,20027,家电,view,1750307991,4972.62,2
10444,20022,数码配件,cart,1750356287,253.52,1
10092,20108,运动户外,cart,1750329791,647.09,3
10437,20106,手机,view,1750369928,4662.18,1
10446,20144,手机,view,1750333201,4038.41,3
10206,20112,家电,view,1750328929,2612.78,3
10352,20097,美妆,cart,1750220248,632.41,2
10390,20140,图书,view,1750244282,116.27,1
10331,20141,图书,view,1750206260,97.83,2
10304,20138,美妆,view,1750332916,493.69,3
10349,20027,运动户外,view,1750289167,852.01,2
10212,20041,美妆,view,1750226147,488.37,1
10158,20098,运动户外,view,1750208371,575.69,1
10441,20060,数码配件,cart,1750319514,124.79,1
10444,20122,手机,cart,1750368945,5475.92,3
10023,20063,运动户外,view,1750314414,1074.22,2
10403,20030,手机,view,1750281928,5177.4,3
10292,20080,美妆,view,1750302221,325.67,3
10003,20009,美妆,view,1750258398,303.14,3
10219,20007,美妆,view,1750328560,523.16,2
10363,20148,家电,buy,1750240278,4708.32,1
10381,20058,数码配件,cart,1750288080,263.24,2
10019,20177,家电,view,1750206268,1268.19,2
10443,20196,美妆,view,1750345763,585.83,2
10151,20197,图书,view,1750360632,101.25,1
10049,20029,手机,view,1750264052,5795.78,2
10176,20144,美妆,view,1750279298,234.85,2
10434,20019,数码配件,cart,1750310514,215.27,2
10095,20047,数码配件,view,1750225109,346.72,3
10104,20129,家电,view,1750251546,1865.77,2
10419,20036,数码配件,view,1750358761,408.6,3
10249,20128,运动户外,view,1750360033,971.98,3
10116,20131,图书,buy,1750366251,115.84,3
10353,20099,运动户外,view,1750265573,202.67,1
10227,20053,手机,buy,1750242373,6074.62,1
10065,20121,运动户外,cart,1750218481,523.34,1
10334,20024,数码配件,cart,1750328450,241.43,2
10417,20130,图书,view,1750351638,35.25,2
10419,20008,运动户外,cart,1750297858,906.24,2
10261,20033,数码配件,view,1750363496,85.19,1
10294,20042,家电,buy,1750242256,4334.42,2
10425,20073,数码配件,view,1750270477,362.79,3
10242,20093,手机,view,1750296073,5177.07,1
10370,20021,手机,cart,1750295499,7276.86,3
10185,20069,运动户外,view,1750254865,759.79,2
10245,20129,图书,view,1750207597,117.19,1
10124,20093,运动户外,view,1750358465,394.89,2
10267,20193,图书,view,1750271321,67.95,3
10130,20031,手机,view,1750276876,3167.64,3
10236,20105,运动户外,view,1750271132,1195.74,2
10017,20143,美妆,view,1750212776,500.53,3
10039,20000,运动户外,buy,1750333329,832.24,1
10020,20071,运动户外,cart,1750347822,847.55,1
10398,20175,手机,view,1750244958,6064.6,3
10224,20049,美妆,view,1750226511,695.66,2
10354,20140,手机,view,1750221138,6187.39,2
10281,20014,手机,cart,1750255703,4387.39,3
10007,20052,数码配件,cart,1750287763,199.7,3
10099,20171,家电,buy,1750300811,3347.39,3
10239,20007,手机,buy,1750220917,5015.87,1
10477,20073,家电,cart,1750274697,3006.1,1
10086,20045,家电,view,1750256883,2102.1,3
10297,20068,数码配件,view,1750205645,335.88,2
10427,20113,图书,view,1750327025,35.3,3
10013,20146,美妆,view,1750227911,751.19,1
10333,20165,手机,view,1750288031,3432.09,3
10001,20122,美妆,buy,1750207536,636.71,1
10374,20138,美妆,view,1750269479,156.89,2
10292,20116,美妆,view,1750254892,731.04,3
10324,20042,美妆,view,1750280055,137.33,1
10421,20019,图书,view,1750264034,61.02,1
10492,20147,图书,cart,1750282114,43.02,2
10040,20020,美妆,view,1750297901,164.69,3
10317,20081,图书,view,1750322679,103.44,3
10315,20056,美妆,cart,1750358212,125.71,2
10380,20177,家电,view,1750318532,1842.65,2
10110,20073,美妆,cart,1750259180,657.39,2
10013,20097,美妆,buy,1750275303,,1
10230,20153,数码配件,cart,1750327401,166.2,2
10472,20157,手机,buy,1750370242,5585.15,1
10083,20109,运动户外,view,1750302391,786.82,3
10129,20114,运动户外,view,1750289307,1101.27,3
10230,20158,手机,view,1750206870,7346.65,1
10325,20041,运动户外,view,1750231068,536.67,1
10144,20067,图书,view,1750253600,80.69,1
10378,20188,运动户外,cart,1750355785,656.45,3
10344,20188,运动户外,cart,1750268655,673.57,2
10027,20069,美妆,view,1750309959,336.51,2
10065,20077,手机,buy,1750337696,7387.16,1
10162,20195,运动户外,view,1750356185,469.36,2
10228,20089,数码配件,view,1750283595,280.49,3
10260,20110,美妆,buy,1750353694,238.92,1
10448,20111,家电,view,1750218903,4154.28,1
10423,20102,图书,cart,1750295528,38.39,2
10459,20144,运动户外,view,1750243463,200.84,1
10439,20018,家电,view,1750266714,1321.5,1
10163,20178,运动户外,view,1750350381,444.73,2
10300,20069,手机,view,1750328217,4723.56,3
10406,20062,美妆,view,1750328612,248.74,3
10302,20074,运动户外,cart,1750229919,906.22,2
10286,20157,家电,view,1750309627,4741.05,2
10394,20152,图书,cart,1750316104,114.95,3
10009,20103,运动户外,view,1750358528,546.87,1
10194,20074,家电,cart,1750266445,1712.64,2
10117,20127,图书,view,1750364856,127.02,3
10269,20198,运动户外,buy,1750240996,845.58,2
10079,20153,家电,view,1750229140,2207.75,2
10457,20055,运动户外,view,1750279501,625.71,2
10092,20021,运动户外,view,1750273224,680.65,2
10265,20088,家电,view,1750232700,3729.36,2
10331,20018,手机,view,1750376732,6663.35,2
10349,20158,手机,view,1750337699,3643.7,2
10360,20025,美妆,view,1750310104,440.3,2
10256,20169,手机,view,1750371030,4293.25,1
10132,20168,数码配件,cart,1750336412,458.69,2
10275,20022,运动户外,cart,1750300446,1044.17,1
10263,20046,家电,buy,1750305324,3126.85,3
10170,20012,手机,view,1750359505,4685.58,2
10459,20065,家电,view,1750324072,3458.08,2
10000,20193,手机,view,1750333151,3199.22,2
10312,20143,图书,view,1750301608,97.91,2
10063,20072,运动户外,view,1750210968,496.14,3
10373,20155,图书,view,1750209392,66.4,2
10467,20076,图书,view,1750234077,24.63,2
10283,20162,美妆,view,1750269976,617.08,1
10120,20168,手机,view,1750242717,3630.27,3
10106,20030,运动户外,view,1750324870,474.7,3
10420,20084,数码配件,view,1750342047,421.51,3
10174,20159,运动户外,view,1750214836,526.59,1
10484,20181,数码配件,buy,1750231308,337.02,2
10203,20199,数码配件,buy,1750371717,85.44,3
10164,20058,图书,view,1750272133,22.91,3
10304,20040,美妆,cart,1750318422,155.5,1
10496,20111,家电,view,1750366170,4979.67,3
10119,20193,数码配件,cart,1750217600,159.69,2
10043,20095,数码配件,view,1750319342,392.32,2
10311,20181,美妆,view,1750336281,230.0,3
10155,20167,手机,view,1750279488,7548.73,2
10366,20121,手机,view,1750313412,3093.59,3
10206,20155,家电,view,1750371223,2849.76,2
10389,20164,手机,view,1750289894,3090.36,1
10107,20104,手机,view,1750364528,6640.82,2
10250,20192,数码配件,view,1750346739,317.85,2
10444,20073,运动户外,buy,1750294085,212.57,2
10403,20182,图书,cart,1750335603,39.73,1
10369,20131,数码配件,view,1750271828,352.84,2
10333,20098,手机,view,1750225406,5856.57,3
10129,20125,运动户外,view,1750259208,545.3,3
10456,20137,数码配件,view,1750287463,181.32,2
10292,20174,美妆,view,1750358137,,1
10019,20074,数码配件,view,1750210936,244.19,2
10281,20013,数码配件,cart,1750303178,495.36,3
10284,20037,家电,view,1750237173,,1
10000,20139,运动户外,view,1750354417,1192.13,2
10118,20044,家电,cart,1750309950,4067.5,3
10034,20144,运动户外,view,1750361889,417.75,2
10197,20162,图书,cart,1750370769,101.94,3
10484,20193,图书,view,1750263808,89.23,2
10244,20074,运动户外,cart,1750322622,486.28,1
10058,20168,家电,view,1750292370,1013.35,2
10324,20194,美妆,view,1750305293,735.1,3
10160,20028,美妆,view,1750254312,392.79,3
10496,20017,手机,view,1750367308,3692.86,3
10178,20019,手机,view,1750210785,6660.74,2
10205,20013,数码配件,view,1750328509,306.19,3
10011,20161,手机,buy,1750362438,3113.6,3
10489,20176,运动户外,view,1750247104,1063.44,2
10275,20053,图书,cart,1750328576,51.11,3
10180,20030,家电,view,1750212897,2171.93,1
10241,20057,数码配件,view,1750362938,160.27,2
10215,20103,家电,cart,1750335928,4891.22,3
10250,20169,手机,cart,1750246550,7189.38,1
10298,20185,运动户外,cart,1750213273,269.84,3
10125,20127,美妆,view,1750328062,463.84,2
10481,20157,手机,cart,1750345660,7787.87,1
10216,20024,美妆,cart,1750344829,552.96,3
10305,20190,手机,view,1750220472,7138.77,2
10284,20018,运动户外,cart,1750215261,925.15,2
10184,20199,运动户外,cart,1750375096,711.56,2
10038,20135,运动户外,cart,1750273612,303.62,3
10222,20002,手机,cart,1750376907,4832.32,2
10183,20194,家电,buy,1750259872,4182.21,2
10494,20085,手机,view,1750324925,6468.58,3
10426,20144,运动户外,cart,1750294569,956.98,2
10177,20141,美妆,view,1750272412,651.16,3
10406,20008,图书,view,1750243603,118.97,3
10427,20189,图书,view,1750352528,134.42,2
10293,20093,美妆,view,1750246298,761.35,3
10339,20148,美妆,view,1750282100,599.16,1
10150,20164,美妆,cart,1750364039,189.99,2
10383,20138,运动户外,view,1750260285,427.92,3
10125,20019,图书,view,1750300262,21.57,3
10300,20034,数码配件,cart,1750311189,498.25,2
10307,20052,数码配件,buy,1750373581,487.58,1
10335,20174,数码配件,cart,1750302936,191.43,2
10433,20109,运动户外,view,1750331167,1070.78,1
10233,20179,运动户外,cart,1750221774,214.23,2
10379,20135,家电,view,1750277758,1897.24,3
10374,20003,美妆,cart,1750298254,555.0,2
10007,20154,运动户外,view,1750207998,838.64,3
10497,20171,数码配件,cart,1750300105,383.62,3
10340,20167,手机,view,1750291180,3494.2,3
10128,20101,手机,view,1750345762,7808.28,1
10263,20046,手机,view,1750268944,5614.74,2
10156,20093,美妆,view,1750269048,755.43,1
10351,20171,美妆,cart,1750364481,224.2,2
10357,20047,数码配件,view,1750221490,384.4,1
10004,20090,数码配件,view,1750268747,143.48,3
10494,20179,数码配件,view,1750218191,94.22,2
10085,20083,美妆,view,1750320640,434.81,1
10174,20067,运动户外,view,1750261159,742.37,3
10289,20138,运动户外,view,1750317457,209.6,1
10192,20124,美妆,cart,1750255865,644.18,3
10310,20072,美妆,view,1750204929,419.38,2
10118,20003,运动户外,view,1750251076,692.61,2
10217,20075,数码配件,view,1750373956,177.69,2
10426,20072,图书,cart,1750276965,52.37,3
10457,20076,数码配件,view,1750234021,331.66,1
10413,20047,运动户外,view,1750338374,1093.37,2
10113,20153,运动户外,view,1750318050,265.56,3
10465,20101,图书,view,1750294566,132.06,3
10144,20105,美妆,view,1750233298,227.86,1
10025,20076,家电,view,1750343841,2221.54,2
10135,20038,手机,view,1750259926,7637.76,3
10302,20057,美妆,view,1750308671,209.47,1
10231,20018,家电,view,1750340188,1628.53,2
10368,20087,美妆,view,1750275417,391.84,1
10075,20112,图书,view,1750284391,131.31,2
10474,20076,家电,view,1750287466,3906.84,2
10327,20076,图书,view,1750314146,71.16,1
10344,20185,运动户外,view,1750374090,608.79,1
10301,20027,运动户外,cart,1750257808,219.48,1
10451,20065,美妆,cart,1750302704,306.36,1
10288,20009,图书,view,1750351094,69.71,3
10000,20125,美妆,view,1750336643,250.49,2
10146,20057,图书,view,1750290123,51.61,3
10286,20141,运动户外,buy,1750216858,792.94,3
10463,20124,运动户外,view,1750332474,1108.89,1
10141,20111,图书,buy,1750220349,96.19,1
10052,20083,手机,view,1750301648,4380.23,2
10303,20142,图书,view,1750224195,37.46,2
10068,20095,美妆,view,1750244231,206.24,3
10360,20032,图书,view,1750319687,93.04,1
10089,20144,图书,view,1750273145,119.16,3
10445,20151,数码配件,cart,1750241622,360.31,1
10219,20157,美妆,cart,1750299494,319.77,2
10449,20189,美妆,cart,1750327568,228.9,1
10497,20140,运动户外,view,1750272702,398.99,2
10191,20189,数码配件,cart,1750236045,60.41,3
10453,20046,运动户外,view,1750217391,1006.06,3
10062,20111,手机,buy,1750209047,5561.31,3
10072,20143,运动户外,buy,1750290539,1159.79,3
10160,20193,运动户外,view,1750222392,533.75,3
10168,20042,手机,view,1750234247,7871.14,3
10088,20007,家电,cart,1750227797,4385.2,3
10175,20002,运动户外,view,1750223958,1192.95,3
10268,20124,运动户外,cart,1750244699,665.72,3
10072,20011,图书,view,1750293879,104.22,2
10244,20083,数码配件,cart,1750318150,382.76,1
10076,20015,运动户外,view,1750307022,206.35,1
10158,20077,手机,view,1750272656,5135.75,1
10488,20058,数码配件,view,1750324797,196.98,3
10458,20176,美妆,view,1750297768,675.07,3
10323,20062,数码配件,view,1750258839,397.85,2
10097,20189,家电,view,1750215142,3133.69,1
10380,20048,数码配件,view,1750287463,81.17,1
10101,20050,美妆,view,1750316023,312.05,2
10493,20032,家电,buy,1750297951,1868.94,1
10131,20029,家电,cart,1750237072,4777.55,2
10101,20186,手机,view,1750259479,6719.71,2
10018,20075,手机,view,1750258705,4995.89,2
10453,20014,数码配件,cart,1750250700,91.78,3
10481,20081,数码配件,cart,1750259755,104.77,1
10081,20091,运动户外,cart,1750287868,558.39,2
10396,20022,家电,view,1750337683,1363.16,2
10488,20093,运动户外,view,1750324587,,1
10278,20044,手机,view,1750231031,5100.07,2
10338,20061,图书,buy,1750318609,128.75,3
10364,20198,图书,view,1750375307,111.16,3
10330,20014,运动户外,cart,1750276815,215.85,3
10128,20045,美妆,cart,1750270073,131.76,1
10343,20063,数码配件,view,1750241557,283.38,3
10309,20173,运动户外,cart,1750259804,261.18,3
10454,20183,美妆,view,1750246083,532.29,2
10088,20171,家电,view,1750244483,3074.4,3
10212,20074,美妆,view,1750233476,715.35,1
10142,20156,手机,view,1750368721,4530.32,2
10064,20189,图书,view,1750211571,23.7,2
10075,20051,手机,cart,1750242638,3171.11,2
10198,20181,手机,view,1750342479,6812.51,1
10142,20087,家电,view,1750263179,2394.67,1
10404,20056,运动户外,buy,1750329499,312.41,2
10402,20082,运动户外,cart,1750240033,736.73,3
10315,20065,美妆,view,1750272134,,1
10092,20149,图书,view,1750365654,67.53,3
10472,20019,美妆,view,1750354547,444.96,1
10416,20032,家电,view,1750242180,1519.23,1
10304,20071,美妆,view,1750310663,166.35,2
10223,20024,数码配件,view,1750253198,151.8,3
10496,20045,美妆,view,1750325949,597.32,3
10290,20072,数码配件,view,1750274720,309.73,1
10427,20097,图书,view,1750356677,105.96,3
10101,20056,手机,cart,1750370443,6998.86,1
10473,20086,家电,buy,1750371164,1057.29,1
10266,20132,家电,view,1750354769,2290.13,2
10354,20054,运动户外,cart,1750356109,387.75,2
10455,20060,运动户外,buy,1750273692,653.19,3
10109,20088,运动户外,view,1750339670,479.31,2
10461,20007,图书,buy,1750294186,44.22,2
10329,20015,数码配件,view,1750294551,93.43,3
10449,20175,图书,view,1750373173,67.5,1
10429,20115,数码配件,view,1750324713,152.21,1
10264,20060,手机,view,1750295927,4478.57,2
10002,20014,运动户外,view,1750226549,1184.31,3
10084,20192,家电,view,1750338730,4765.0,1
10281,20149,家电,cart,1750209182,1887.43,1
10327,20130,美妆,cart,1750244585,467.9,3
10303,20101,数码配件,view,1750299868,410.12,3
10449,20053,家电,view,1750248513,4988.7,2
10453,20013,家电,view,1750371081,1662.54,3
10411,20035,家电,cart,1750244659,4004.42,3
10116,20104,数码配件,view,1750217622,140.99,2
10220,20081,图书,view,1750315231,87.83,2
10153,20066,运动户外,view,1750283441,921.55,1
10152,20009,手机,view,1750286485,5778.79,1
10011,20048,美妆,view,1750220324,771.49,2
10132,20110,家电,view,1750268360,,2
10481,20064,家电,view,1750255491,2564.0,1
10303,20056,图书,view,1750277208,145.24,1
10292,20026,运动户外,view,1750244605,939.65,1
10462,20112,运动户外,view,1750290644,475.47,1
10299,20132,美妆,view,1750231699,317.81,3
10227,20070,数码配件,view,1750283134,347.19,1
10270,20082,数码配件,cart,1750223255,254.47,3
10042,20056,图书,cart,1750215540,143.43,2
10431,20119,图书,view,1750358148,80.65,1
10342,20092,美妆,view,1750281111,656.12,1
10325,20014,数码配件,view,1750362955,498.92,3
10301,20110,图书,view,1750334438,130.5,3
10497,20100,运动户外,view,1750278253,838.06,3
10363,20118,美妆,view,1750337922,276.17,2
10378,20075,运动户外,view,1750298296,451.25,1
10426,20157,手机,view,1750268433,7029.96,3
10492,20019,运动户外,view,1750274465,633.77,1
10020,20164,美妆,view,1750353073,524.65,2
10406,20130,数码配件,view,1750305092,466.36,1
10106,20072,数码配件,view,1750373274,427.19,1
10335,20121,数码配件,view,1750267351,485.03,2
10302,20040,数码配件,view,1750315380,456.71,2
10116,20166,美妆,cart,1750320207,343.11,2
10123,20153,数码配件,cart,1750309314,66.77,3
10398,20129,美妆,cart,1750211521,568.35,1
10280,20022,数码配件,view,1750291035,333.73,1
10291,20022,图书,buy,1750324501,124.25,2
10202,20143,图书,cart,1750269995,64.73,2
10050,20008,运动户外,cart,1750371210,524.51,2
10270,20012,家电,view,1750348265,4083.24,3
10323,20155,图书,cart,1750249903,117.93,2
10276,20154,手机,view,1750264456,6082.01,2
10140,20050,图书,view,1750372428,113.85,2
10469,20063,图书,view,1750305121,103.13,1
10274,20051,图书,cart,1750293142,83.11,2
10289,20037,图书,cart,1750289409,144.71,1
10333,20099,手机,view,1750337476,4552.64,3
10380,20192,美妆,view,1750345900,629.74,1
10451,20145,运动户外,view,1750229274,275.94,1
10495,20190,美妆,view,1750310873,713.85,2
10372,20050,家电,cart,1750308807,3131.31,1
10051,20136,运动户外,view,1750281847,1156.07,3
10493,20140,数码配件,buy,1750263736,195.73,2
10026,20167,手机,view,1750276571,3775.06,1
10156,20054,运动户外,view,1750262203,895.08,1
10238,20108,家电,view,1750242909,4246.1,1
10155,20170,图书,view,1750365289,22.7,2
10290,20043,运动户外,view,1750353720,751.23,1
10135,20109,运动户外,view,1750309557,718.57,3
10143,20195,数码配件,cart,1750273348,490.61,3
10105,20160,图书,cart,1750301853,54.26,2
10419,20151,家电,view,1750240056,2428.3,2
10157,20163,美妆,view,1750238554,476.79,1
10145,20127,数码配件,cart,1750232274,290.91,3
10001,20104,家电,cart,1750373873,3870.26,3
10432,20009,家电,view,1750218746,3297.04,2
10076,20099,数码配件,view,1750221749,315.98,1
10131,20147,手机,view,1750219885,5794.98,2
10089,20108,运动户外,cart,1750297707,347.88,1
10344,20107,美妆,view,1750212029,276.41,3
10349,20139,数码配件,view,1750239758,366.9,2
10458,20189,家电,view,1750284665,2239.3,2
10262,20145,家电,view,1750311529,4503.87,1
10350,20093,数码配件,buy,1750206576,314.09,3
10107,20062,手机,cart,1750236174,4791.75,1
10073,20083,数码配件,view,1750247059,236.17,3
10038,20024,家电,view,1750251813,3406.1,1
10396,20011,手机,view,1750236126,5474.88,2
10158,20148,手机,view,1750306367,5017.78,2
10070,20024,运动户外,view,1750294792,338.51,1
10446,20010,手机,view,1750317616,3887.05,2
10311,20063,运动户外,view,1750257387,460.51,1
10240,20125,图书,buy,1750293855,102.29,2
10425,20049,手机,view,1750363701,3102.0,1
10444,20189,数码配件,view,1750248974,217.92,1
10297,20088,数码配件,view,1750285085,197.09,1
10439,20098,数码配件,view,1750249991,436.71,1
10035,20115,美妆,view,1750262045,227.25,2
10083,20095,手机,cart,1750362012,,2
10451,20176,数码配件,view,1750251328,248.31,3
10373,20013,家电,cart,1750367875,2780.43,1
10262,20000,数码配件,cart,1750236331,407.14,2
10309,20024,图书,view,1750359492,108.79,3
10384,20186,家电,buy,1750363004,2990.6,1
10171,20071,数码配件,buy,1750377418,472.02,3
10375,20068,运动户外,cart,1750350148,1144.01,1
10172,20132,图书,view,1750333451,38.38,1
10361,20104,运动户外,view,1750330740,258.62,3
10046,20146,美妆,cart,1750341073,513.79,1
10378,20022,美妆,view,1750352386,738.31,3
10140,20008,美妆,view,1750348030,375.93,3
10374,20117,家电,view,1750256715,1541.9,2
10405,20093,美妆,view,1750226397,404.6,2
10117,20177,手机,view,1750331705,4607.57,3
10276,20143,运动户外,view,1750280086,1192.29,3
10213,20032,美妆,view,1750254103,681.88,1
10219,20129,图书,cart,1750354556,117.22,3
10392,20013,家电,view,1750344861,3957.03,1
10025,20000,手机,buy,1750297013,4924.51,3
10008,20089,手机,cart,1750318519,6420.83,3
10270,20185,数码配件,view,1750302009,130.23,3
10009,20088,美妆,view,1750324661,250.15,1
10471,20143,家电,cart,1750258174,1291.85,2
10377,20089,家电,view,1750216657,3452.07,2
10120,20174,家电,buy,1750280937,,1
10124,20171,家电,view,1750291504,4660.98,1
10169,20013,运动户外,cart,1750310171,571.78,1
10071,20151,家电,view,1750272481,1984.69,2
10151,20110,美妆,view,1750368952,704.62,2
10207,20182,家电,buy,1750276264,3613.35,2
10048,20142,美妆,view,1750303662,676.49,2
10153,20082,家电,cart,1750362120,,1
10346,20071,美妆,view,1750322536,129.26,1
10292,20161,美妆,view,1750234784,149.37,1
10067,20129,家电,buy,1750252866,2954.15,3
10049,20026,图书,view,1750309186,116.21,2
10151,20073,数码配件,view,1750273350,434.98,1
10018,20098,手机,view,1750257786,7428.0,1
10099,20071,数码配件,cart,1750340649,140.35,1
10059,20022,运动户外,view,1750214769,311.41,2
10166,20067,家电,view,1750222468,3774.47,1
10201,20141,运动户外,view,1750242223,638.11,2
10344,20190,数码配件,cart,1750336820,348.29,1
10145,20116,家电,cart,1750208525,1175.03,1
10402,20105,图书,cart,1750250813,52.6,2
10163,20092,运动户外,view,1750307380,844.14,2
10457,20064,家电,buy,1750263844,3022.38,1
10480,20067,美妆,view,1750319847,560.61,1
10438,20127,运动户外,view,1750343357,445.78,2
10241,20062,数码配件,view,1750288044,296.21,1
10068,20112,手机,view,1750344856,5049.62,1
10174,20089,数码配件,cart,1750289120,375.84,2
10048,20080,手机,view,1750266053,3518.96,1
10482,20102,运动户外,view,1750306387,258.42,3
10107,20191,手机,cart,1750214026,6810.88,3
10225,20159,数码配件,view,1750329692,341.99,3
10160,20115,美妆,view,1750306188,579.93,2
10118,20012,美妆,view,1750270347,443.39,2
10148,20193,美妆,view,1750244944,743.6,2
10464,20123,数码配件,cart,1750279999,150.73,3
10149,20146,美妆,view,1750272226,777.16,1
10431,20151,图书,cart,1750283405,76.13,1
10292,20087,手机,view,1750346750,6553.43,1
10142,20010,运动户外,view,1750259352,826.5,2
10418,20186,运动户外,cart,1750323370,660.58,2
10475,20014,运动户外,view,1750309364,537.8,1
10454,20009,美妆,view,1750254860,272.2,3
10159,20040,家电,buy,1750367034,3917.23,2
10010,20154,运动户外,view,1750311809,963.98,2
10137,20187,美妆,view,1750328068,374.98,1
10456,20072,数码配件,view,1750368271,185.14,2
10077,20051,手机,view,1750245883,4688.42,3
10076,20127,运动户外,buy,1750320924,631.78,1
10440,20027,美妆,view,1750249978,497.18,2
10253,20064,美妆,view,1750372896,638.47,2
10408,20016,数码配件,cart,1750312617,139.01,2
10257,20094,运动户外,view,1750332381,938.47,2
10319,20171,数码配件,buy,1750369448,325.55,1
10290,20137,美妆,view,1750210427,145.75,1
10262,20062,手机,view,1750298305,3449.73,1
10084,20174,美妆,view,1750222107,249.11,2
10145,20037,数码配件,buy,1750321877,312.55,2
10322,20069,图书,cart,1750231407,57.67,3
10041,20103,家电,buy,1750313638,1608.07,1
10373,20052,数码配件,buy,1750352036,234.36,3
10124,20171,美妆,view,1750270176,788.31,1
10166,20118,美妆,buy,1750230246,736.43,1
10424,20073,家电,cart,1750329811,2891.25,1
10240,20053,手机,view,1750299796,7938.87,2
10458,20019,数码配件,view,1750210005,251.3,2
10486,20078,美妆,view,1750227084,719.92,2
10279,20030,手机,view,1750307984,6120.16,1
10187,20134,手机,buy,1750256476,6954.84,3
10301,20057,图书,view,1750226577,123.06,2
10018,20104,数码配件,buy,1750367817,272.64,3
10067,20009,运动户外,buy,1750271047,565.22,1
10217,20009,数码配件,view,1750210945,284.19,2
10101,20038,图书,buy,1750267401,26.76,3
10041,20155,图书,view,1750293278,149.5,1
10287,20157,图书,cart,1750324884,118.77,3
10166,20036,手机,view,1750368422,3156.87,1
10108,20118,美妆,view,1750257135,311.9,2
10493,20066,运动户外,view,1750275653,895.29,3
10035,20042,运动户外,view,1750316083,1003.15,2
10231,20051,美妆,view,1750273373,760.03,3
10228,20100,家电,view,1750322731,2066.69,3
10352,20055,手机,cart,1750338176,7566.71,1
10163,20075,手机,cart,1750232862,7031.13,1
10386,20067,手机,view,1750354722,3324.8,1
10072,20136,手机,cart,1750208325,3048.23,3
10135,20105,图书,cart,1750245758,100.27,3
10352,20124,美妆,buy,1750370213,778.38,2
10378,20091,美妆,view,1750241163,185.38,1
10069,20022,美妆,buy,1750228808,229.9,1
10424,20190,运动户外,cart,1750217906,433.08,3
10486,20108,手机,view,1750255299,6127.26,2
10195,20060,家电,cart,1750253575,2981.2,2
10268,20167,图书,cart,1750220860,96.94,2
10048,20043,家电,view,1750256631,1318.23,2
10315,20151,家电,cart,1750254435,3301.74,3
10129,20178,手机,cart,1750253833,3378.9,2
10443,20185,家电,view,1750360070,3541.19,2
10004,20160,数码配件,view,1750262015,338.27,2
10427,20015,图书,cart,1750343880,115.61,1
10026,20021,美妆,cart,1750278580,578.47,1
10159,20056,手机,view,1750220634,5469.62,3
10148,20061,运动户外,view,1750321698,964.43,1
10263,20106,美妆,view,1750299559,322.88,3
10229,20070,美妆,view,1750354012,771.51,2
10199,20089,美妆,cart,1750330746,415.55,2
10049,20071,运动户外,view,1750347908,689.09,3
10066,20069,家电,view,1750297309,1682.21,2
10299,20029,运动户外,cart,1750310507,524.37,2
10380,20102,运动户外,view,1750305873,342.08,2
10057,20150,手机,cart,1750304796,6941.33,3
10258,20031,家电,view,1750250093,1055.8,1
10341,20085,数码配件,buy,1750209096,147.65,2
10325,20056,运动户外,view,1750210483,,2
10129,20108,运动户外,view,1750348803,1029.78,2
10214,20008,家电,view,1750335645,3427.3,2
10171,20030,运动户外,buy,1750220465,359.82,2
10257,20070,手机,view,1750329764,4616.41,3
10101,20136,图书,view,1750334359,87.44,1
10208,20012,运动户外,view,1750370346,1156.86,1
10290,20185,图书,view,1750317259,108.93,3
10353,20130,手机,view,1750294216,5648.18,3
10470,20034,图书,cart,1750301679,,3
10285,20020,运动户外,view,1750314114,647.08,1
10115,20063,家电,buy,1750286729,3753.13,3
10263,20094,运动户外,cart,1750356114,755.0,2
10149,20179,美妆,view,1750289166,188.99,3
10299,20033,数码配件,buy,1750360208,153.02,3
10441,20120,家电,cart,1750352465,1996.4,2
10035,20162,手机,view,1750305500,7403.64,1
10452,20014,数码配件,view,1750326091,288.16,3
10332,20119,美妆,view,1750255441,414.64,2
10476,20095,美妆,view,1750220272,693.44,2
10286,20005,家电,view,1750298167,1012.21,3
10302,20108,运动户外,view,1750288695,983.68,2
10310,20096,图书,view,1750374103,89.72,1
10207,20031,数码配件,view,1750220676,183.03,3
10105,20179,家电,view,1750269871,3016.52,2
10445,20082,运动户外,cart,1750282965,1052.7,2
10157,20155,家电,view,1750375622,1101.13,3
10120,20117,运动户外,view,1750243496,664.94,2
10054,20191,美妆,view,1750321228,209.88,2
10399,20078,手机,buy,1750256647,5279.72,3
10011,20077,数码配件,view,1750238494,123.31,2
10144,20146,手机,view,1750349654,7338.69,2
10399,20106,图书,view,1750303111,128.13,3
10395,20125,手机,view,1750308487,6231.64,1
10135,20014,图书,view,1750373521,118.87,2
10467,20133,图书,view,1750338941,93.91,1
10002,20072,美妆,cart,1750221545,192.31,1
10143,20100,家电,view,1750266407,3091.12,1
10029,20097,图书,buy,1750312971,63.96,2
10236,20165,手机,view,1750342341,5725.56,2
10278,20025,美妆,cart,1750348480,586.21,1
10347,20091,家电,view,1750273155,1461.0,1
10114,20124,家电,view,1750211150,3734.09,1
10103,20178,美妆,cart,1750215913,257.86,1
10117,20072,家电,cart,1750240890,4799.86,3
10004,20122,图书,view,1750308558,118.28,1
10467,20052,数码配件,cart,1750313573,271.5,3
10359,20183,手机,view,1750259545,5948.34,1
10247,20186,数码配件,view,1750225935,207.22,3
10363,20197,图书,view,1750308918,127.77,1
10320,20077,家电,view,1750368061,4660.8,2
10120,20091,图书,view,1750246707,86.41,1
10285,20185,数码配件,view,1750273047,138.1,2
10148,20087,手机,view,1750321596,5258.25,3
10083,20012,美妆,view,1750258432,639.01,1
10453,20042,手机,view,1750258692,7023.18,1
10405,20075,数码配件,cart,1750260988,184.37,3
10465,20050,图书,view,1750368932,27.07,1
10455,20018,数码配件,cart,1750261634,429.6,3
10230,20148,手机,view,1750252226,4082.12,2
10287,20121,家电,view,1750290615,3879.77,2
10160,20023,运动户外,view,1750333691,365.26,2
10271,20025,数码配件,view,1750269947,407.75,1
10459,20172,数码配件,view,1750212978,50.12,3
10037,20155,手机,cart,1750204802,7733.94,2
10499,20119,运动户外,view,1750246608,768.11,1
10225,20081,手机,view,1750315730,6228.86,3
10141,20099,图书,view,1750210670,74.27,2
10291,20156,手机,cart,1750273671,4510.25,2
10480,20016,家电,view,1750212760,3546.84,2
10150,20067,家电,view,1750266352,1344.38,2
10113,20043,数码配件,view,1750210713,172.91,3
10236,20060,数码配件,view,1750244985,379.15,1
10065,20122,手机,view,1750214541,4887.13,2
10360,20092,运动户外,cart,1750208278,612.42,3
10340,20195,手机,view,1750278416,7797.14,3
10257,20073,图书,cart,1750274867,46.35,1
10474,20152,美妆,view,1750266356,710.39,3
10248,20066,运动户外,cart,1750216366,1195.84,3
10456,20110,运动户外,view,1750265491,902.95,3
10448,20001,美妆,view,1750361574,354.82,2
10330,20088,运动户外,cart,1750302649,744.59,3
10322,20176,图书,cart,1750288872,90.3,3
10179,20197,美妆,view,1750310124,221.77,2
10189,20025,运动户外,buy,1750243501,967.31,3
10406,20199,运动户外,view,1750317970,607.83,1
10153,20098,数码配件,view,1750298822,111.94,3
10195,20026,运动户外,view,1750247864,739.21,1
10465,20088,图书,view,1750368656,131.76,1
10310,20145,数码配件,view,1750246593,334.71,3
10261,20181,家电,buy,1750308700,4169.11,1
10418,20000,运动户外,cart,1750347405,1190.5,1
10405,20188,数码配件,view,1750349096,51.82,3
10426,20102,家电,cart,1750292591,3736.04,2
10142,20130,手机,view,1750302664,7182.34,3
10341,20195,运动户外,view,1750262228,1019.36,3
10315,20040,图书,cart,1750232699,109.41,1
10100,20164,美妆,view,1750254169,208.99,3
10243,20050,手机,cart,1750233059,7846.4,2
10489,20014,家电,buy,1750285161,3779.75,1
10011,20007,运动户外,view,1750372113,409.24,1
10238,20037,家电,view,1750236539,1124.39,1
10048,20113,家电,cart,1750222369,3721.93,2
10041,20082,运动户外,buy,1750298520,621.92,3
10165,20055,运动户外,view,1750294759,797.56,2
10081,20174,图书,view,1750359383,75.71,2
10428,20102,美妆,view,1750333600,129.31,1
10290,20137,运动户外,view,1750328950,231.04,2
10157,20101,数码配件,cart,1750358711,240.22,3
10215,20077,图书,buy,1750211963,109.03,2
10489,20176,手机,buy,1750227561,6795.25,2
10157,20168,图书,view,1750370291,30.79,1
10461,20082,运动户外,view,1750363032,537.38,2
10133,20029,手机,view,1750323079,5763.13,1
10066,20004,数码配件,view,1750238455,54.63,3
10335,20118,美妆,cart,1750321304,754.88,1
10006,20198,数码配件,view,1750352924,173.63,2
10435,20030,数码配件,view,1750358327,71.92,1
10013,20179,美妆,view,1750323217,221.74,2
10072,20022,家电,view,1750316665,3404.48,1
10398,20047,美妆,view,1750256998,686.16,2
10404,20108,运动户外,view,1750376208,587.3,1
10162,20039,运动户外,view,1750293947,382.68,3
10065,20005,数码配件,cart,1750321366,152.93,3
10346,20037,手机,view,1750363451,3696.03,3
10129,20168,手机,view,1750317514,4833.38,1
10418,20099,美妆,view,1750371217,585.67,3
10465,20026,手机,view,1750319171,3167.68,3
10205,20068,美妆,view,1750273685,145.62,3
10275,20056,图书,view,1750268561,85.92,1
10465,20016,手机,view,1750253766,3431.89,3
10255,20070,家电,view,1750302662,4986.08,3
10265,20046,图书,view,1750376835,146.21,1
10024,20078,数码配件,view,1750265682,301.85,1
10449,20109,家电,view,1750307222,3986.57,1
10280,20012,图书,view,1750234357,122.45,3
10252,20138,美妆,view,1750284319,471.36,1
10309,20123,图书,buy,1750260783,131.88,1
10288,20108,美妆,view,1750230764,435.11,1
10163,20089,运动户外,view,1750223390,827.03,1
10094,20085,美妆,view,1750222624,456.91,2
10269,20091,数码配件,buy,1750247983,82.67,1
10320,20023,美妆,cart,1750299623,687.84,1
10109,20072,图书,view,1750216048,117.81,2
10335,20003,运动户外,view,1750302758,871.66,2
10309,20112,运动户外,view,1750238177,1066.94,2
10237,20045,数码配件,buy,1750311369,279.3,3
10380,20017,美妆,view,1750280199,519.29,2
10435,20042,手机,view,1750222189,3154.57,3
10386,20160,手机,cart,1750372939,6885.24,1
10482,20092,图书,view,1750375237,56.51,2
10424,20102,图书,cart,1750285577,98.69,2
10389,20123,数码配件,view,1750359349,390.84,3
10024,20009,数码配件,buy,1750355267,322.34,1
10140,20072,运动户外,view,1750294560,891.42,3
10116,20186,数码配件,view,1750369720,78.32,2
10481,20030,图书,cart,1750264527,97.28,2
10391,20155,图书,buy,1750296160,93.58,2
10404,20059,家电,cart,1750312682,3070.69,2
10481,20130,图书,view,1750254175,107.06,3
10451,20117,家电,cart,1750254598,,3
10024,20182,美妆,view,1750288985,479.94,1
10078,20013,运动户外,view,1750281204,373.42,3
10067,20185,家电,view,1750293240,4159.78,1
10172,20142,美妆,cart,1750307463,362.5,2
10443,20001,美妆,view,1750345678,497.73,2
10011,20023,家电,view,1750237418,1288.2,2
10287,20063,数码配件,buy,1750254326,51.47,2
10127,20198,运动户外,view,1750357782,1190.85,2
10095,20099,数码配件,view,1750218167,139.64,2
10091,20113,美妆,buy,1750329677,516.69,2
10140,20023,运动户外,view,1750237021,339.73,2
10030,20154,手机,view,1750232970,3351.4,3
10333,20164,数码配件,view,1750315756,402.74,1
10019,20090,手机,cart,1750207383,5832.84,1
10145,20166,图书,buy,1750279298,113.54,2
10476,20190,家电,view,1750354383,3473.25,2
10315,20025,数码配件,view,1750210817,156.36,3
10446,20064,数码配件,view,1750305272,148.94,1
10389,20119,数码配件,view,1750228701,479.51,3
10159,20003,美妆,view,1750332269,781.86,1
10348,20156,手机,view,1750268245,5032.01,2
10042,20000,数码配件,view,1750262561,128.09,2
10253,20049,手机,view,1750318883,6355.81,3
10129,20109,数码配件,cart,1750265664,250.77,1
10059,20138,手机,view,1750244222,5220.67,3
10150,20073,运动户外,cart,1750210836,950.69,3
10466,20186,图书,view,1750319265,107.53,3
10286,20061,图书,view,1750366185,84.87,2
10498,20080,运动户外,view,1750225078,572.96,3
10004,20163,美妆,view,1750310707,217.87,1
10466,20055,家电,view,1750270012,2620.41,3
10417,20110,图书,cart,1750327932,,1
10265,20020,美妆,buy,1750221759,270.85,2
10344,20140,美妆,cart,1750295287,372.21,2
10129,20008,运动户外,view,1750321539,636.29,2
10381,20138,手机,view,1750275348,4741.15,2
10266,20069,图书,view,1750358283,41.91,3
10177,20128,数码配件,view,1750214314,414.56,2
10252,20117,图书,view,1750246416,49.72,1
10414,20197,数码配件,view,1750225576,72.53,3
10055,20055,图书,view,1750319066,58.11,2
10462,20030,家电,view,1750341248,2246.39,1
10456,20036,家电,cart,1750354906,3483.78,3
10470,20174,美妆,view,1750315756,483.56,1
10082,20090,家电,view,1750362776,4845.37,3
10392,20113,手机,view,1750251653,3507.55,3
10098,20127,手机,cart,1750301512,5767.19,3
10148,20174,家电,view,1750269194,4728.6,1
10328,20121,图书,cart,1750339344,119.63,1
10155,20068,数码配件,view,1750240176,75.58,1
10189,20185,手机,view,1750268219,7232.69,3
10493,20035,图书,view,1750269232,56.31,2
10370,20031,家电,cart,1750247290,3853.72,3
10262,20063,数码配件,cart,1750303739,80.18,1
10079,20198,手机,view,1750333239,5644.47,3
10399,20169,运动户外,view,1750342438,926.23,2
10251,20047,美妆,buy,1750363532,347.75,3
10096,20080,美妆,cart,1750270710,383.64,3
10259,20157,运动户外,view,1750237893,1057.93,1
10259,20148,家电,view,1750283034,4978.86,1
10102,20059,数码配件,buy,1750283316,222.16,2
10039,20140,手机,view,1750209005,3993.51,1
10272,20000,运动户外,cart,1750322749,950.35,3
10100,20064,美妆,view,1750308703,655.63,1
10358,20032,家电,view,1750319888,1908.29,2
10379,20037,运动户外,view,1750302204,912.89,1
10307,20024,运动户外,view,1750269121,1159.62,1
10220,20153,美妆,buy,1750218724,306.79,2
10307,20058,运动户外,buy,1750318408,1087.05,1
10419,20160,数码配件,view,1750349400,419.49,2
10123,20100,手机,buy,1750330487,7343.15,1
10421,20126,图书,view,1750337632,60.34,1
10230,20040,手机,buy,1750352017,3729.7,2
10177,20157,手机,view,1750341400,4093.47,2
10062,20056,手机,view,1750365474,4670.2,2
10484,20176,图书,view,1750218147,57.04,3
10115,20047,数码配件,view,1750332599,247.28,2
10190,20071,数码配件,view,1750353265,400.69,3
10061,20176,手机,buy,1750303870,3766.65,2
10255,20174,美妆,cart,1750371315,612.01,2
10482,20055,家电,view,1750229229,4659.98,3
10006,20064,运动户外,view,1750216337,420.24,2
10154,20011,手机,buy,1750354037,3972.47,1
10091,20068,运动户外,cart,1750316712,1083.17,3
10469,20133,数码配件,view,1750204948,462.23,1
10013,20088,家电,cart,1750331327,2062.03,1
10454,20192,家电,view,1750334163,4924.79,1
10228,20024,手机,view,1750294646,7058.45,3
10085,20000,美妆,buy,1750272455,695.42,3
10132,20159,数码配件,view,1750291464,455.6,3
10182,20130,美妆,view,1750359407,208.92,3
10385,20048,美妆,view,1750269103,515.7,1
10061,20146,手机,view,1750338188,4360.94,2
10218,20059,运动户外,buy,1750218244,1191.31,3
10404,20156,图书,cart,1750243589,53.49,3
10245,20177,家电,cart,1750270005,1875.81,2
10229,20001,家电,buy,1750337403,3789.53,2
10078,20072,运动户外,cart,1750291625,619.29,2
10148,20183,手机,view,1750222185,6115.29,2
10137,20144,手机,view,1750245182,7075.3,2
10470,20187,运动户外,buy,1750301892,533.79,1
10313,20109,图书,view,1750333738,134.28,2
10375,20163,数码配件,view,1750266433,243.55,2
10422,20060,家电,view,1750246531,1659.58,3
10388,20016,图书,view,1750231187,130.92,1
10064,20048,手机,cart,1750346454,3042.45,2
10012,20075,运动户外,cart,1750374661,1134.37,1
10212,20187,手机,view,1750239791,3887.87,2
10473,20147,图书,view,1750298451,139.35,3
10241,20177,数码配件,view,1750286003,124.35,2
10492,20130,手机,view,1750215158,5914.32,3
10212,20042,手机,cart,1750249347,3961.24,2
10180,20056,运动户外,view,1750366132,793.37,3
10337,20049,手机,cart,1750221824,4422.22,2
10484,20195,数码配件,cart,1750339775,120.83,1
10172,20177,运动户外,view,1750213197,889.03,2
10159,20036,图书,view,1750323422,110.34,2
10163,20045,数码配件,view,1750309944,344.07,2
10464,20169,家电,cart,1750290418,4388.49,1
10482,20014,家电,view,1750214446,3812.94,1
10496,20160,手机,view,1750233026,3588.59,2
10187,20079,家电,view,1750292022,1293.77,3
10394,20138,图书,view,1750318920,113.42,2
10190,20147,手机,buy,1750349535,6341.35,3
10404,20023,数码配件,view,1750328853,369.1,3
10307,20124,手机,view,1750295262,4953.97,1
10255,20191,手机,view,1750270907,7265.34,2
10182,20117,家电,cart,1750308999,2854.02,3
10116,20079,图书,view,1750315516,126.05,3
10281,20093,图书,buy,1750253024,117.7,1
10195,20064,家电,buy,1750332436,2663.2,2
10033,20087,家电,view,1750339223,1561.36,3
10051,20087,运动户外,buy,1750252120,1107.31,2
10111,20144,手机,cart,1750294705,6157.69,3
10251,20125,图书,view,1750336154,33.6,1
10081,20088,家电,view,1750337177,3721.42,2
10231,20060,数码配件,view,1750359592,287.93,3
10226,20014,数码配件,view,1750215135,396.37,2
10232,20093,美妆,view,1750324452,303.14,1
10220,20050,图书,view,1750369175,72.95,1
10435,20026,运动户外,cart,1750326315,617.25,3
10412,20073,数码配件,view,1750359699,191.83,1
10421,20060,运动户外,view,1750214947,1091.51,1
10041,20185,美妆,buy,1750274364,277.9,1
10020,20030,数码配件,view,1750322568,149.81,1
10041,20011,运动户外,view,1750224750,247.76,2
10396,20045,数码配件,cart,1750314049,295.95,1
10112,20158,数码配件,cart,1750372577,379.74,2
10104,20031,数码配件,view,1750356889,273.49,1
10191,20159,数码配件,view,1750235175,179.4,1
10016,20180,运动户外,view,1750347685,528.59,3
10119,20060,家电,view,1750290986,2718.0,3
10392,20045,家电,buy,1750238846,1082.76,3
10424,20084,美妆,view,1750272195,560.22,2
10128,20079,家电,buy,1750247767,1816.37,2
10129,20134,手机,cart,1750346965,4443.89,3
10059,20003,数码配件,view,1750245581,84.3,1
10047,20051,手机,buy,1750275592,3329.91,1
10028,20158,手机,cart,1750335993,4687.65,3
10096,20111,运动户外,view,1750365852,,2
10009,20035,手机,view,1750251041,3460.15,2
10241,20181,家电,view,1750209578,2001.1,3
10313,20053,手机,buy,1750294479,3811.46,1
10443,20118,数码配件,cart,1750330285,290.66,3
10231,20126,图书,view,1750318151,130.96,1
10276,20016,数码配件,cart,1750248715,231.11,1
10283,20074,数码配件,view,1750222337,398.06,3
10202,20157,家电,cart,1750334397,4735.18,3
10246,20104,运动户外,view,1750256996,842.53,1
10289,20149,手机,view,1750297971,3018.61,1
10263,20116,美妆,buy,1750313729,554.1,3
10442,20042,手机,buy,1750227141,7310.03,1
10213,20111,手机,view,1750235338,5807.06,3
10199,20114,家电,view,1750349399,3214.34,3
10432,20026,图书,view,1750372068,125.41,2
10078,20036,家电,view,1750281726,4288.66,1
10400,20045,手机,view,1750240692,4501.03,3
10443,20112,图书,cart,1750278375,149.91,2
10342,20034,运动户外,buy,1750300164,1175.13,1
10343,20131,运动户外,view,1750210759,499.82,1
10172,20079,图书,view,1750240825,112.53,3
10466,20079,数码配件,view,1750234520,95.06,1
10068,20153,图书,cart,1750237234,61.38,1
10415,20120,数码配件,view,1750265491,410.17,1
10427,20146,图书,view,1750346700,118.88,1
10448,20121,美妆,view,1750347947,504.15,2
10086,20080,数码配件,view,1750310614,95.2,1
10100,20172,图书,buy,1750377263,74.62,2
10007,20153,图书,cart,1750229524,37.8,3
10332,20149,手机,view,1750327804,5384.89,2
10199,20118,运动户外,view,1750359688,464.28,3
10086,20057,家电,view,1750374796,1673.52,3
10042,20062,美妆,cart,1750209215,541.59,2
10384,20155,家电,cart,1750338410,1506.65,1
10108,20192,运动户外,view,1750276447,722.98,3
10434,20171,美妆,cart,1750348340,231.28,1
10407,20099,手机,view,1750306627,6066.29,1
10482,20170,数码配件,view,1750359666,111.29,2
10151,20164,数码配件,view,1750237475,162.06,3
10016,20065,运动户外,view,1750205180,805.26,1
10132,20144,运动户外,view,1750238404,946.79,3
10147,20167,家电,cart,1750270016,3320.82,1
10276,20165,美妆,view,1750217006,798.7,3
10231,20084,手机,view,1750261982,3664.81,2
10313,20188,手机,view,1750233838,6259.26,3
10414,20136,手机,view,1750321997,4706.78,1
10365,20188,家电,cart,1750301467,4142.39,2
10227,20143,运动户外,view,1750276906,718.87,2
10138,20122,美妆,view,1750259006,544.54,2
10435,20001,图书,view,1750268440,106.56,2
10398,20105,运动户外,buy,1750270889,637.45,1
10210,20107,运动户外,view,1750220421,261.4,3
10390,20071,运动户外,view,1750233745,403.84,2
10498,20170,家电,view,1750208409,1708.24,2
10027,20125,数码配件,view,1750284280,254.49,3
10050,20169,家电,view,1750277050,3753.72,2
10490,20056,运动户外,view,1750319652,680.35,1
10441,20080,手机,cart,1750305615,6226.1,1
10260,20194,数码配件,view,1750233589,470.29,2
10260,20157,美妆,view,1750230708,278.37,2
10349,20140,美妆,view,1750310631,317.15,1
10351,20018,手机,view,1750268035,7424.04,2
10007,20006,图书,cart,1750350541,118.51,3
10319,20136,数码配件,cart,1750252758,288.46,3
10137,20053,运动户外,buy,1750209930,203.37,2
10037,20103,美妆,cart,1750294268,393.81,1
10110,20085,运动户外,view,1750285104,308.47,3
10479,20081,运动户外,view,1750358466,1004.59,1
10367,20060,美妆,view,1750362498,689.34,3
10219,20086,数码配件,view,1750368540,220.96,1
10336,20001,家电,view,1750298354,4431.19,2
10222,20177,家电,view,1750317737,2972.6,3
10135,20030,手机,view,1750240712,3515.96,1
10255,20032,运动户外,cart,1750312897,404.96,3
10359,20079,美妆,view,1750348603,576.67,2
10408,20010,美妆,view,1750262070,616.62,2
10328,20160,手机,view,1750358809,3058.49,2
10449,20127,手机,buy,1750322722,6215.1,1
10462,20134,手机,view,1750235937,4183.55,1
10433,20127,图书,cart,1750369716,89.8,1
10450,20030,手机,view,1750248587,4385.41,3
10048,20175,美妆,cart,1750333132,748.36,1
10291,20125,运动户外,cart,1750336842,300.09,3
10381,20046,家电,buy,1750316763,2110.68,3
10323,20180,图书,buy,1750350627,117.93,3
10077,20106,家电,view,1750369218,1390.04,3
10104,20018,手机,view,1750245944,3962.72,1
10168,20080,美妆,view,1750259606,225.57,1
10216,20122,家电,view,1750322625,1245.1,1
10377,20133,数码配件,view,1750258320,103.04,2
10118,20106,美妆,cart,1750317999,632.76,1
10189,20048,美妆,view,1750328985,730.81,2
10254,20072,手机,view,1750250700,3175.65,3
10369,20049,运动户外,view,1750260318,964.42,1
10265,20080,家电,view,1750248365,2738.47,2
10148,20094,美妆,view,1750343963,488.5,3
10163,20011,数码配件,buy,1750246060,448.87,3
10139,20022,数码配件,view,1750322518,147.01,2
10346,20053,家电,view,1750277984,4178.87,2
10487,20117,图书,view,1750210050,140.41,1
10257,20196,运动户外,view,1750326662,972.56,1
10373,20058,数码配件,view,1750218901,362.53,1
10268,20163,美妆,cart,1750234465,764.69,3
10180,20002,运动户外,view,1750240246,849.66,1
10159,20057,数码配件,view,1750237942,,1
10350,20182,手机,view,1750224243,6034.51,1
10399,20056,数码配件,view,1750345719,202.6,1
10287,20144,图书,view,1750251542,91.36,1
10287,20166,运动户外,view,1750241424,1037.9,1
10379,20089,美妆,view,1750368598,462.57,2
10225,20195,手机,view,1750225812,6169.27,3
10010,20054,图书,view,1750293321,108.57,1
10009,20044,手机,cart,1750211145,6900.24,3
10270,20000,手机,view,1750371796,3824.62,3
10272,20020,手机,view,1750230558,3952.11,2
10423,20020,数码配件,view,1750370172,75.76,3
10401,20051,数码配件,view,1750297425,117.4,2
10182,20081,运动户外,view,1750336925,994.69,3
10456,20170,图书,cart,1750227092,53.9,3
10152,20179,家电,view,1750329784,3305.54,2
10487,20066,运动户外,view,1750244272,967.99,1
10314,20112,图书,view,1750287143,122.48,2
10333,20043,运动户外,view,1750211681,634.69,1
10123,20159,数码配件,view,1750269185,347.92,2
10472,20009,图书,view,1750340037,31.53,2
10113,20063,数码配件,view,1750237028,219.97,1
10277,20068,运动户外,view,1750264528,469.41,2
10499,20067,图书,view,1750249426,67.61,3
10413,20027,运动户外,cart,1750215122,752.54,3
10467,20180,运动户外,view,1750312327,407.92,3
10212,20115,数码配件,view,1750209254,328.14,3
10171,20050,美妆,buy,1750342641,699.31,1
10287,20180,家电,view,1750217117,2071.24,1
10434,20003,运动户外,view,1750350497,728.58,3
10173,20078,美妆,view,1750272606,537.9,3
10112,20016,家电,view,1750270077,2894.57,3
10375,20107,家电,view,1750343296,4055.41,3
10404,20194,手机,view,1750221978,4211.14,1
10482,20073,美妆,view,1750249592,574.53,3
10121,20174,数码配件,view,1750285408,350.14,2
10031,20183,图书,view,1750314847,51.55,3
10221,20022,家电,view,1750343296,3900.91,2
10118,20017,家电,view,1750270820,4843.09,1
10038,20128,运动户外,cart,1750281247,1022.04,3
10496,20034,运动户外,view,1750302754,1146.14,2
10267,20063,手机,view,1750301543,6943.3,2
10232,20185,数码配件,view,1750210898,182.22,3
10430,20058,手机,view,1750278144,4538.65,2
10017,20000,数码配件,view,1750337239,416.62,1
10148,20130,家电,cart,1750350575,2473.49,3
10396,20066,数码配件,view,1750277003,423.69,2
10148,20036,美妆,buy,1750220929,425.98,3
10125,20028,美妆,view,1750372331,302.79,1
10391,20088,图书,view,1750259571,139.14,2
10301,20160,家电,cart,1750287394,2030.87,3
10359,20099,手机,view,1750241871,4109.39,1
10237,20188,手机,view,1750342743,5999.28,2
10134,20121,美妆,cart,1750217469,186.65,3
10150,20089,家电,view,1750256701,1365.67,2
10235,20131,家电,view,1750263970,3576.11,1
10223,20013,运动户外,cart,1750226784,923.36,3
10202,20160,数码配件,view,1750306863,482.77,1
10255,20149,运动户外,buy,1750349647,1058.38,3
10085,20175,数码配件,cart,1750253251,54.8,1
10149,20130,手机,buy,1750232782,3146.99,2
10234,20084,运动户外,view,1750361351,327.91,3
10344,20150,手机,view,1750328603,4886.46,3
10021,20195,美妆,view,1750361056,610.48,1
10347,20020,美妆,buy,1750367606,741.67,3
10284,20170,家电,view,1750295447,3438.97,1
10268,20025,手机,view,1750237089,6018.46,3
10465,20040,美妆,cart,1750346155,300.79,2
10257,20121,家电,view,1750294702,3119.55,1
10028,20037,数码配件,view,1750255840,498.62,1
10212,20087,美妆,view,1750362601,250.91,3
10462,20010,家电,view,1750292668,2805.17,2
10435,20028,运动户外,view,1750214363,455.15,3
10282,20059,美妆,cart,1750341031,305.76,3
10049,20194,运动户外,buy,1750300963,242.85,3
10094,20192,手机,cart,1750333873,4687.46,2
10462,20060,运动户外,view,1750216952,990.73,3
10498,20146,美妆,view,1750316608,622.44,1
10406,20173,手机,buy,1750219319,7374.15,3
10087,20176,家电,view,1750364033,2591.32,1
10043,20021,手机,view,1750223852,6424.54,2
10460,20077,美妆,view,1750262105,766.95,2
10277,20112,图书,view,1750338251,126.26,3
10170,20184,家电,view,1750369001,1435.09,2
10420,20122,运动户外,cart,1750242180,844.15,3
10188,20141,家电,buy,1750280926,4325.57,3
10352,20043,手机,view,1750350166,4520.03,1
10183,20143,数码配件,buy,1750294612,401.11,2
10002,20096,家电,view,1750349054,3668.43,3
10190,20076,数码配件,view,1750266075,70.75,3
10117,20139,图书,view,1750231663,36.14,3
10018,20054,图书,view,1750363575,110.22,1
10022,20050,数码配件,view,1750221797,304.01,2
10412,20101,图书,view,1750323579,141.55,2
10029,20166,数码配件,cart,1750361522,231.28,3
10294,20160,数码配件,view,1750368504,331.68,3
10107,20160,运动户外,cart,1750349686,856.77,3
10366,20028,数码配件,cart,1750324390,385.71,1
10280,20068,数码配件,view,1750300792,290.87,3
10127,20197,运动户外,view,1750243317,768.76,2
10228,20158,数码配件,view,1750335986,59.57,2
10110,20079,数码配件,view,1750255774,488.68,1
10135,20030,家电,view,1750263265,4356.75,2
10361,20111,家电,cart,1750352626,2719.5,3
10185,20045,手机,view,1750351052,6498.39,2
10143,20096,家电,view,1750314298,1470.87,1
10071,20051,美妆,view,1750285934,624.49,3
10128,20137,美妆,view,1750290200,524.71,3
10363,20073,美妆,view,1750268753,353.26,3
10260,20040,家电,view,1750209387,3244.61,2
10002,20076,手机,cart,1750235681,7800.1,1
10448,20130,美妆,view,1750212648,403.9,3
10387,20186,家电,view,1750347537,4052.42,3
10103,20113,家电,view,1750349140,2064.15,2
10482,20051,数码配件,view,1750223885,233.12,1
10223,20161,手机,view,1750230556,7043.71,3
10319,20176,美妆,cart,1750343344,636.54,2
10361,20155,数码配件,view,1750236306,465.72,2
10353,20086,家电,cart,1750243846,2594.68,1
10490,20108,数码配件,cart,1750338239,189.83,2
10472,20140,美妆,cart,1750247855,698.25,2
10009,20068,家电,view,1750339515,3670.87,2
10404,20119,数码配件,view,1750221211,448.36,1
10383,20066,手机,cart,1750336894,6816.27,1
10301,20060,手机,view,1750365203,3966.66,2
10230,20187,手机,view,1750343162,3331.11,1
10218,20070,数码配件,view,1750369914,86.05,3
10410,20151,手机,cart,1750323587,4606.96,2
10065,20190,家电,cart,1750357489,3087.23,2
10424,20188,美妆,view,1750301363,200.55,1
10111,20150,美妆,view,1750334631,111.77,2
10012,20029,运动户外,view,1750220052,590.74,3
10392,20187,运动户外,cart,1750312710,926.02,3
10499,20145,家电,view,1750350411,2378.2,1
10419,20095,美妆,cart,1750329092,607.49,2
10085,20055,手机,buy,1750362557,5827.11,1
10233,20052,图书,view,1750344663,141.75,2
10089,20006,手机,buy,1750323778,3992.2,1
10313,20096,手机,buy,1750287165,7770.97,2
10053,20196,美妆,buy,1750310001,241.83,1
10011,20112,运动户外,view,1750207589,279.15,1
10208,20124,家电,view,1750247629,1314.38,1
10461,20199,运动户外,view,1750267183,950.34,3
10013,20179,美妆,view,1750347960,427.41,3
10120,20131,图书,view,1750322106,44.75,1
10417,20161,美妆,view,1750360134,314.97,1
10436,20196,美妆,buy,1750289478,705.19,1
10376,20160,家电,cart,1750216072,2176.07,1
10019,20120,运动户外,view,1750266799,1194.93,2
10074,20196,家电,view,1750309227,4328.0,2
10399,20037,数码配件,view,1750326226,113.8,3
10242,20121,运动户外,view,1750253728,370.32,1
10222,20025,手机,cart,1750333663,6195.31,3
10069,20128,数码配件,cart,1750255494,,2
10311,20003,数码配件,buy,1750354882,238.94,3
10210,20038,图书,cart,1750363788,83.87,2
10100,20053,家电,cart,1750265520,4466.33,3
10185,20160,家电,cart,1750251256,4392.3,3
10131,20032,美妆,buy,1750293528,385.9,1
10110,20199,数码配件,cart,1750210807,481.9,2
10380,20019,美妆,view,1750317178,603.43,2
10131,20015,美妆,buy,1750330189,183.3,3
10019,20148,手机,view,1750266652,7690.97,2
10393,20172,数码配件,cart,1750208853,115.94,2
10023,20126,手机,view,1750377529,3718.15,1
10226,20086,家电,view,1750246537,2397.22,1
10153,20081,运动户外,view,1750208688,859.56,2
10292,20061,数码配件,buy,1750274244,471.68,2
10229,20030,数码配件,view,1750375534,82.79,1
10468,20041,手机,buy,1750353662,3693.72,2
10309,20011,运动户外,cart,1750350952,1154.89,3
10487,20064,数码配件,cart,1750317511,170.83,3
10358,20072,数码配件,view,1750209037,402.51,1
10404,20130,家电,cart,1750291538,1151.15,1
10201,20114,数码配件,view,1750346956,153.41,2
10037,20136,美妆,view,1750337801,583.98,2
10429,20105,美妆,view,1750293331,717.74,3
10259,20178,数码配件,view,1750374478,333.28,1
10187,20015,图书,view,1750337847,101.39,2
10056,20077,手机,view,1750298369,5207.03,1
10428,20124,家电,cart,1750307166,2606.61,2
10019,20130,家电,view,1750253758,4888.44,1
10272,20151,数码配件,view,1750225245,221.2,3
10118,20140,手机,cart,1750325754,6318.46,2
10070,20129,数码配件,view,1750244099,223.01,3
10003,20198,数码配件,buy,1750245147,277.61,1
10220,20111,图书,view,1750214808,45.5,3
10013,20126,数码配件,view,1750309288,285.97,3
10002,20020,家电,view,1750301447,4169.62,1
10215,20146,美妆,view,1750299265,120.93,2
10228,20088,运动户外,cart,1750324504,531.88,3
10335,20046,手机,view,1750278094,3624.13,3
10185,20149,家电,cart,1750302980,2370.53,2
10054,20160,图书,view,1750325566,88.07,3
10499,20159,运动户外,view,1750365071,553.02,2
10387,20191,家电,view,1750239690,3535.8,3
10375,20084,数码配件,cart,1750307399,431.03,1
10253,20166,家电,view,1750354902,4606.07,1
10023,20127,图书,view,1750290751,53.89,1
10161,20071,数码配件,cart,1750331494,375.09,1
10157,20041,图书,view,1750249851,145.92,2
10081,20008,数码配件,view,1750294800,362.57,3
10402,20024,数码配件,cart,1750263403,216.52,3
10158,20001,手机,view,1750300693,4956.1,1
10187,20018,美妆,view,1750306060,283.99,3
10059,20019,图书,view,1750332665,61.66,3
10402,20069,图书,cart,1750255697,49.15,2
10304,20016,美妆,view,1750339099,714.43,3
10318,20123,手机,buy,1750330948,3565.98,3
10365,20088,运动户外,view,1750292255,399.15,3
10210,20195,家电,view,1750300279,1150.76,1
10405,20093,运动户外,view,1750323728,525.25,1
10151,20083,图书,cart,1750261579,46.3,3
10108,20130,家电,view,1750314765,4544.4,2
10075,20086,美妆,cart,1750267229,467.17,2
10029,20050,运动户外,cart,1750367531,245.79,2
10313,20081,家电,view,1750233401,3573.25,2
10485,20153,手机,view,1750324503,,2
10116,20183,数码配件,view,1750359919,498.92,3
10414,20191,运动户外,view,1750239307,805.07,2
10355,20007,手机,view,1750339609,3648.88,3
10191,20164,数码配件,cart,1750247474,206.74,1
10018,20120,图书,view,1750317037,138.68,2
10431,20154,手机,buy,1750357778,7320.17,3
10172,20172,运动户外,cart,1750320720,649.78,2
10227,20003,图书,cart,1750293375,37.97,3
10349,20085,图书,buy,1750278099,136.11,3
10182,20127,美妆,view,1750300144,511.82,2
10112,20109,美妆,cart,1750336404,301.62,1
10182,20098,图书,buy,1750226552,138.36,3
10480,20036,运动户外,buy,1750206440,225.4,1
10145,20070,手机,view,1750372353,4534.21,1
10318,20032,数码配件,view,1750266776,154.44,1
10115,20030,美妆,cart,1750235138,718.16,2
10112,20182,图书,view,1750293910,20.72,2
10250,20124,手机,view,1750316390,6167.09,3
10475,20011,美妆,view,1750284298,170.26,2
10250,20010,数码配件,view,1750358530,222.38,3
10302,20087,美妆,view,1750263018,449.71,2
10458,20071,运动户外,cart,1750281521,988.83,3
10312,20031,运动户外,view,1750300821,206.37,3
10117,20056,美妆,cart,1750280274,743.47,1
10300,20165,手机,view,1750250117,7026.92,3
10160,20187,数码配件,cart,1750239855,97.64,1
10400,20085,手机,view,1750373921,6032.9,1
10197,20018,美妆,view,1750303669,164.82,3
10259,20115,手机,cart,1750313686,5597.95,2
10147,20183,运动户外,view,1750326221,917.54,2
10239,20013,手机,view,1750310712,6834.68,3
10046,20032,美妆,view,1750252160,419.22,2
10474,20009,运动户外,view,1750300007,460.34,3
10398,20079,美妆,view,1750245368,194.97,3
10197,20191,手机,view,1750338736,6093.06,3
10046,20063,美妆,view,1750349975,729.76,1
10077,20189,美妆,view,1750252419,137.17,3
10123,20067,运动户外,buy,1750250819,845.42,1
10074,20091,运动户外,view,1750261756,398.32,3
10358,20124,美妆,view,1750212472,230.3,2
10136,20170,家电,view,1750353402,3306.59,3
10089,20079,家电,cart,1750231226,4526.23,3
10399,20058,运动户外,cart,1750358200,857.25,1
10324,20179,美妆,view,1750242515,487.2,1
10499,20096,家电,view,1750268899,2454.77,3
10060,20018,数码配件,view,1750285556,300.17,2
10137,20148,运动户外,view,1750326179,924.79,3
10049,20021,美妆,cart,1750307844,253.21,2
10258,20008,家电,buy,1750273229,3284.17,2
10460,20008,数码配件,cart,1750365025,398.72,3
10106,20026,美妆,view,1750363032,725.29,3
10112,20016,运动户外,view,1750320180,771.04,1
10349,20171,家电,view,1750361010,1985.96,2
10253,20044,数码配件,buy,1750260960,373.44,2
10117,20007,美妆,cart,1750356733,328.81,3
10492,20145,数码配件,view,1750230635,117.16,1
10197,20124,图书,view,1750219031,122.78,3
10336,20122,家电,view,1750274349,4533.49,3
10364,20032,运动户外,view,1750326854,1139.73,3
10050,20000,数码配件,view,1750296370,306.01,3
10244,20005,家电,view,1750302368,3888.18,3
10402,20040,数码配件,view,1750345044,156.56,2
10425,20182,手机,cart,1750215400,7612.74,1
10034,20004,手机,view,1750306472,4510.52,3
10301,20186,手机,cart,1750355231,7275.93,2
10409,20079,手机,view,1750247530,4734.44,1
10498,20017,美妆,view,1750229328,749.98,1
10068,20176,家电,view,1750358646,1669.92,3
10348,20081,图书,view,1750256924,32.02,2
10319,20064,图书,view,1750255354,,1
10420,20082,数码配件,cart,1750355938,460.24,2
10467,20181,运动户外,view,1750335836,886.77,1
10048,20188,数码配件,buy,1750217492,115.33,3
10404,20135,家电,cart,1750246062,1462.24,1
10073,20130,美妆,buy,1750312308,772.08,2
10191,20024,美妆,view,1750228192,180.62,1
10260,20068,手机,view,1750252171,3522.53,1
10355,20182,手机,view,1750240448,3159.59,3
10069,20167,图书,view,1750319523,140.32,1
10089,20081,家电,buy,1750260922,3987.09,1
10259,20177,图书,view,1750293224,76.09,1
10125,20116,数码配件,view,1750375357,130.48,3
10230,20094,图书,cart,1750278736,33.47,1
10294,20032,手机,view,1750351177,3113.55,3
10497,20110,运动户外,view,1750293183,340.61,1
10418,20145,数码配件,view,1750244155,491.89,3
10128,20124,图书,view,1750359832,22.22,1
10279,20184,美妆,cart,1750296543,796.2,3
10312,20015,运动户外,cart,1750376545,266.02,1
10099,20079,家电,cart,1750295302,3275.48,1
10325,20037,美妆,view,1750230272,676.45,1
10296,20168,运动户外,view,1750315912,475.46,2
10181,20134,数码配件,view,1750285263,215.01,1
10173,20077,家电,cart,1750224447,2037.43,3
10315,20180,家电,view,1750218907,4960.4,2
10363,20062,手机,view,1750265304,3809.77,3
10187,20111,运动户外,view,1750367178,366.35,1
10056,20088,运动户外,cart,1750317842,1163.99,2
10030,20159,数码配件,view,1750237956,152.69,2
10083,20037,数码配件,view,1750294555,455.5,2
10151,20149,图书,buy,1750370405,40.62,3
10472,20143,手机,view,1750279630,6551.66,1
10035,20051,家电,view,1750300007,1067.44,2
10212,20028,运动户外,view,1750323151,968.41,2
10413,20143,运动户外,cart,1750221808,508.26,2
10407,20075,运动户外,view,1750296034,978.38,2
10363,20144,图书,view,1750269312,42.42,2
10105,20063,运动户外,cart,1750270624,336.86,2
10413,20090,运动户外,view,1750220370,244.12,1
10341,20088,数码配件,view,1750312953,143.25,3
10219,20012,家电,view,1750228387,2594.55,2
10390,20071,家电,view,1750208241,1170.49,3
10162,20183,手机,cart,1750322177,6350.97,1
10438,20004,家电,view,1750233159,4473.73,2
10219,20011,美妆,view,1750338064,159.1,1
10269,20168,运动户外,view,1750325896,446.5,3
10119,20002,家电,view,1750280225,4875.1,2
10393,20032,数码配件,buy,1750257096,271.41,2
10335,20120,家电,view,1750209369,1786.21,3
10399,20049,运动户外,view,1750343244,731.69,3
10181,20183,图书,view,1750361079,111.44,2
10478,20136,运动户外,view,1750206233,320.5,2
10105,20177,家电,buy,1750257324,4214.61,3
10216,20028,运动户外,view,1750320006,1009.87,2
10204,20038,运动户外,cart,1750243836,636.81,1
10069,20090,图书,view,1750241034,88.2,3
10043,20099,运动户外,view,1750274531,257.58,2
10328,20172,运动户外,view,1750291394,510.6,3
10300,20016,数码配件,view,1750235334,80.52,1
10227,20055,运动户外,view,1750237390,866.54,2
10183,20045,手机,view,1750358302,6275.52,1
10106,20066,数码配件,cart,1750352366,298.42,3
10083,20196,美妆,view,1750205593,288.69,2
10337,20141,家电,view,1750287812,3830.92,1
10249,20066,手机,view,1750214734,6044.25,3
10362,20022,图书,view,1750335060,97.73,2
10440,20093,数码配件,view,1750263436,271.77,3
10020,20188,手机,view,1750236330,5951.59,2
10195,20150,运动户外,view,1750231553,949.91,2
10177,20154,运动户外,buy,1750331928,348.44,2
10416,20053,手机,view,1750269875,5855.09,1
10474,20137,家电,cart,1750260095,2747.57,3
10006,20076,美妆,buy,1750360807,568.81,2
10069,20015,数码配件,view,1750364851,101.27,2
10126,20040,手机,view,1750274035,7112.73,1
10398,20097,运动户外,cart,1750241386,1155.75,1
10465,20182,家电,view,1750346502,3062.28,1
10159,20127,手机,view,1750246312,3274.61,3
10247,20060,美妆,view,1750369366,541.58,2
10202,20085,手机,cart,1750347864,7509.68,1
10147,20117,家电,view,1750366073,3807.27,3
10471,20099,数码配件,view,1750358078,448.23,2
10142,20048,家电,cart,1750321311,1334.0,1
10431,20179,美妆,cart,1750358848,452.55,2
10198,20001,美妆,view,1750223309,670.72,3
10404,20119,运动户外,cart,1750241038,504.11,1
10425,20177,手机,view,1750298136,7400.89,3
10153,20122,数码配件,cart,1750320236,154.91,3
10491,20085,图书,view,1750250039,21.5,1
10375,20170,手机,view,1750329136,3234.11,2
10383,20076,运动户外,view,1750251941,1028.81,1
10141,20135,运动户外,view,1750310504,499.56,1
10312,20058,美妆,view,1750338728,753.9,2
10164,20192,美妆,cart,1750248145,289.29,3
10313,20011,美妆,view,1750244236,732.67,2
10020,20003,美妆,cart,1750329878,505.02,3
10081,20116,美妆,view,1750297767,130.19,1
10068,20094,美妆,view,1750227983,733.31,3
10130,20124,运动户外,view,1750334392,627.15,3
10086,20040,美妆,view,1750349821,441.25,3
10217,20122,家电,view,1750232851,2509.55,2
10420,20006,数码配件,cart,1750372880,412.17,2
10471,20068,家电,view,1750363330,1180.67,2
10304,20068,美妆,view,1750303448,684.56,2
10402,20080,数码配件,view,1750365180,169.17,2
10370,20029,手机,view,1750244564,5558.5,1
10344,20072,运动户外,view,1750231593,760.83,2
10340,20005,家电,view,1750356842,4733.67,1
10383,20088,美妆,view,1750237583,479.83,1
10395,20146,数码配件,buy,1750262996,482.07,2
10444,20065,数码配件,view,1750264556,363.51,3
10424,20009,手机,cart,1750272572,3687.3,2
10160,20143,运动户外,view,1750343004,1187.52,2
10177,20036,数码配件,view,1750368178,241.21,1
10116,20076,手机,view,1750234408,4072.26,3
10195,20076,美妆,view,1750362005,,3
10382,20031,家电,buy,1750311592,4492.53,1
10489,20046,家电,view,1750204911,3878.86,2
10326,20109,家电,buy,1750271518,1175.16,2
10085,20199,数码配件,view,1750210549,230.27,1
10288,20170,图书,buy,1750283990,56.19,2
10080,20119,家电,view,1750317238,3465.12,2
10151,20163,美妆,view,1750280599,235.27,2
10060,20153,手机,cart,1750221362,5081.95,2
10060,20009,美妆,view,1750221926,738.09,3
10353,20158,家电,cart,1750355070,3378.19,3
10027,20096,美妆,view,1750205547,478.73,2
10441,20156,运动户外,cart,1750275971,345.46,1
10042,20004,运动户外,view,1750232216,716.97,1
10168,20076,图书,view,1750369056,139.49,2
10422,20000,图书,view,1750345939,100.14,3
10085,20130,家电,view,1750366947,3327.08,3
10176,20066,运动户外,view,1750353493,706.72,2
10016,20198,美妆,cart,1750294003,163.21,3
10097,20162,图书,buy,1750217723,124.47,1
10453,20014,手机,view,1750252138,6611.91,1
10493,20194,美妆,cart,1750269391,796.28,3
10197,20092,运动户外,cart,1750234524,244.49,1
10097,20029,运动户外,view,1750221018,882.77,1
10064,20102,数码配件,view,1750308316,397.08,1
10329,20081,运动户外,view,1750374569,610.79,1
10340,20074,手机,view,1750302419,,3
10004,20170,手机,view,1750211294,3038.39,3
10001,20059,美妆,view,1750240421,310.79,2
10021,20039,数码配件,buy,1750217109,162.6,2
10111,20192,运动户外,buy,1750276620,882.41,3
10056,20156,数码配件,view,1750312399,244.1,1
10065,20073,图书,cart,1750208563,54.08,2
10329,20120,图书,view,1750320954,67.34,2
10097,20146,数码配件,cart,1750285677,307.04,2
10143,20002,家电,view,1750364343,3025.69,1
10367,20035,运动户外,view,1750301669,1057.04,2
10434,20042,运动户外,cart,1750370876,983.28,1
10124,20142,运动户外,view,1750233216,489.19,2
10166,20168,美妆,view,1750264805,525.77,1
10085,20114,手机,view,1750246812,6376.34,1
10075,20108,手机,view,1750323269,4470.56,2
10343,20089,运动户外,view,1750309981,673.95,1
10494,20163,图书,view,1750231972,70.72,1
10423,20083,家电,view,1750228995,4933.98,2
10293,20076,数码配件,cart,1750340346,163.04,3
10443,20160,运动户外,buy,1750345532,206.12,1
10058,20004,手机,view,1750308630,5581.35,2
10137,20077,美妆,view,1750256149,491.18,1
10098,20090,家电,view,1750298743,4529.91,2
10191,20086,手机,buy,1750240165,4365.99,3
10242,20013,运动户外,cart,1750372203,1052.74,2
10318,20103,手机,view,1750247955,3554.54,1
10048,20195,家电,view,1750330294,1915.23,2
10447,20082,家电,view,1750305953,3785.74,3
10031,20174,手机,view,1750371407,4751.77,1
10390,20053,图书,buy,1750250630,143.24,2
10276,20131,家电,view,1750265764,3229.97,3
10019,20094,图书,cart,1750275147,67.06,1
10153,20008,手机,view,1750284885,5146.19,3
10382,20052,图书,view,1750242979,80.74,1
10067,20076,手机,view,1750245213,7722.32,3
10365,20059,运动户外,view,1750333579,737.27,3
10371,20045,数码配件,cart,1750322961,492.48,2
10213,20053,运动户外,cart,1750281731,442.9,3
10142,20073,美妆,view,1750249291,216.45,1
10375,20111,家电,cart,1750304285,3220.36,3
10231,20094,家电,cart,1750297502,4590.96,3
10212,20164,手机,view,1750222434,3303.89,3
10078,20022,运动户外,buy,1750271628,1026.7,2
10213,20026,美妆,view,1750364414,123.24,1
10115,20069,图书,cart,1750242765,85.4,2
10091,20193,数码配件,cart,1750264966,198.96,2
10269,20108,手机,view,1750371096,7604.16,3
10410,20188,手机,view,1750308697,6575.78,2
10380,20076,运动户外,view,1750222353,714.19,2
10488,20178,图书,buy,1750271487,56.25,3
10167,20049,图书,view,1750344191,75.57,1
10057,20123,数码配件,cart,1750329347,359.8,3
10283,20018,数码配件,view,1750349626,367.06,1
10025,20000,手机,view,1750288816,6254.55,1
10368,20039,美妆,view,1750324466,202.96,3
10446,20159,数码配件,view,1750305986,443.36,3
10065,20021,数码配件,view,1750343131,494.68,3
10408,20111,家电,cart,1750361785,4057.34,1
10247,20193,图书,buy,1750356522,60.89,3
10253,20039,家电,cart,1750322611,1418.62,3
10386,20037,家电,view,1750228272,1930.2,3
10455,20047,数码配件,view,1750271026,483.58,1
10043,20182,图书,view,1750350747,46.49,3
10096,20074,家电,view,1750266525,1650.94,1
10041,20182,数码配件,cart,1750234351,117.93,3
10499,20178,美妆,view,1750245987,121.06,3
10226,20106,家电,buy,1750339721,3068.32,1
10261,20187,美妆,view,1750248783,746.89,1
10166,20007,手机,view,1750253326,3584.86,1
10435,20085,家电,cart,1750341644,1065.11,2
10278,20067,运动户外,view,1750212612,314.61,3
10088,20074,美妆,view,1750330851,707.48,3
10378,20199,运动户外,view,1750282256,747.74,1
10177,20136,图书,view,1750220977,32.08,3
10426,20089,家电,cart,1750288509,2157.45,3
10402,20129,家电,view,1750338581,1340.21,1
10196,20079,运动户外,view,1750349066,983.04,3
10306,20094,家电,view,1750359124,2237.32,2
10266,20069,美妆,cart,1750256850,124.41,3
10267,20089,手机,view,1750252609,6757.98,1
10073,20058,图书,cart,1750291156,56.26,3
10007,20146,数码配件,view,1750291676,425.34,1
10407,20027,美妆,view,1750307018,403.0,2
10475,20071,图书,view,1750374487,21.7,2
10296,20013,图书,view,1750228470,31.25,3
10163,20023,家电,buy,1750321983,1006.34,3
10484,20111,图书,view,1750359853,99.84,2
10084,20043,数码配件,view,1750208743,285.26,2
10071,20055,数码配件,cart,1750348516,243.45,1
10054,20119,图书,view,1750353558,69.13,3
10392,20178,数码配件,view,1750325153,224.79,1
10046,20031,数码配件,view,1750350400,245.05,3
10398,20177,美妆,view,1750372792,430.73,2
10431,20168,数码配件,view,1750359821,63.79,2
10237,20193,家电,view,1750354051,4375.57,2
10103,20024,运动户外,view,1750237962,794.7,1
10209,20115,手机,view,1750298780,7405.9,2
10041,20188,美妆,view,1750253761,491.35,2
10315,20065,手机,view,1750206332,3393.3,3
10467,20041,图书,buy,1750325644,142.3,2
10453,20192,图书,view,1750235674,146.3,2
10267,20163,运动户外,view,1750240967,906.07,2
10385,20075,图书,view,1750224363,44.03,1
10262,20136,数码配件,view,1750349352,425.65,1
10335,20163,图书,view,1750310394,112.66,1
10386,20037,运动户外,view,1750362914,362.72,2
10364,20160,图书,view,1750218797,29.68,3
10258,20169,图书,cart,1750239374,67.64,1
10282,20060,数码配件,view,1750332229,182.14,1
10113,20173,图书,view,1750205556,85.75,3
10362,20088,家电,view,1750335071,4478.57,1
10039,20188,美妆,view,1750217849,756.67,1
10485,20017,美妆,view,1750294498,747.74,2
10416,20069,图书,buy,1750260183,79.72,1
10219,20081,图书,cart,1750251363,81.1,3
10128,20115,家电,buy,1750278199,3444.11,1
10007,20079,手机,view,1750340252,5600.85,1
10100,20014,家电,view,1750267811,3868.31,1
10415,20175,家电,buy,1750346946,1289.95,2
10379,20199,手机,view,1750296925,3294.59,3
10175,20012,美妆,view,1750228777,764.15,1
10106,20118,数码配件,view,1750251461,50.46,2
10100,20042,手机,buy,1750287371,6284.69,1
10259,20187,运动户外,view,1750299886,1080.11,1
10477,20056,运动户外,view,1750257126,769.51,1
10453,20198,手机,view,1750360421,7048.31,2
10365,20016,美妆,view,1750272020,769.89,3
10245,20177,美妆,view,1750286656,452.93,3
10274,20031,美妆,view,1750374108,305.12,1
10031,20149,数码配件,view,1750350377,235.94,3
10136,20054,家电,cart,1750239273,2648.5,3
10011,20184,图书,view,1750235095,81.39,2
10394,20012,美妆,view,1750339717,537.08,1
10301,20046,运动户外,view,1750345943,510.85,1
10374,20086,家电,buy,1750223339,3901.41,1
10015,20061,图书,view,1750351988,39.98,3
10128,20181,数码配件,view,1750222814,358.07,2
10062,20028,图书,view,1750299156,134.61,2
10108,20021,图书,view,1750268227,134.57,2
10374,20064,家电,view,1750276367,1241.9,3
10020,20028,运动户外,view,1750255592,629.27,3
10157,20047,数码配件,view,1750270695,372.99,2
10268,20004,数码配件,view,1750251167,296.22,2
10161,20162,家电,view,1750370113,4925.59,2
10259,20100,运动户外,buy,1750291529,740.19,2
10411,20070,手机,view,1750277335,5221.67,3
10101,20173,手机,view,1750292765,5244.93,2
10222,20162,手机,view,1750258799,4985.33,3
10058,20172,家电,cart,1750213716,1038.93,3
10246,20140,图书,buy,1750215942,62.19,2
10127,20137,美妆,view,1750362109,611.43,1
10282,20065,家电,view,1750231045,1333.34,2
10324,20197,数码配件,buy,1750209806,92.64,1
10024,20071,图书,cart,1750321502,111.54,3
10130,20024,运动户外,view,1750248890,902.7,3
10352,20171,手机,view,1750266091,6104.91,2
10195,20059,图书,view,1750251232,30.81,1
10280,20174,手机,view,1750287046,3911.2,3
10403,20039,图书,cart,1750246194,27.74,2
10417,20006,美妆,buy,1750233896,155.26,2
10153,20173,家电,cart,1750295770,4722.01,3
10381,20150,美妆,view,1750370924,281.74,3
10132,20045,图书,view,1750333856,56.73,1
10226,20085,运动户外,cart,1750326355,1044.52,3
10188,20140,数码配件,view,1750359435,209.24,3
10475,20020,图书,view,1750222039,138.75,1
10476,20000,手机,buy,1750367864,4439.23,1
10264,20122,图书,cart,1750356575,21.59,1
10371,20146,手机,view,1750213039,3630.28,1
10485,20124,运动户外,view,1750279304,811.57,1
10433,20187,手机,view,1750229387,6134.3,1
10133,20032,美妆,view,1750250481,530.76,3
10210,20003,图书,view,1750302789,117.51,3
10059,20002,数码配件,view,1750306491,70.57,1
10427,20090,手机,view,1750354063,7818.77,3
10376,20051,手机,view,1750317121,4988.92,3
10394,20027,手机,view,1750319942,4934.29,2
10449,20069,图书,view,1750268143,110.41,2
10430,20197,数码配件,view,1750261896,356.1,3
10363,20182,家电,view,1750357119,2155.9,3
10363,20056,图书,cart,1750307725,22.67,2
10456,20107,运动户外,view,1750246002,1048.07,2
10212,20143,图书,view,1750296010,40.89,1
10215,20023,手机,view,1750286878,7926.84,2
10225,20196,家电,cart,1750232526,1734.58,2
10469,20168,数码配件,view,1750369357,311.95,1
10130,20076,美妆,buy,1750243977,591.72,1
10075,20174,家电,view,1750223082,4424.05,1
10475,20075,美妆,cart,1750373398,499.92,2
10285,20068,美妆,view,1750371839,271.0,3
10473,20100,数码配件,buy,1750268494,279.7,1
10495,20158,家电,cart,1750305470,1466.59,2
10276,20091,运动户外,view,1750206502,336.08,2
10155,20091,美妆,view,1750324478,782.69,2
10247,20029,数码配件,view,1750323065,491.91,2
10217,20017,数码配件,cart,1750360361,89.48,3
10189,20043,数码配件,cart,1750308410,190.26,1
10416,20154,家电,buy,1750251771,1961.08,1
10468,20098,美妆,view,1750341288,359.03,1
10162,20153,手机,view,1750211265,7916.52,3
10179,20120,数码配件,view,1750234824,458.3,1
10033,20114,图书,cart,1750349170,49.33,1
10040,20059,家电,view,1750248905,3801.7,1
10306,20145,美妆,cart,1750249604,607.89,1
10430,20055,图书,buy,1750237435,88.18,3
10337,20030,数码配件,buy,1750300755,375.26,3
10313,20100,手机,view,1750336693,6864.01,2
10074,20058,家电,view,1750349136,2329.26,1
10440,20123,美妆,view,1750326369,319.06,3
10278,20129,运动户外,view,1750304865,890.73,3
10175,20096,数码配件,view,1750293842,72.65,1
10383,20166,运动户外,view,1750363101,1008.3,1
10149,20188,手机,view,1750245320,4877.19,3
10272,20106,数码配件,view,1750338248,127.57,2
10324,20190,图书,buy,1750218803,60.43,3
10107,20017,手机,buy,1750329782,3690.51,1
10138,20144,手机,view,1750366029,5756.0,2
10349,20166,数码配件,view,1750264736,466.98,1
10270,20070,美妆,buy,1750228047,141.41,2
10346,20105,图书,view,1750260223,56.24,3
10418,20053,家电,buy,1750233558,4441.02,1
10288,20093,运动户外,buy,1750356129,1156.56,3
10211,20075,美妆,view,1750237969,107.15,3
10380,20034,美妆,cart,1750371010,189.31,1
10271,20010,手机,view,1750243929,6571.97,1
10417,20060,家电,view,1750298955,2755.63,1
10065,20043,美妆,cart,1750255646,270.59,1
10482,20120,家电,view,1750217129,2671.71,2
10423,20067,图书,view,1750219857,20.38,2
10247,20024,美妆,cart,1750320135,261.57,2
10155,20175,运动户外,view,1750229953,1103.09,3
10046,20159,数码配件,view,1750210807,395.56,3
10422,20083,家电,buy,1750224205,1358.64,2
10453,20113,图书,view,1750246512,99.06,3
10200,20131,美妆,buy,1750212447,252.72,2
10147,20165,家电,cart,1750277127,3967.5,1
10123,20190,数码配件,view,1750353563,122.99,1
10000,20174,家电,buy,1750208467,2679.2,3
10455,20000,手机,view,1750301419,5785.9,2
10246,20130,运动户外,view,1750215437,953.14,2
10342,20085,家电,cart,1750226849,4719.45,3
10127,20061,数码配件,cart,1750220645,212.92,2
10190,20063,数码配件,view,1750271577,393.38,2
10066,20144,美妆,view,1750307433,775.72,1
10003,20125,美妆,view,1750263708,639.15,3
10441,20104,运动户外,view,1750363270,502.3,2
10408,20061,家电,view,1750249087,1517.9,2
10302,20034,家电,view,1750227989,4336.09,2
10293,20012,家电,view,1750240830,4143.32,3
10142,20162,图书,buy,1750288833,92.12,2
10190,20042,美妆,view,1750339342,575.42,3
10020,20129,手机,view,1750360544,5464.96,3
10226,20183,数码配件,view,1750311640,330.25,1
10312,20110,美妆,view,1750226986,317.79,3
10116,20127,数码配件,view,1750262629,221.12,1
10436,20050,数码配件,view,1750239921,157.74,3
10301,20181,图书,buy,1750253731,146.63,2
10499,20143,美妆,view,1750263759,472.14,1
10141,20145,图书,buy,1750213905,143.42,3
10483,20134,家电,view,1750300703,3825.62,3
10459,20044,数码配件,view,1750274812,62.6,2
10400,20163,运动户外,cart,1750352574,590.4,3
10038,20168,图书,view,1750310018,123.49,3
10392,20041,美妆,cart,1750275120,658.24,3
10354,20134,美妆,view,1750267695,239.56,2
10251,20014,图书,view,1750275802,148.85,2
10332,20059,运动户外,buy,1750336603,794.65,2
10206,20039,手机,view,1750237954,7529.72,1
10209,20164,家电,view,1750345174,2479.76,3
10114,20193,手机,view,1750366890,7626.47,2
10224,20111,数码配件,view,1750309421,203.76,3
10133,20182,家电,view,1750355720,4759.81,2
10250,20076,运动户外,view,1750234380,646.68,1
10218,20104,手机,view,1750240637,7904.19,1
10406,20106,图书,cart,1750235906,96.51,2
10442,20121,家电,view,1750279750,4732.5,1
10090,20079,美妆,buy,1750357766,555.47,1
10353,20124,家电,cart,1750313709,1629.65,1
10375,20183,图书,cart,1750260765,135.2,3
10045,20171,手机,view,1750377234,5063.25,2
10037,20184,家电,view,1750209537,4629.84,1
10141,20133,数码配件,view,1750334740,378.89,3
10099,20031,图书,buy,1750236322,38.47,1
10327,20107,图书,cart,1750350809,78.06,2
10189,20113,图书,view,1750377275,67.16,2
10034,20145,美妆,cart,1750337310,403.06,2
10146,20067,图书,view,1750335362,108.44,1
10029,20126,手机,view,1750247686,6214.08,3
10333,20134,美妆,view,1750294305,470.33,3
10083,20113,家电,view,1750323542,2778.84,1
10368,20007,数码配件,view,1750311423,356.89,1
10280,20063,家电,view,1750221038,1445.9,3
10423,20134,手机,buy,1750298414,6146.5,1
10343,20040,运动户外,buy,1750301134,262.88,2
10269,20039,美妆,view,1750214333,788.86,1
10153,20002,家电,view,1750238360,3729.67,1
10101,20144,图书,view,1750255883,80.2,1
10214,20193,运动户外,view,1750355182,501.12,3
10149,20109,手机,cart,1750309132,4088.08,3
10431,20113,美妆,view,1750247917,446.06,1
10082,20111,家电,view,1750295465,2512.33,2
10109,20179,美妆,view,1750250940,642.9,3
10434,20149,手机,view,1750370256,3932.44,2
10386,20003,家电,view,1750366115,3876.55,2
10425,20133,美妆,view,1750243691,736.68,1
10274,20165,家电,view,1750320849,4083.43,1
10200,20025,美妆,view,1750362975,725.54,3
10283,20138,家电,view,1750328972,2454.36,3
10467,20016,美妆,cart,1750263011,647.2,2
10172,20091,家电,view,1750227634,2692.91,3
10326,20030,图书,buy,1750228822,81.04,1
10205,20162,数码配件,buy,1750253935,70.5,2
10062,20143,数码配件,view,1750337357,481.82,1
10072,20106,家电,view,1750333615,1394.68,1
10250,20145,家电,view,1750349928,2416.88,1
10123,20110,数码配件,view,1750252742,334.45,3
10374,20100,手机,buy,1750370020,5464.98,2
10120,20111,美妆,cart,1750272504,473.89,2
10274,20061,运动户外,view,1750273653,642.62,1
10430,20111,家电,view,1750261604,4879.46,3
10499,20154,家电,view,1750338063,1645.54,1
10397,20162,美妆,view,1750271320,525.2,1
10119,20115,图书,view,1750353192,107.15,1
10421,20172,美妆,cart,1750370300,793.57,1
10436,20034,家电,cart,1750219784,2414.96,2
10316,20027,家电,cart,1750293282,3471.73,1
10163,20102,图书,view,1750268302,137.03,3
10423,20124,美妆,view,1750222276,659.12,3
10464,20101,手机,view,1750333716,4357.78,2
10285,20136,手机,cart,1750287442,3031.56,1
10264,20142,数码配件,buy,1750376032,397.48,3
10319,20020,图书,view,1750223605,135.5,1
10160,20051,运动户外,view,1750338157,861.1,2
10375,20162,美妆,view,1750328932,499.64,3
10307,20096,图书,view,1750277374,60.8,2
10088,20050,手机,view,1750223863,4257.14,1
10141,20082,美妆,view,1750317028,357.8,3
10202,20054,图书,view,1750294511,93.61,2
10308,20076,运动户外,view,1750228740,769.58,3
10226,20126,美妆,view,1750359709,789.34,2
10488,20171,运动户外,view,1750253260,557.75,1
10442,20192,运动户外,cart,1750209560,1011.2,2
10333,20092,家电,view,1750208708,1633.18,1
10221,20087,数码配件,cart,1750240439,273.26,3
10040,20079,美妆,view,1750257696,315.24,3
10195,20152,家电,cart,1750367409,2719.99,2
10067,20091,运动户外,view,1750311226,847.27,1
10475,20046,数码配件,buy,1750224249,263.55,1
10263,20183,运动户外,view,1750225746,683.87,3
10001,20037,家电,view,1750212223,3608.14,2
10360,20138,图书,view,1750344985,145.3,3
10124,20194,运动户外,view,1750266988,620.36,3
10109,20014,家电,buy,1750285741,3739.75,1
10085,20000,手机,view,1750304999,6149.83,2
10424,20134,图书,view,1750356376,144.0,3
10119,20000,图书,view,1750216774,36.21,1
10126,20048,手机,view,1750210965,4759.86,2
10254,20095,运动户外,cart,1750278931,472.29,3
10182,20156,美妆,view,1750330612,745.16,1
10015,20025,美妆,view,1750351931,198.2,2
10476,20086,运动户外,view,1750318900,744.76,2
10061,20172,运动户外,view,1750322801,647.83,2
10368,20092,手机,view,1750295910,4006.53,2
10431,20101,美妆,buy,1750291471,279.85,1
10157,20070,手机,view,1750262626,4765.02,2
10267,20139,家电,view,1750276207,3956.46,3
10034,20094,运动户外,view,1750320504,1162.89,1
10266,20159,手机,cart,1750298672,5827.16,1
10063,20117,数码配件,view,1750258772,150.23,1
10493,20147,美妆,view,1750206885,426.17,1
10049,20118,图书,view,1750247031,41.0,2
10468,20050,运动户外,view,1750266343,626.57,1
10254,20080,图书,view,1750367529,139.1,3
10148,20035,数码配件,cart,1750296204,325.28,2
10324,20066,运动户外,view,1750291414,448.01,2
10303,20128,图书,cart,1750272275,59.96,1
10275,20113,图书,view,1750362998,71.42,3
10356,20154,家电,cart,1750272558,1969.83,2
10450,20110,数码配件,view,1750275484,151.89,2
10171,20167,图书,view,1750377128,118.68,3
10416,20141,数码配件,view,1750360335,151.04,2
10200,20099,数码配件,view,1750329850,322.45,3
10444,20196,家电,buy,1750344569,3676.03,3
10392,20108,数码配件,view,1750230951,470.19,1
10323,20119,家电,view,1750354486,1031.9,2
10034,20078,家电,view,1750330298,1693.35,1
10464,20133,运动户外,view,1750340740,1099.24,2
10481,20160,家电,view,1750313012,3839.02,2
10215,20182,图书,view,1750237741,96.13,1
10479,20018,家电,view,1750353353,2207.08,2
10064,20126,图书,view,1750364953,28.33,1
10007,20028,数码配件,view,1750298063,62.32,1
10300,20188,家电,cart,1750325771,1816.16,2
10342,20197,运动户外,cart,1750360750,728.77,2
10430,20023,家电,view,1750328362,2349.53,1
10423,20150,数码配件,buy,1750225478,486.88,3
10331,20009,数码配件,view,1750299301,80.95,3
10437,20181,图书,view,1750308752,110.45,2
10075,20104,家电,view,1750346892,1891.29,3
10173,20168,图书,view,1750252921,46.61,1
10046,20176,运动户外,view,1750240381,870.75,1
10014,20144,家电,view,1750252801,2830.08,2
10360,20183,运动户外,view,1750283772,307.78,1
10146,20172,美妆,view,1750337034,505.61,3
10025,20157,美妆,view,1750346429,560.62,1
10307,20171,手机,view,1750375488,7508.03,2
10092,20054,美妆,cart,1750278352,198.61,2
10405,20146,数码配件,buy,1750376194,118.85,1
10231,20156,美妆,view,1750279785,441.11,1
10020,20001,运动户外,view,1750283993,1193.55,1
10306,20163,图书,view,1750300905,49.69,1
10037,20146,家电,view,1750278287,3236.34,2
10275,20134,运动户外,view,1750293083,648.46,3
10156,20153,家电,view,1750244991,1533.91,3
10178,20110,家电,view,1750291357,1064.97,2
10131,20037,数码配件,buy,1750207411,146.99,1
10310,20130,手机,view,1750327600,4268.19,2
10454,20101,手机,cart,1750316938,3614.28,2
10347,20193,图书,buy,1750316700,21.39,1
10027,20094,运动户外,view,1750287424,547.37,1
10259,20091,美妆,view,1750301844,294.6,1
10405,20070,手机,view,1750265310,7517.56,3
10075,20170,数码配件,view,1750332630,166.24,1
10428,20189,家电,view,1750239353,2083.41,1
10066,20198,家电,view,1750357243,2833.81,3
10341,20023,手机,view,1750247636,6588.5,3
10491,20166,家电,view,1750220132,4524.32,2
10193,20067,美妆,view,1750348052,681.93,2
10471,20127,美妆,cart,1750329655,171.11,3
10161,20092,美妆,view,1750273075,324.78,2
10346,20043,手机,view,1750252740,7162.02,2
10438,20132,手机,view,1750264408,6199.09,3
10360,20054,运动户外,view,1750369668,877.64,1
10256,20157,图书,view,1750251954,141.05,1
10071,20028,图书,view,1750358136,124.35,3
10086,20153,图书,view,1750278658,118.57,3
10421,20153,图书,buy,1750243448,114.21,1
10261,20036,运动户外,view,1750355114,387.63,1
10213,20114,家电,view,1750217159,1338.15,1
10152,20180,数码配件,view,1750266588,281.08,3
10209,20157,图书,buy,1750365806,91.86,1
10400,20002,美妆,buy,1750224181,783.2,2
10060,20121,手机,cart,1750214251,5423.66,3
10267,20042,家电,view,1750358876,2410.09,3
10261,20006,数码配件,view,1750361608,209.73,2
10217,20124,美妆,cart,1750334296,635.02,1
10282,20048,家电,view,1750306462,4621.26,3
10135,20120,图书,view,1750252454,92.48,1
10466,20072,手机,view,1750242638,4446.31,1
10379,20040,运动户外,view,1750273133,879.13,3
10361,20105,美妆,view,1750255996,770.68,3
10448,20076,美妆,view,1750256049,477.7,1
10440,20181,图书,view,1750209655,77.57,2
10092,20126,数码配件,cart,1750361882,274.59,3
10108,20196,图书,view,1750248370,80.4,1
10240,20090,图书,view,1750337834,69.08,3
10354,20154,图书,view,1750286909,119.59,1
10423,20007,美妆,view,1750252420,280.17,2
10141,20031,运动户外,view,1750361492,409.2,3
10290,20063,图书,view,1750323380,54.84,2
10431,20137,运动户外,view,1750298829,370.5,3
10236,20012,家电,view,1750309491,1322.21,2
10339,20190,数码配件,view,1750239880,414.28,1
10311,20092,美妆,view,1750246131,607.59,1
10176,20162,数码配件,view,1750312413,82.1,1
10140,20060,手机,view,1750357253,4588.73,2
10188,20181,家电,view,1750245214,2853.09,3
10485,20007,运动户外,view,1750282567,822.42,3
10048,20028,家电,view,1750292677,2507.93,3
10301,20094,图书,view,1750349300,23.52,2
10368,20040,手机,view,1750263267,6619.26,3
10189,20157,数码配件,cart,1750276263,68.2,3
10135,20148,数码配件,cart,1750245965,151.0,1
10042,20010,美妆,view,1750229536,695.35,1
10403,20001,手机,view,1750234331,4480.36,3
10379,20177,图书,view,1750347259,133.06,2
10352,20168,数码配件,view,1750207011,230.66,1
10089,20193,数码配件,view,1750350623,197.02,3
10294,20130,手机,view,1750239813,7944.11,3
10340,20079,手机,view,1750354226,4941.34,3
10244,20178,运动户外,view,1750268907,724.42,2
10432,20195,数码配件,view,1750306437,381.54,3
10191,20086,运动户外,view,1750286272,1070.22,3
10317,20152,手机,view,1750261871,6621.1,2
10105,20157,美妆,view,1750319125,527.36,1
10362,20105,家电,view,1750284921,1732.09,3
10309,20138,手机,view,1750271105,3815.48,3
10381,20016,家电,cart,1750332096,1451.07,3
10232,20153,数码配件,cart,1750234138,365.01,1
10264,20022,运动户外,cart,1750311296,646.51,3
10343,20183,数码配件,view,1750355629,325.83,3
10036,20179,数码配件,view,1750257009,122.4,1
10304,20047,美妆,view,1750318043,139.91,2
10040,20019,运动户外,view,1750248864,888.19,3
10016,20001,手机,view,1750256365,4739.18,3
10343,20087,家电,view,1750308616,1773.57,1
10276,20030,手机,view,1750290426,6159.04,1
10306,20154,图书,view,1750266388,88.83,3
10058,20129,美妆,view,1750247225,348.69,2
10422,20077,数码配件,view,1750365091,400.26,1
10182,20003,手机,view,1750318097,5669.91,1
10040,20140,运动户外,cart,1750264342,1133.56,1
10038,20162,数码配件,buy,1750336291,143.06,3
10396,20127,运动户外,view,1750258237,1082.76,1
10191,20199,运动户外,view,1750337355,946.98,2
10266,20193,美妆,view,1750346968,541.77,2
10493,20133,家电,view,1750318584,1419.02,3
10146,20030,图书,buy,1750224299,34.13,1
10394,20137,家电,view,1750257523,4164.41,1
10332,20020,美妆,view,1750346505,169.4,3
10126,20022,美妆,buy,1750253777,344.53,2
10045,20130,美妆,view,1750343305,699.3,2
10044,20159,图书,cart,1750209986,119.35,2
10000,20147,运动户外,view,1750216189,294.97,2
10167,20028,美妆,cart,1750248590,677.87,1
10107,20104,美妆,cart,1750231132,476.76,3
10018,20051,图书,view,1750238206,29.76,2
10331,20114,数码配件,view,1750325555,234.39,3
10071,20173,美妆,view,1750314638,778.96,3
10455,20161,数码配件,view,1750283157,293.46,2
10444,20100,美妆,view,1750209161,614.1,3
10108,20083,美妆,view,1750301436,,3
10267,20060,运动户外,view,1750365136,963.72,2
10444,20124,数码配件,cart,1750322297,112.26,1
10239,20199,图书,view,1750247400,97.11,2
10416,20070,图书,view,1750318873,55.47,3
10300,20069,美妆,view,1750282882,411.04,1
10089,20138,数码配件,cart,1750275085,60.11,3
10102,20107,运动户外,view,1750315700,817.34,3
10475,20190,图书,view,1750366997,76.92,2
10249,20020,运动户外,view,1750360851,203.85,2
10452,20130,图书,view,1750351377,84.74,2
10007,20081,美妆,view,1750311132,499.69,2
10152,20087,手机,buy,1750364252,3967.71,3
10346,20110,图书,view,1750280553,80.07,2
10173,20009,数码配件,buy,1750309308,204.51,3
10342,20154,数码配件,view,1750304629,289.95,2
10157,20011,数码配件,view,1750287647,169.35,1
10492,20006,数码配件,view,1750308215,338.0,1
10430,20144,图书,buy,1750213031,35.37,1
10214,20192,运动户外,view,1750308794,658.68,2
10176,20191,图书,view,1750209539,137.23,3
10174,20113,家电,view,1750298796,4334.26,3
10339,20025,手机,cart,1750346259,3002.72,3
10337,20014,数码配件,view,1750215586,349.58,2
10145,20032,运动户外,view,1750349258,1014.8,1
10449,20061,数码配件,view,1750232583,263.18,3
10323,20046,图书,view,1750208619,132.51,1
10477,20094,运动户外,cart,1750217184,1115.2,1
10160,20034,家电,view,1750307135,2379.65,3
10126,20192,运动户外,view,1750361153,1088.6,2
10419,20199,美妆,view,1750298499,737.81,2
10081,20075,图书,view,1750352998,53.94,1
10484,20122,运动户外,buy,1750281920,864.97,2
10146,20082,运动户外,view,1750330590,702.65,3
10238,20024,手机,view,1750247266,5654.1,2
10411,20056,美妆,cart,1750370218,121.86,1
10423,20031,运动户外,view,1750217279,887.93,1
10083,20062,图书,buy,1750270877,59.39,1
10112,20011,数码配件,view,1750331664,69.47,2
10224,20062,美妆,view,1750309885,395.36,2
10331,20076,家电,view,1750241962,1154.48,1
10377,20091,手机,view,1750361393,4720.96,2
10242,20000,运动户外,view,1750251529,1132.44,1
10142,20178,家电,view,1750266642,1031.66,1
10040,20069,美妆,view,1750212506,306.43,2
10422,20135,运动户外,view,1750284380,1100.77,3
10257,20195,图书,view,1750361375,62.34,1
10446,20132,数码配件,view,1750265554,126.83,3
10284,20085,家电,view,1750226252,2956.4,1
10104,20038,图书,view,1750231441,65.2,1
10201,20022,美妆,cart,1750219573,729.63,1
10449,20067,美妆,view,1750253253,189.41,1
10306,20179,手机,buy,1750266883,6895.66,3
10330,20003,家电,view,1750245970,2853.26,2
10460,20125,图书,view,1750269387,90.93,3
10265,20174,图书,view,1750289008,112.61,3
10397,20020,图书,view,1750284825,95.98,1
10209,20183,美妆,cart,1750286753,197.96,1
10050,20104,运动户外,view,1750333054,702.36,2
10117,20065,数码配件,view,1750292877,79.95,1
10200,20186,数码配件,cart,1750285675,71.22,3
10376,20006,手机,view,1750275380,5270.54,2
10038,20048,家电,cart,1750298286,3554.51,1
10027,20015,图书,view,1750282341,88.76,1
10258,20144,运动户外,view,1750354504,780.58,2
10083,20083,家电,view,1750362881,4389.62,1
10453,20086,手机,view,1750344867,5441.65,1
10154,20097,家电,view,1750315237,3119.4,1
10116,20074,手机,view,1750373701,4198.23,3
10001,20033,数码配件,buy,1750214613,242.21,3
10092,20160,运动户外,view,1750350766,1089.62,1
10165,20025,图书,cart,1750329375,82.39,1
10386,20065,手机,view,1750253022,5774.26,2
10399,20124,美妆,view,1750321498,227.08,3
10349,20062,图书,view,1750260559,128.13,2
10295,20086,美妆,view,1750338980,668.52,1
10257,20040,手机,view,1750298186,7317.38,2
10080,20185,美妆,view,1750304812,304.78,2
10424,20097,手机,cart,1750304126,5213.47,1
10267,20123,数码配件,cart,1750221919,314.98,2
10418,20078,家电,view,1750358851,2584.22,3
10234,20009,数码配件,view,1750317524,219.23,2
10320,20014,图书,view,1750358373,96.38,1
10310,20041,美妆,view,1750360927,133.76,3
10300,20092,图书,view,1750344074,95.07,1
10462,20184,美妆,cart,1750227078,214.61,3
10473,20016,数码配件,view,1750280163,284.93,1
10356,20187,美妆,view,1750339699,293.85,3
10212,20008,图书,view,1750366037,142.09,3
10061,20113,运动户外,view,1750351873,638.04,2
10048,20035,运动户外,view,1750296164,909.98,3
10126,20035,家电,buy,1750360077,3967.59,1
10222,20047,家电,view,1750357841,2764.43,2
10408,20050,美妆,view,1750370265,562.23,1
10278,20096,家电,view,1750372388,3161.79,3
10407,20118,运动户外,cart,1750290826,662.12,3
10293,20094,数码配件,view,1750290974,484.47,1
10283,20069,图书,cart,1750334912,46.79,1
10276,20073,数码配件,buy,1750232275,491.92,1
10437,20079,家电,cart,1750259829,3552.78,3
10106,20067,数码配件,view,1750345407,245.49,1
10145,20149,手机,view,1750333692,6048.77,3
10419,20076,手机,view,1750355909,7582.18,1
10098,20115,手机,cart,1750354971,6085.98,3
10428,20005,家电,cart,1750356081,,1
10374,20153,图书,view,1750316270,92.84,2
10072,20074,数码配件,view,1750302755,420.4,1
10436,20087,美妆,cart,1750337075,319.16,3
10485,20002,手机,cart,1750207916,5323.4,3
10121,20051,图书,view,1750210036,107.53,3
10029,20073,美妆,view,1750358021,502.97,1
10187,20124,手机,view,1750237738,7288.25,3
10363,20187,运动户外,view,1750287414,846.32,2
10353,20190,手机,view,1750355262,5132.96,1
10287,20064,美妆,view,1750231293,678.45,3
10450,20051,美妆,view,1750220789,298.38,1
10194,20075,图书,view,1750309778,79.94,1
10155,20141,图书,buy,1750343980,123.36,2
10171,20088,家电,view,1750320109,2608.23,1
10334,20071,家电,view,1750361977,,2
10040,20067,数码配件,view,1750366983,208.95,1
10062,20155,美妆,view,1750289146,333.7,2
10022,20198,手机,view,1750322859,7778.13,3
10359,20137,家电,view,1750305944,2337.25,2
10074,20114,家电,view,1750298403,3272.4,2
10047,20056,手机,view,1750307793,4450.89,3
10159,20065,数码配件,view,1750337984,110.31,1
10312,20089,运动户外,view,1750246325,656.94,3
10117,20049,数码配件,view,1750303945,394.57,2
10099,20013,手机,view,1750251222,4246.87,3
10379,20015,手机,view,1750222806,4274.44,3
10416,20181,美妆,view,1750232283,124.47,3
10407,20170,美妆,view,1750371158,764.15,1
10166,20041,图书,view,1750283341,126.36,2
10289,20109,图书,view,1750237421,68.53,1
10439,20021,家电,view,1750240286,3187.45,2
10155,20067,家电,view,1750314821,1570.84,1
10420,20018,运动户外,view,1750231656,1057.22,2
10006,20065,美妆,view,1750235224,289.41,3
10195,20166,数码配件,view,1750260221,192.64,1
10420,20072,数码配件,view,1750314478,408.78,2
10055,20146,运动户外,view,1750363872,956.17,3
10320,20143,美妆,buy,1750250185,498.77,3
10192,20053,数码配件,cart,1750365668,175.2,3
10046,20152,运动户外,cart,1750296708,1071.17,1
10147,20111,美妆,view,1750290953,682.0,3
10274,20017,美妆,cart,1750333502,195.05,1
10156,20150,运动户外,view,1750373044,396.55,2
10201,20116,数码配件,buy,1750232497,493.3,2
10443,20084,图书,cart,1750214005,119.54,1
10401,20138,图书,buy,1750341827,96.78,1
10475,20038,数码配件,view,1750320978,296.77,3
10418,20104,美妆,view,1750266151,458.38,1
10426,20067,运动户外,view,1750208450,674.9,2
10494,20024,手机,view,1750208065,3042.14,3
10478,20190,手机,buy,1750339188,4745.53,3
10474,20157,运动户外,buy,1750238280,386.29,2
10125,20172,家电,view,1750215159,4150.1,2
10394,20122,手机,view,1750265786,3851.93,1
10304,20120,数码配件,view,1750322819,343.57,2
10368,20060,家电,view,1750222176,4031.85,1
10293,20099,手机,cart,1750359875,5473.74,3
10063,20050,图书,view,1750275768,47.96,2
10324,20097,家电,cart,1750220396,,3
10391,20136,运动户外,cart,1750371075,509.57,1
10417,20001,家电,cart,1750326858,3175.94,1
10175,20004,数码配件,cart,1750244389,301.11,3
10115,20189,运动户外,buy,1750355358,1065.55,2
10439,20196,家电,view,1750334825,2492.78,2
10203,20179,家电,view,1750374062,1055.96,3
10485,20085,家电,view,1750344672,1398.72,3
10320,20132,手机,view,1750342645,4527.39,2
10030,20186,手机,view,1750329289,4075.56,1
10387,20067,家电,view,1750375927,2794.6,1
10112,20008,手机,buy,1750214013,3757.23,1
10364,20092,数码配件,view,1750307278,406.59,2
10433,20149,美妆,view,1750256335,499.87,2
10324,20154,数码配件,view,1750326656,54.49,2
10413,20137,数码配件,view,1750334543,76.97,1
10375,20124,家电,view,1750208030,4191.77,1
10343,20060,运动户外,view,1750254478,661.48,1
10442,20050,美妆,view,1750233414,212.17,1
10066,20009,数码配件,cart,1750338314,304.87,2
10074,20133,手机,view,1750253463,5478.07,1
10044,20061,手机,cart,1750278024,4269.43,3
10259,20112,运动户外,cart,1750233887,1198.79,3
10153,20132,家电,view,1750222731,4971.24,2
10154,20121,手机,view,1750311508,4531.97,1
10429,20197,家电,cart,1750281643,4038.31,1
10362,20190,家电,view,1750308952,1371.37,1
10447,20122,家电,view,1750358865,1858.7,2
10474,20183,手机,view,1750209261,6662.84,3
10233,20186,图书,view,1750329176,127.03,1
10050,20062,运动户外,view,1750252675,408.24,2
10305,20110,美妆,view,1750263690,321.06,1
10261,20088,运动户外,view,1750362788,851.55,2
10314,20186,美妆,view,1750239910,779.36,2
10124,20050,图书,cart,1750346370,66.68,2
10398,20177,手机,view,1750232666,3657.07,3
10244,20131,美妆,view,1750345577,768.56,3
10029,20103,手机,view,1750310864,5149.34,3
10425,20122,图书,cart,1750313229,124.3,2
10484,20047,运动户外,view,1750339462,991.16,3
10121,20031,运动户外,view,1750220210,663.61,1
10124,20119,数码配件,view,1750272647,190.38,1
10036,20178,数码配件,cart,1750377120,247.24,3
10169,20179,手机,buy,1750213327,3547.68,2
10123,20098,图书,view,1750227279,93.74,2
10356,20073,图书,view,1750343496,72.48,1
10034,20033,运动户外,view,1750238317,930.36,1
10086,20163,图书,buy,1750275320,56.22,3
10133,20069,运动户外,view,1750215042,1144.55,3
10195,20170,家电,view,1750343155,3296.34,2
10273,20109,图书,view,1750207350,44.37,1
10200,20015,手机,buy,1750333687,3996.51,3
10368,20058,美妆,view,1750291006,110.18,1
10284,20180,家电,cart,1750210205,1007.91,1
10076,20018,数码配件,view,1750281264,161.9,3
10058,20094,美妆,buy,1750360446,417.41,1
10430,20112,数码配件,view,1750354677,282.27,3
10125,20040,手机,view,1750205494,3595.55,1
10499,20080,数码配件,buy,1750305589,,3
10400,20174,美妆,view,1750241202,674.28,3
10108,20102,运动户外,view,1750357360,656.75,3
10223,20053,数码配件,buy,1750325341,309.73,3
10495,20182,美妆,view,1750346823,371.74,3
10277,20094,图书,view,1750226348,148.57,3
10067,20146,运动户外,view,1750269010,458.01,1
10068,20061,手机,view,1750359330,5983.63,3
10164,20098,图书,view,1750235927,52.38,1
10488,20092,美妆,cart,1750226422,767.16,1
10304,20186,数码配件,cart,1750363168,193.25,3
10396,20064,美妆,view,1750336199,281.4,1
10161,20067,数码配件,buy,1750209563,189.07,1
10364,20027,美妆,view,1750207955,693.51,1
10341,20017,图书,view,1750277606,119.14,2
10308,20025,运动户外,view,1750355468,521.65,3
10378,20103,数码配件,view,1750276453,311.9,2
10342,20146,运动户外,view,1750229832,916.11,1
10434,20054,数码配件,view,1750209002,446.56,1
10386,20118,美妆,cart,1750337705,737.17,1
10041,20123,家电,view,1750361159,3053.36,2
10353,20184,手机,view,1750241693,7453.41,1
10415,20133,数码配件,view,1750335054,449.26,2
10108,20128,美妆,view,1750264411,195.16,2
10050,20007,美妆,buy,1750246682,388.11,1
10249,20050,图书,buy,1750282043,22.26,1
10496,20084,家电,view,1750351604,4969.96,1
10340,20024,数码配件,cart,1750235259,98.23,3
10429,20174,运动户外,buy,1750370356,828.34,2
10382,20182,图书,view,1750309023,57.29,1
10491,20191,手机,view,1750262226,6008.08,1
10020,20082,图书,view,1750227148,23.06,1
10299,20092,数码配件,view,1750227518,114.5,1
10138,20116,手机,cart,1750250879,6728.19,1
10358,20137,家电,view,1750369202,4960.82,2
10323,20055,手机,view,1750376468,3625.47,2
10498,20011,数码配件,cart,1750317360,55.19,2
10384,20160,图书,view,1750272577,125.94,2
10091,20119,运动户外,cart,1750284874,1170.65,3
10446,20070,家电,cart,1750314628,4913.88,1
10279,20016,美妆,view,1750211393,677.65,1
10124,20188,数码配件,view,1750300731,156.47,2
10482,20121,美妆,cart,1750258528,538.15,3
10396,20123,图书,view,1750266371,39.36,2
10110,20009,数码配件,buy,1750312235,87.38,3
10353,20030,家电,view,1750231422,2271.4,3
10138,20059,美妆,view,1750252843,421.19,2
10483,20069,运动户外,buy,1750314456,709.39,3
10434,20016,运动户外,buy,1750309707,1131.88,1
10272,20049,家电,view,1750367696,1306.35,2
10098,20036,运动户外,cart,1750275464,642.0,3
10251,20189,图书,view,1750246649,127.88,3
10337,20117,手机,view,1750214368,4808.03,2
10103,20199,手机,cart,1750353075,4516.54,2
10213,20156,图书,buy,1750286905,36.32,2
10248,20159,家电,view,1750314710,2228.95,3
10151,20079,运动户外,view,1750244335,1147.47,1
10249,20010,图书,cart,1750271064,76.27,3
10274,20133,美妆,cart,1750272112,214.54,3
10164,20122,家电,view,1750277259,2598.68,2
10486,20034,美妆,cart,1750231296,636.49,3
10340,20032,美妆,view,1750348114,641.88,3
10007,20017,手机,view,1750205460,5318.0,3
10283,20164,运动户外,view,1750358615,425.35,2
10004,20012,数码配件,cart,1750251663,276.21,3
10144,20089,手机,view,1750314841,4386.14,3
10100,20109,手机,buy,1750209593,5025.76,2
10163,20191,手机,cart,1750252443,7964.82,1
10373,20000,家电,cart,1750256199,2484.28,3
10146,20062,美妆,view,1750253686,661.5,1
10063,20033,手机,view,1750286315,5007.24,3
10090,20102,美妆,buy,1750267640,396.72,2
10116,20009,家电,view,1750337244,3919.92,2
10353,20127,手机,buy,1750221179,4013.18,3
10266,20006,家电,view,1750360048,2786.89,3
10309,20055,数码配件,buy,1750228252,72.27,2
10172,20079,手机,buy,1750329277,4049.28,1
10046,20164,家电,view,1750230726,,3
10139,20156,运动户外,cart,1750216750,754.78,3
10245,20011,手机,cart,1750245586,6788.35,2
10148,20144,美妆,cart,1750218150,784.44,3
10245,20047,数码配件,view,1750279483,311.83,3
10394,20025,运动户外,cart,1750300393,528.66,1
10486,20111,美妆,view,1750319500,244.22,2
10475,20121,家电,view,1750236094,1662.59,1
10004,20011,运动户外,buy,1750321097,758.11,3
10464,20148,美妆,view,1750327478,196.32,3
10183,20041,手机,cart,1750313721,5339.74,1
10019,20060,运动户外,view,1750233915,890.26,3
10424,20057,运动户外,buy,1750257963,354.63,3
10045,20181,数码配件,cart,1750305515,314.64,2
10011,20033,运动户外,view,1750256695,320.61,2
10069,20006,图书,cart,1750314697,25.24,3
10016,20108,手机,cart,1750279981,3034.87,3
10370,20034,手机,view,1750300832,6581.59,2
10146,20014,运动户外,cart,1750208661,700.5,1
10153,20192,美妆,view,1750255696,707.69,1
10303,20024,家电,cart,1750247337,4856.04,1
10107,20058,运动户外,view,1750305581,989.34,3
10235,20078,美妆,cart,1750324309,486.04,2
10307,20085,运动户外,view,1750320794,219.92,3
10351,20133,美妆,view,1750235836,405.85,1
10069,20179,数码配件,cart,1750300397,461.48,3
10182,20087,美妆,buy,1750228246,760.33,2
10249,20148,手机,cart,1750282969,7193.65,1
10227,20070,运动户外,view,1750207328,680.34,1
10101,20120,家电,view,1750374873,4916.9,3
10074,20092,图书,cart,1750260343,40.35,3
10416,20095,美妆,view,1750263030,534.0,3
10445,20031,家电,view,1750336760,4421.12,1
10215,20052,家电,view,1750232885,2205.71,3
10406,20058,运动户外,view,1750208855,1009.49,2
10398,20068,家电,view,1750223482,1403.74,2
10410,20189,运动户外,cart,1750348992,963.65,2
10202,20131,美妆,view,1750269043,599.04,1
10191,20085,美妆,cart,1750291306,530.13,1
10248,20017,图书,view,1750290220,32.15,1
10498,20080,手机,cart,1750335523,4380.69,2
10241,20113,图书,cart,1750337330,40.21,3
10464,20183,运动户外,cart,1750328652,322.28,1
10178,20023,数码配件,view,1750233941,385.01,1
10436,20065,数码配件,cart,1750333952,457.62,2
10461,20140,手机,view,1750352331,5961.38,2
10218,20061,数码配件,view,1750245370,213.03,2
10081,20053,美妆,view,1750361708,570.01,2
10091,20142,家电,view,1750245041,2533.41,2
10434,20196,图书,view,1750301743,115.96,2
10174,20130,运动户外,cart,1750214415,668.56,2
10238,20036,手机,view,1750258165,3136.58,1
10259,20036,数码配件,view,1750273894,212.74,3
10390,20130,运动户外,view,1750265061,841.22,2
10364,20190,美妆,cart,1750332379,251.56,2
10162,20034,图书,buy,1750253483,88.91,2
10047,20179,图书,cart,1750336725,129.27,2
10328,20123,美妆,view,1750217857,226.75,1
10327,20155,数码配件,view,1750308196,166.8,3
10115,20017,数码配件,view,1750322992,116.38,1
10428,20121,数码配件,view,1750216778,185.12,2
10336,20163,运动户外,view,1750321537,336.11,3
10336,20160,运动户外,view,1750222520,343.82,3
10368,20191,家电,buy,1750348583,1832.98,2
10224,20153,运动户外,view,1750363067,338.36,1
10351,20047,家电,cart,1750336907,2724.95,2
10327,20167,数码配件,view,1750212719,453.16,2
10146,20016,数码配件,buy,1750307923,285.49,3
10062,20167,美妆,view,1750292515,140.27,2
10293,20134,家电,view,1750211458,2387.41,3
10322,20056,数码配件,buy,1750242755,321.79,2
10442,20007,家电,view,1750290618,3968.81,3
10324,20127,运动户外,view,1750207115,457.37,2
10012,20116,家电,view,1750312670,3951.47,2
10430,20055,手机,cart,1750326270,5500.96,2
10493,20125,美妆,view,1750319182,278.28,1
10188,20158,数码配件,cart,1750342941,62.43,2
10286,20058,家电,cart,1750310297,2907.43,3
10207,20057,家电,view,1750220433,1824.97,3
10113,20139,家电,view,1750331191,3573.86,1
10479,20175,手机,cart,1750302053,7179.58,3
10021,20158,运动户外,view,1750333727,320.69,1
10348,20107,运动户外,view,1750246117,979.44,3
10213,20190,数码配件,view,1750349631,180.03,2
10170,20073,数码配件,view,1750250864,64.57,1
10322,20166,运动户外,buy,1750358026,207.86,1
10053,20147,家电,view,1750313120,1720.73,3
10393,20100,数码配件,view,1750274567,498.6,1
10297,20047,美妆,view,1750225098,446.82,1
10319,20070,运动户外,view,1750322916,1068.35,2
10125,20115,手机,buy,1750225872,7031.12,2
10276,20181,家电,view,1750294566,4114.13,3
10463,20121,手机,buy,1750256779,4456.03,1
10203,20077,家电,view,1750271333,2835.35,2
10193,20198,运动户外,view,1750320292,1052.81,1
10168,20028,数码配件,view,1750268151,249.62,3
10151,20092,手机,view,1750213322,7789.51,3
10034,20072,运动户外,cart,1750220755,525.1,1
10183,20099,图书,view,1750348990,99.66,2
10285,20175,手机,view,1750363321,4094.92,1
10056,20073,家电,view,1750334104,1632.01,1
10221,20183,数码配件,cart,1750354901,122.03,1
10302,20094,运动户外,view,1750283040,852.22,3
10162,20016,运动户外,view,1750314843,1030.45,2
10018,20136,运动户外,view,1750323713,1024.06,1
10369,20096,数码配件,view,1750258646,210.15,3
10263,20161,运动户外,view,1750358517,948.92,2
10281,20172,手机,view,1750347965,3002.85,2
10112,20008,图书,cart,1750334603,74.43,2
10487,20134,运动户外,cart,1750216490,221.7,3
10326,20143,手机,view,1750352923,7611.83,1
10029,20018,数码配件,view,1750225182,133.78,2
10134,20133,图书,cart,1750213339,50.97,2
10066,20113,图书,view,1750358096,138.8,1
10064,20138,家电,cart,1750255243,2393.98,1
10291,20124,家电,view,1750268941,4829.62,2
10024,20060,手机,view,1750375711,7047.94,2
10036,20041,图书,cart,1750366855,27.72,3
10000,20012,家电,buy,1750213553,2134.72,1
10398,20139,运动户外,view,1750351669,1013.16,2
10036,20084,美妆,cart,1750269183,536.65,1
10140,20019,家电,view,1750247584,1985.16,3
10231,20049,运动户外,view,1750211786,1011.85,2
10135,20163,数码配件,cart,1750373911,292.26,1
10388,20091,手机,view,1750275438,7829.59,2
10187,20087,手机,view,1750321278,5898.94,2
10127,20068,数码配件,view,1750365160,458.45,3
10200,20036,数码配件,view,1750242192,75.4,1
10126,20139,运动户外,view,1750325330,,2
10256,20098,数码配件,view,1750208702,122.02,2
10163,20124,家电,view,1750372812,,1
10034,20167,数码配件,view,1750367888,251.66,1
10193,20053,数码配件,view,1750224726,227.99,3
10190,20129,家电,view,1750309862,2489.51,1
10103,20177,运动户外,cart,1750288293,474.07,1
10022,20040,美妆,cart,1750309301,540.69,2
10264,20044,运动户外,view,1750211459,1105.71,3
10289,20102,运动户外,view,1750264717,1008.65,1
10429,20105,手机,view,1750344534,3791.7,2
10461,20136,图书,cart,1750254883,55.16,1
10383,20189,美妆,view,1750265164,347.68,2
10259,20127,图书,view,1750259819,32.23,3
10413,20085,家电,view,1750283315,3559.39,1
10478,20046,美妆,cart,1750320567,462.2,2
10357,20004,数码配件,view,1750326995,112.85,3
10074,20000,家电,view,1750239217,3965.0,1
10354,20043,手机,view,1750271482,4181.33,3
10071,20149,美妆,view,1750233494,752.24,3
10258,20037,家电,cart,1750284101,4876.51,3
10397,20018,运动户外,view,1750371011,631.42,2
10187,20158,数码配件,view,1750266267,144.04,1
10460,20114,数码配件,view,1750297675,301.19,1
10172,20194,图书,cart,1750248297,142.56,2
10479,20086,运动户外,cart,1750318384,865.51,2
10289,20169,手机,cart,1750336778,4667.72,2
10044,20122,美妆,view,1750346747,234.47,1
10060,20081,图书,view,1750330059,112.38,1
10082,20153,运动户外,cart,1750337946,217.99,2
10122,20140,运动户外,view,1750248914,858.46,2
10357,20057,图书,buy,1750371955,132.09,2
10015,20145,美妆,view,1750307505,650.01,1
10065,20066,数码配件,view,1750296645,132.61,1
10423,20121,手机,view,1750371426,4763.34,2
10144,20086,家电,cart,1750322036,4955.43,1
10374,20130,数码配件,view,1750270847,315.04,1
10161,20054,美妆,view,1750249240,695.76,1
10233,20088,家电,buy,1750354151,1348.76,3
10379,20057,家电,view,1750363524,4152.24,3
10143,20062,美妆,view,1750321030,219.17,1
10357,20090,家电,view,1750294634,1000.99,1
10187,20051,数码配件,view,1750222298,137.39,2
10321,20125,图书,view,1750265512,22.44,3
10449,20023,手机,view,1750355512,6801.29,1
10473,20071,家电,view,1750367116,1803.17,1
10012,20008,家电,view,1750229348,,1
10183,20109,数码配件,view,1750217062,433.48,2
10110,20164,手机,buy,1750332163,3717.83,3
10414,20093,手机,view,1750233871,4404.93,3
10289,20116,美妆,view,1750329056,688.38,2
10294,20082,家电,view,1750342614,1873.55,3
10450,20180,图书,view,1750264639,94.42,2
10391,20079,家电,view,1750321373,2694.64,2
10214,20151,美妆,view,1750233982,256.05,1
10461,20148,家电,cart,1750373336,1458.66,3
10119,20099,图书,view,1750318904,32.11,2
10381,20039,家电,buy,1750306797,3861.66,2
10054,20102,图书,cart,1750256344,57.4,2
10026,20061,家电,view,1750306606,3633.97,3
10117,20197,图书,view,1750213095,74.63,2
10220,20068,美妆,view,1750281429,275.71,1
10230,20141,数码配件,buy,1750317146,418.46,1
10052,20108,运动户外,view,1750338912,540.18,3
10294,20169,运动户外,view,1750334407,286.54,3
10320,20177,数码配件,view,1750252707,127.6,1
10400,20188,家电,view,1750285449,1876.77,2
10232,20003,图书,view,1750262215,84.51,2
10157,20071,图书,view,1750256277,63.58,3
10436,20016,运动户外,view,1750207625,648.64,1
10268,20113,图书,cart,1750301720,120.45,3
10020,20084,家电,view,1750314381,4044.26,3
10402,20056,数码配件,view,1750250139,359.7,1
10052,20106,数码配件,view,1750221372,367.74,3
10274,20047,手机,buy,1750293641,3016.06,1
10312,20171,数码配件,cart,1750286838,331.62,2
10280,20172,美妆,buy,1750307249,222.07,3
10213,20116,图书,view,1750362979,121.43,1
10030,20160,手机,view,1750344688,4101.87,1
10336,20030,图书,view,1750332917,26.49,3
10182,20111,美妆,view,1750263029,165.7,2
10022,20046,数码配件,buy,1750277101,285.15,1
10031,20133,运动户外,view,1750226388,927.74,3
10445,20107,运动户外,cart,1750296918,1163.02,2
10073,20071,图书,cart,1750239238,130.38,3
10009,20070,运动户外,cart,1750222401,604.13,2
10483,20161,美妆,view,1750340975,585.8,2
10455,20107,数码配件,cart,1750220478,307.06,1
10053,20052,运动户外,view,1750356021,895.78,1
10051,20141,手机,cart,1750215550,4540.33,3
10147,20015,运动户外,view,1750305740,1037.63,1
10159,20170,图书,buy,1750317103,67.23,1
10369,20115,图书,cart,1750269806,49.63,2
10013,20072,图书,buy,1750269194,96.98,1
10177,20073,手机,view,1750260109,6223.06,1
10411,20080,运动户外,view,1750236320,991.46,3
10365,20011,家电,view,1750312360,1733.64,2
10499,20127,数码配件,view,1750365837,399.25,1
10052,20069,数码配件,view,1750317759,341.17,2
10407,20146,家电,view,1750361508,2317.96,1
10334,20040,运动户外,view,1750313513,405.25,1
10021,20180,图书,view,1750339813,41.99,3
10029,20156,数码配件,cart,1750331042,276.67,2
10190,20197,手机,cart,1750371964,4574.56,2
10259,20058,手机,cart,1750354484,6184.0,1
10204,20088,家电,cart,1750220183,3777.88,2
10058,20191,美妆,cart,1750225181,395.81,3
10470,20023,运动户外,view,1750311527,642.78,2
10263,20143,家电,view,1750223078,1244.77,2
10465,20179,家电,view,1750208687,4848.63,2
10011,20079,家电,buy,1750251281,3320.87,3
10118,20133,数码配件,view,1750345442,497.84,1
10414,20164,运动户外,view,1750289435,353.92,1
10461,20131,家电,view,1750206392,2830.16,3
10289,20091,运动户外,cart,1750273590,507.96,1
10337,20165,运动户外,view,1750258866,357.74,3
10247,20168,美妆,view,1750266251,580.87,1
10353,20091,美妆,cart,1750284095,770.35,3
10126,20080,美妆,view,1750278797,113.49,2
10074,20141,数码配件,view,1750211821,238.35,2
10360,20070,数码配件,view,1750345992,327.62,2
10203,20178,家电,view,1750363989,2033.85,3
10048,20064,家电,buy,1750351970,2086.22,3
10078,20051,美妆,cart,1750269119,561.08,1
10440,20029,美妆,view,1750224551,710.1,2
10478,20184,美妆,view,1750336395,390.0,1
10240,20098,运动户外,view,1750275861,1153.85,3
10348,20157,家电,view,1750373935,2374.96,3
10153,20097,数码配件,cart,1750218380,391.38,1
10273,20041,运动户外,view,1750357084,452.6,3
10095,20138,美妆,view,1750338756,694.94,1
10213,20026,图书,view,1750216958,142.13,1
10293,20151,运动户外,view,1750245714,799.08,2
10208,20166,美妆,view,1750217363,412.39,1
10342,20071,手机,view,1750340480,5697.11,3
10087,20017,手机,view,1750343393,5010.56,1
10305,20076,数码配件,buy,1750375529,297.62,2
10263,20044,图书,cart,1750212714,62.41,3
10424,20114,手机,view,1750356700,5581.7,2
10389,20086,数码配件,view,1750370303,341.08,2
10324,20139,手机,view,1750315682,5699.18,3
10427,20176,美妆,view,1750305693,519.89,1
10376,20158,家电,cart,1750239516,2624.58,1
10319,20091,数码配件,view,1750209189,110.06,1
10156,20021,数码配件,view,1750250735,75.57,2
10155,20171,家电,view,1750278360,4529.45,2
10138,20091,家电,view,1750370006,3379.45,3
10120,20191,家电,view,1750341618,2336.03,3
10064,20076,运动户外,cart,1750207671,281.22,3
10106,20024,美妆,view,1750377225,563.35,1
10146,20107,图书,view,1750261147,134.0,2
10136,20178,数码配件,view,1750245749,90.51,1
10410,20134,运动户外,view,1750349325,208.95,2
10161,20108,数码配件,view,1750220213,420.31,1
10427,20133,数码配件,view,1750205001,392.47,1
10451,20023,图书,view,1750285629,61.37,1
10099,20018,图书,view,1750316188,110.79,2
10337,20082,数码配件,cart,1750320042,364.96,2
10398,20114,图书,view,1750309685,146.22,3
10306,20008,图书,cart,1750348136,136.85,1
10140,20111,手机,view,1750323228,6584.25,2
10082,20163,家电,view,1750309674,2105.78,2
10176,20101,家电,buy,1750265308,4842.92,2
10197,20167,手机,view,1750363218,7033.99,3
10111,20151,数码配件,view,1750238707,313.39,2
10055,20047,数码配件,view,1750250460,417.47,1
10459,20190,美妆,view,1750363353,279.6,3
10178,20068,运动户外,view,1750352564,1161.25,3
10420,20180,家电,view,1750223850,2667.81,2
10400,20181,数码配件,view,1750295174,129.61,2
10185,20169,数码配件,buy,1750362300,458.91,3
10470,20118,家电,view,1750348497,3948.95,1
10217,20044,家电,view,1750329963,3211.38,2
10412,20124,数码配件,view,1750323011,369.55,3
10416,20013,家电,view,1750208039,4123.96,2
10315,20156,手机,view,1750217607,5625.96,3
10474,20133,图书,cart,1750229872,125.7,2
10216,20134,家电,view,1750361952,3984.14,1
10119,20036,家电,buy,1750212488,2609.8,1
10438,20052,手机,view,1750377349,3248.35,3
10393,20017,运动户外,buy,1750366527,346.79,3
10174,20037,美妆,buy,1750284743,769.61,3
10022,20186,美妆,view,1750279312,697.03,3
10212,20128,数码配件,view,1750209173,185.23,1
10404,20195,数码配件,cart,1750244726,273.07,3
10234,20043,数码配件,view,1750365467,64.93,3
10012,20046,运动户外,view,1750305396,1032.82,2
10100,20034,家电,cart,1750240302,3668.52,2
10416,20059,手机,view,1750374922,7848.1,1
10023,20089,手机,view,1750265650,4167.66,1
10363,20051,数码配件,buy,1750317025,497.0,3
10010,20007,手机,view,1750367444,4305.09,2
10272,20106,家电,buy,1750347720,3273.54,1
10451,20168,美妆,buy,1750344771,359.02,1
10430,20130,手机,view,1750269288,6294.41,3
10280,20196,手机,view,1750231146,5042.46,3
10093,20141,运动户外,view,1750244891,1178.17,3
10200,20095,美妆,view,1750206563,639.87,2
10020,20025,家电,cart,1750272335,2229.41,1
10339,20110,美妆,view,1750223816,257.88,3
10466,20197,家电,view,1750310890,3474.69,1
10210,20122,手机,view,1750256298,5450.96,3
10139,20185,家电,view,1750296448,4962.32,1
10292,20167,家电,view,1750251812,4030.28,1
10297,20050,家电,view,1750357847,4333.3,3
10400,20122,美妆,view,1750331750,238.79,1
10100,20004,家电,view,1750252994,1759.51,2
10303,20076,图书,view,1750348966,78.31,3
10358,20159,手机,cart,1750211529,5466.91,2
10027,20000,美妆,buy,1750238530,391.19,1
10040,20181,图书,buy,1750206146,139.99,3
10354,20010,运动户外,view,1750364262,276.22,1
10302,20180,运动户外,view,1750350909,1177.46,2
10495,20007,手机,view,1750377136,4194.46,1
10145,20152,数码配件,view,1750296989,85.31,2
10255,20167,家电,buy,1750224034,1148.16,3
10461,20031,图书,view,1750347565,64.76,3
10226,20027,手机,cart,1750288937,7038.8,2
10235,20130,图书,view,1750307665,124.1,3
10360,20127,图书,view,1750309230,106.63,1
10379,20061,美妆,view,1750218058,430.96,2
10454,20026,手机,view,1750208103,7461.3,3
10488,20044,图书,view,1750346246,60.53,2
10012,20104,手机,buy,1750347912,4243.22,1
10209,20091,家电,view,1750259589,3158.51,3
10228,20024,运动户外,view,1750215261,360.32,1
10396,20188,数码配件,view,1750350206,419.35,2
10099,20043,美妆,buy,1750210315,539.84,3
10030,20173,运动户外,view,1750307492,212.45,2
10385,20141,家电,view,1750304974,2351.78,2
10015,20135,美妆,view,1750258204,520.22,3
10136,20175,家电,view,1750257251,2670.09,1
10328,20141,家电,view,1750273913,2873.69,1
10165,20192,数码配件,buy,1750318046,455.0,2
10458,20079,手机,view,1750351178,7824.77,2
10309,20081,手机,view,1750235597,3205.13,3
10439,20134,美妆,view,1750369741,478.6,2
10469,20087,家电,view,1750242878,1798.77,2
10480,20176,运动户外,view,1750277067,535.29,3
10099,20126,图书,view,1750309484,64.58,1
10108,20054,家电,view,1750376818,1445.75,2
10342,20140,手机,view,1750246463,5274.11,1
10172,20183,手机,view,1750328108,6003.1,3
10236,20055,手机,view,1750300052,7759.86,3
10161,20014,图书,view,1750219664,114.43,3
10392,20184,美妆,cart,1750372722,640.8,1
10215,20057,手机,view,1750307141,3317.62,3
10263,20162,手机,cart,1750268731,5861.47,3
10262,20087,图书,view,1750306377,123.05,2
10291,20096,家电,cart,1750290446,1719.21,3
10273,20143,数码配件,view,1750265640,51.25,1
10002,20007,家电,cart,1750344947,1294.69,2
10027,20172,手机,view,1750350427,5430.81,2
10325,20039,手机,view,1750309994,4941.31,1
10491,20181,图书,buy,1750266798,26.74,1
10427,20013,运动户外,view,1750206992,,2
10148,20186,手机,view,1750372852,5654.51,1
10027,20052,美妆,view,1750206900,286.19,3
10487,20126,数码配件,view,1750261516,54.93,3
10309,20154,手机,view,1750220188,7942.18,3
10437,20174,家电,view,1750240256,1572.65,1
10064,20079,数码配件,view,1750257236,121.14,2
10355,20114,图书,view,1750300919,110.49,1
10020,20133,手机,view,1750307671,7121.9,1
10251,20054,手机,view,1750216071,5667.23,1
10234,20043,运动户外,view,1750334036,1014.73,2
10226,20017,美妆,view,1750369993,667.92,3
10012,20015,家电,view,1750350771,2143.32,3
10312,20011,图书,view,1750263816,140.34,3
10048,20147,手机,view,1750351878,3081.45,1
10117,20044,美妆,view,1750369754,372.5,2
10053,20191,数码配件,view,1750278984,448.84,2
10137,20186,运动户外,buy,1750248807,356.9,3
10052,20092,美妆,view,1750366419,186.34,2
10043,20021,手机,view,1750207964,5037.01,1
10302,20096,运动户外,view,1750241379,620.0,2
10052,20046,数码配件,view,1750282481,251.44,2
10073,20028,美妆,view,1750311257,395.12,1
10045,20044,家电,view,1750221285,4199.11,2
10012,20076,数码配件,view,1750256979,81.95,3
10164,20008,手机,view,1750371211,4152.0,1
10101,20023,运动户外,view,1750315751,293.89,1
10279,20014,图书,view,1750302689,94.37,1
10257,20163,家电,view,1750269102,1300.21,3
10469,20012,图书,view,1750219641,93.73,3
10336,20090,运动户外,buy,1750300578,931.92,1
10355,20171,手机,view,1750327362,4599.37,3
10397,20100,手机,view,1750354921,5301.18,3
10137,20070,手机,cart,1750371844,7662.03,3
10162,20199,数码配件,view,1750283533,483.99,3
10408,20121,运动户外,view,1750306601,629.69,1
10386,20075,数码配件,view,1750363993,446.5,2
10110,20163,图书,view,1750308605,92.74,3
10101,20115,手机,view,1750253489,5343.54,1
10016,20060,美妆,view,1750228052,693.3,3
10267,20167,图书,view,1750373198,20.78,1
10181,20125,数码配件,view,1750299140,61.49,2
10371,20154,运动户外,view,1750242458,389.65,3
10023,20000,美妆,view,1750239733,435.34,1
10028,20161,数码配件,buy,1750272715,232.19,1
10170,20067,家电,cart,1750289252,4686.24,1
10408,20087,家电,cart,1750325435,4739.09,2
10227,20020,数码配件,cart,1750272508,343.73,1
10377,20160,运动户外,view,1750246599,436.76,1
10187,20134,美妆,view,1750241681,336.7,1
10345,20192,家电,view,1750355593,1729.44,1
10229,20002,图书,view,1750315760,20.02,3
10320,20050,家电,view,1750340135,4193.5,2
10339,20078,图书,view,1750334467,145.0,3
10118,20094,手机,view,1750364211,5626.36,1
10155,20181,美妆,view,1750226847,673.91,2
10271,20122,图书,view,1750306775,36.49,1
10174,20186,运动户外,view,1750364537,768.39,3
10464,20005,手机,view,1750237388,7796.99,1
10103,20156,手机,cart,1750279339,4966.74,1
10091,20016,家电,view,1750318176,1737.22,3
10185,20116,美妆,cart,1750333974,739.53,2
10459,20059,运动户外,view,1750224574,403.75,2
10282,20149,美妆,view,1750309244,772.06,2
10180,20151,图书,cart,1750320916,23.68,1
10169,20124,家电,view,1750304008,1209.44,1
10186,20080,图书,view,1750336769,42.03,2
10174,20084,家电,view,1750214654,1339.26,3
10221,20050,运动户外,cart,1750218862,497.51,1
10232,20177,运动户外,view,1750318656,875.4,2
10161,20138,图书,view,1750314965,,1
10420,20183,图书,view,1750317443,20.31,1
10133,20070,手机,cart,1750310925,4225.55,1
10390,20169,数码配件,view,1750310585,210.57,2
10479,20038,运动户外,cart,1750322192,482.72,2
10223,20068,图书,view,1750259552,103.94,1
10152,20047,数码配件,buy,1750354414,491.42,3
10032,20124,运动户外,cart,1750277622,1038.64,3
10054,20056,手机,view,1750337467,7569.47,2
10441,20020,手机,view,1750287373,6101.1,2
10006,20081,手机,cart,1750259204,5986.08,1
10243,20098,运动户外,cart,1750261548,636.52,1
10312,20147,家电,cart,1750272239,4901.44,2
10125,20014,手机,view,1750348468,3784.74,3
10011,20068,美妆,buy,1750375433,473.57,1
10015,20178,美妆,cart,1750366259,173.03,2
10207,20075,数码配件,buy,1750209068,152.59,1
10042,20061,美妆,view,1750319340,579.54,3
10372,20118,美妆,buy,1750240837,712.97,1
10483,20036,数码配件,buy,1750284540,366.44,2
10460,20133,图书,view,1750371779,135.64,1
10134,20198,图书,view,1750336924,79.94,3
10227,20025,运动户外,view,1750336183,713.39,3
10110,20007,家电,buy,1750322830,1515.07,3
10306,20003,美妆,view,1750291262,438.16,3
10456,20020,数码配件,buy,1750306494,180.56,3
10159,20158,手机,view,1750257210,3385.17,3
10330,20148,美妆,view,1750309870,549.7,2
10263,20024,运动户外,cart,1750345435,774.95,2
10224,20142,运动户外,view,1750339886,879.45,2
10470,20162,美妆,view,1750306202,288.54,1
10216,20176,美妆,view,1750367564,779.75,2
10455,20042,家电,view,1750218089,4215.94,3
10044,20168,手机,view,1750226734,3703.54,2
10213,20036,运动户外,view,1750289381,298.96,2
10058,20184,图书,cart,1750311322,108.97,2
10131,20041,图书,view,1750309289,140.48,2
10103,20174,图书,cart,1750334176,66.6,2
10194,20091,手机,buy,1750328075,3860.74,2
10412,20060,图书,view,1750342104,26.8,2
10488,20141,图书,view,1750343986,125.21,1
10156,20067,图书,view,1750313517,66.46,2
10097,20052,图书,view,1750250707,33.85,2
10225,20083,图书,view,1750359131,120.08,3
10411,20033,运动户外,buy,1750257678,204.94,1
10204,20075,数码配件,view,1750316421,290.48,1
10078,20096,数码配件,cart,1750327995,426.42,1
10123,20151,美妆,view,1750269064,113.92,2
10470,20147,家电,view,1750274997,3488.84,1
10427,20196,家电,view,1750250244,2644.85,1
10217,20029,美妆,view,1750365091,133.96,3
10003,20087,数码配件,view,1750277670,,3
10089,20006,手机,view,1750207976,6339.87,3
10103,20035,运动户外,view,1750329483,1023.67,3
10392,20037,运动户外,cart,1750355757,1119.3,2
10118,20051,家电,cart,1750244870,2346.54,3
10132,20142,图书,view,1750364548,67.14,2
10311,20173,数码配件,view,1750215872,193.0,2
10095,20150,家电,view,1750333812,4080.3,2
10467,20139,数码配件,buy,1750289175,56.37,2
10433,20171,美妆,view,1750270654,255.94,3
10330,20142,手机,cart,1750369409,5922.39,3
10142,20092,手机,view,1750205085,7912.96,1
10287,20106,美妆,view,1750375370,289.19,1
10027,20125,家电,buy,1750343853,2415.1,3
10277,20048,家电,view,1750209403,2121.47,2
10232,20020,家电,cart,1750264400,1614.26,1
10016,20014,数码配件,cart,1750328313,349.24,2
10058,20013,数码配件,view,1750300561,213.16,1
10089,20041,美妆,view,1750316305,459.44,3
10491,20014,图书,buy,1750246472,109.28,1
10198,20062,手机,view,1750238652,6773.07,3
10361,20195,图书,cart,1750308722,87.6,3
10440,20026,数码配件,cart,1750354366,174.4,2
10025,20092,家电,view,1750248922,4065.81,2
10024,20104,手机,cart,1750348621,4802.97,2
10393,20052,美妆,view,1750325188,295.97,2
10300,20051,运动户外,view,1750230662,716.35,2
10338,20062,家电,view,1750252456,2535.8,3
10266,20180,家电,view,1750227462,3568.97,2
10460,20056,手机,buy,1750228478,5648.16,2
10180,20119,数码配件,view,1750243251,182.71,2
10455,20051,图书,cart,1750313411,93.21,3
10359,20106,数码配件,view,1750315007,60.53,1
10067,20042,家电,view,1750262488,3899.73,3
10494,20134,运动户外,view,1750356652,824.67,1
10350,20116,家电,cart,1750355063,1912.0,1
10411,20169,手机,cart,1750317105,,2
10458,20003,图书,cart,1750369344,112.88,3
10490,20196,运动户外,view,1750278349,1088.57,2
10320,20132,运动户外,view,1750223307,903.27,3
10048,20079,运动户外,view,1750257890,513.96,3
10174,20040,数码配件,view,1750347575,418.34,3
10051,20131,数码配件,view,1750259884,429.35,2
10101,20001,数码配件,view,1750288792,312.43,2
10215,20194,数码配件,view,1750301686,311.46,3
10437,20148,数码配件,cart,1750248747,332.23,2
10187,20197,数码配件,view,1750338946,168.61,2
10056,20042,运动户外,view,1750245577,222.85,1
10046,20081,美妆,view,1750267136,155.49,3
10158,20107,运动户外,view,1750370369,380.41,3
10488,20196,数码配件,view,1750227925,432.38,3
10173,20136,数码配件,view,1750374417,467.78,3
10241,20155,数码配件,view,1750230566,431.3,3
10281,20025,家电,cart,1750332845,1106.21,1
10240,20081,运动户外,view,1750361035,960.43,1
10369,20082,手机,view,1750262326,5930.68,2
10004,20130,家电,view,1750349838,1575.91,3
10083,20072,家电,view,1750338855,4621.16,3
10307,20099,运动户外,view,1750323845,807.47,1
10360,20048,家电,cart,1750333468,1176.95,2
10458,20144,运动户外,view,1750340738,613.77,3
10247,20062,家电,buy,1750297681,1764.04,3
10053,20054,运动户外,view,1750266698,686.84,3
10160,20150,手机,cart,1750377343,7199.32,1
10433,20033,手机,view,1750215995,4701.32,3
10421,20104,图书,view,1750298510,137.66,1
10410,20104,美妆,view,1750363004,434.91,3
10225,20068,美妆,view,1750278241,291.69,2
10014,20014,手机,view,1750345674,7909.28,1
10223,20174,手机,buy,1750285689,4556.82,2
10060,20002,手机,view,1750244746,6507.8,1
10121,20155,美妆,cart,1750256823,695.58,2
10276,20002,数码配件,buy,1750369370,101.22,2
10045,20101,数码配件,view,1750357572,384.64,3
10452,20003,运动户外,cart,1750321823,650.33,3
10389,20087,手机,cart,1750372260,3710.62,2
10293,20158,美妆,view,1750281325,398.45,2
10061,20044,运动户外,buy,1750281724,774.5,1
10085,20186,家电,cart,1750316807,2693.03,2
10445,20044,手机,view,1750240114,4089.65,3
10209,20074,图书,view,1750337453,118.59,3
10077,20164,家电,cart,1750335405,2420.27,2
10201,20192,运动户外,cart,1750243414,360.17,3
10301,20008,运动户外,view,1750351485,709.04,3
10396,20144,家电,cart,1750228059,1546.82,2
10222,20117,数码配件,view,1750284570,367.35,3
10221,20064,家电,buy,1750250688,1907.07,2
10002,20130,手机,view,1750302539,7963.33,1
10477,20025,数码配件,view,1750345713,382.49,1
10005,20180,数码配件,view,1750327106,225.08,1
10092,20158,图书,view,1750328254,69.96,3
10007,20025,图书,view,1750295338,114.53,3
10427,20022,美妆,view,1750375272,481.34,1
10492,20029,美妆,view,1750364644,618.51,1
10234,20009,运动户外,view,1750208241,202.94,1
10107,20071,家电,view,1750310834,3657.62,3
10160,20063,数码配件,view,1750279951,425.36,1
10208,20149,家电,cart,1750276485,2199.41,3
10239,20142,运动户外,view,1750359674,1089.36,2
10330,20122,数码配件,view,1750322698,269.08,2
10332,20104,手机,cart,1750237666,3642.31,3
10049,20183,运动户外,view,1750268072,836.92,1
10010,20073,手机,cart,1750371108,5123.76,2
10350,20147,美妆,view,1750358191,608.21,2
10155,20104,美妆,cart,1750254242,181.6,2
10491,20046,运动户外,view,1750303773,323.11,2
10069,20086,运动户外,view,1750241382,277.96,2
10168,20052,美妆,view,1750250385,268.36,1
10271,20180,家电,cart,1750239832,4353.15,3
10067,20128,美妆,buy,1750359041,288.07,3
10354,20001,手机,view,1750319545,7942.84,2
10251,20057,数码配件,view,1750298669,239.44,3
10047,20146,美妆,view,1750323378,432.05,3
10183,20189,手机,view,1750277172,6178.32,2
10319,20071,手机,view,1750247845,3134.51,1
10186,20139,家电,cart,1750324841,2401.85,2
10089,20153,运动户外,buy,1750285322,634.28,1
10445,20026,运动户外,cart,1750305392,310.04,1
10331,20028,运动户外,cart,1750222228,579.61,3
10138,20014,数码配件,cart,1750373318,210.52,2
10356,20173,数码配件,view,1750246205,210.21,3
10088,20128,家电,view,1750273667,2754.69,1
10273,20059,图书,view,1750348343,23.42,2
10018,20106,手机,buy,1750292493,6714.76,2
10470,20184,手机,cart,1750275863,7893.85,2
10310,20002,美妆,view,1750330920,484.53,1
10357,20114,家电,view,1750354920,3143.77,1
10373,20145,图书,view,1750265991,51.36,1
10465,20051,图书,buy,1750226739,55.88,2
10153,20059,美妆,view,1750256697,506.18,1
10389,20033,图书,view,1750359035,53.89,2
10259,20095,数码配件,view,1750287851,315.34,1
10107,20088,手机,view,1750280694,6441.02,1
10370,20059,数码配件,view,1750334704,159.74,3
10284,20153,运动户外,view,1750218370,713.83,3
10058,20199,数码配件,cart,1750220469,275.92,1
10124,20018,美妆,view,1750268555,436.3,1
10353,20110,图书,view,1750228943,30.96,1
10272,20021,图书,view,1750312948,82.58,1
10106,20160,美妆,view,1750332171,660.13,3
10298,20165,手机,view,1750366055,3486.59,3
10244,20127,运动户外,view,1750283755,520.08,1
10335,20034,图书,cart,1750311373,129.06,3
10449,20106,数码配件,view,1750316948,51.03,3
10417,20127,美妆,view,1750223701,747.15,2
10246,20194,图书,view,1750208007,116.6,2
10007,20082,手机,view,1750253301,3976.19,3
10140,20137,运动户外,cart,1750292654,1176.81,3
10361,20142,手机,view,1750241003,7577.56,1
10007,20138,图书,cart,1750245013,32.46,1
10477,20110,运动户外,view,1750287385,236.67,1
10351,20089,图书,view,1750241937,96.55,1
10483,20023,手机,buy,1750270296,5008.98,1
10494,20076,美妆,view,1750240616,190.11,2
10093,20100,手机,view,1750358706,4597.58,1
10320,20131,家电,view,1750303832,1188.77,1
10426,20012,美妆,view,1750365743,772.62,1
10038,20184,手机,view,1750344833,4038.67,2
10080,20097,家电,view,1750264522,1404.11,3
10186,20119,家电,view,1750235403,3068.09,1
10083,20036,家电,view,1750292758,3390.82,2
10087,20047,美妆,view,1750284564,188.37,1
10241,20198,数码配件,view,1750282905,397.63,3
10341,20000,运动户外,view,1750273929,204.98,3
10092,20059,数码配件,view,1750250378,137.0,3
10085,20139,手机,cart,1750298282,5916.72,1
10043,20148,运动户外,cart,1750328939,836.66,3
10136,20138,家电,view,1750371779,3291.39,3
10420,20043,图书,view,1750265631,81.35,2
10073,20114,运动户外,cart,1750251347,292.12,2
10035,20185,运动户外,view,1750222189,532.52,2
10100,20107,运动户外,cart,1750246141,590.09,2
10475,20043,家电,cart,1750367221,3043.59,2
10155,20077,运动户外,view,1750301655,466.6,1
10425,20161,家电,view,1750302021,3326.42,1
10254,20024,图书,cart,1750275787,121.07,2
10170,20131,运动户外,cart,1750293421,866.92,1
10468,20191,数码配件,view,1750311681,360.23,1
10215,20115,美妆,cart,1750293688,503.61,3
10169,20118,家电,view,1750306579,1810.19,2
10251,20143,数码配件,view,1750329271,96.47,1
10359,20009,家电,view,1750314467,4453.65,1
10321,20108,美妆,view,1750289729,751.85,2
10054,20193,家电,buy,1750348593,2146.48,2
10455,20034,数码配件,cart,1750356253,160.86,1
10431,20133,运动户外,cart,1750345938,593.3,1
10090,20018,图书,view,1750266761,96.73,3
10277,20186,数码配件,cart,1750377100,391.51,1
10100,20180,运动户外,view,1750335896,1060.44,1
10154,20007,手机,view,1750376708,6908.06,1
10376,20009,美妆,view,1750210861,120.46,2
10348,20194,家电,view,1750328408,2518.16,3
10450,20165,家电,cart,1750229813,4093.07,2
10363,20028,数码配件,view,1750349999,416.53,3
10140,20014,手机,view,1750276915,3699.69,3
10172,20086,家电,view,1750279635,4916.85,2
10009,20022,家电,view,1750320673,2191.4,2
10227,20045,家电,view,1750242588,2111.88,3
10264,20027,数码配件,buy,1750306669,334.78,3
10437,20025,图书,view,1750254936,72.71,3
10247,20009,手机,view,1750358175,6740.26,3
10246,20174,美妆,cart,1750308454,107.94,3
10154,20003,图书,view,1750233593,106.44,1
10033,20054,美妆,view,1750281380,737.73,3
10498,20065,运动户外,view,1750211504,610.0,2
10128,20066,美妆,cart,1750290950,256.94,1
10159,20134,数码配件,view,1750306939,97.2,1
10088,20054,家电,view,1750212019,4093.43,1
10092,20030,运动户外,cart,1750362514,446.9,2
10326,20073,美妆,view,1750226113,632.99,1
10240,20018,家电,view,1750261277,4888.25,2
10322,20155,美妆,view,1750258570,437.42,3
10467,20080,图书,view,1750216751,33.05,3
10403,20155,数码配件,cart,1750221072,169.39,1
10116,20146,运动户外,view,1750224175,416.51,2
10093,20086,数码配件,view,1750278967,230.21,3
10162,20019,美妆,cart,1750226567,564.04,1
10098,20012,手机,cart,1750247149,6280.79,1
10112,20076,家电,view,1750314174,4323.17,2
10358,20042,手机,view,1750213445,5721.46,3
10090,20138,手机,cart,1750269404,6011.11,2
10345,20175,家电,view,1750257378,4382.53,2
10205,20142,数码配件,cart,1750284062,470.54,3
10016,20144,图书,cart,1750259726,149.53,2
10273,20181,家电,view,1750330119,,3
10172,20049,美妆,view,1750359904,686.13,1
10115,20027,家电,buy,1750225728,2528.63,2
10348,20003,运动户外,view,1750227451,901.89,2
10467,20021,手机,view,1750230427,3676.16,3
10180,20118,美妆,view,1750209052,693.32,1
10090,20100,图书,buy,1750205929,106.97,1
10081,20038,数码配件,view,1750280645,344.84,1
10323,20033,手机,view,1750370475,5668.09,2
10448,20096,图书,view,1750224482,83.0,3
10113,20043,家电,buy,1750338513,2905.75,2
10256,20169,运动户外,view,1750253957,1060.19,3
10057,20039,手机,view,1750225690,6943.09,1
10153,20096,美妆,view,1750233950,530.27,3
10364,20139,运动户外,view,1750279843,777.6,1
10403,20129,家电,view,1750279238,1475.88,1
10115,20155,手机,cart,1750292753,3412.01,1
10342,20073,图书,view,1750318398,97.59,3
10265,20085,家电,view,1750271193,2626.08,2
10314,20089,图书,view,1750376763,62.01,2
10202,20066,美妆,view,1750241219,152.54,3
10040,20198,图书,view,1750221840,113.69,3
10104,20199,运动户外,view,1750365646,797.21,2
10388,20075,数码配件,view,1750316452,459.42,2
10377,20091,数码配件,view,1750361531,306.6,1
10192,20009,手机,view,1750369601,3529.83,3
10400,20085,美妆,view,1750310153,415.99,1
10277,20101,图书,view,1750242979,85.63,1
10353,20184,运动户外,view,1750245710,286.42,2
10236,20107,运动户外,view,1750310992,853.41,2
10424,20164,手机,view,1750329688,7369.82,1
10220,20090,美妆,view,1750376218,305.84,2
10067,20191,手机,cart,1750303909,3025.47,3
10196,20078,美妆,buy,1750251994,394.69,2
10255,20085,手机,cart,1750231697,5559.76,1
10138,20106,手机,buy,1750312764,7902.33,2
10311,20167,数码配件,view,1750231090,352.54,2
10434,20100,家电,view,1750311661,1030.83,1
10148,20107,家电,view,1750296858,1445.28,3
10098,20059,家电,view,1750243619,1571.3,1
10075,20047,家电,view,1750345322,2135.63,2
10281,20116,运动户外,view,1750255290,355.54,2
10370,20105,数码配件,view,1750205137,,2
10402,20146,手机,view,1750275048,6756.55,2
10108,20199,数码配件,cart,1750231480,152.68,3
10187,20032,手机,buy,1750212586,4735.15,2
10198,20043,家电,view,1750320928,4119.07,1
10302,20164,家电,cart,1750239206,3122.45,1
10326,20111,运动户外,view,1750299010,839.56,2
10153,20088,数码配件,buy,1750326529,319.46,3
10039,20035,家电,view,1750209307,4706.54,1
10132,20080,手机,cart,1750280218,3511.63,3
10404,20087,图书,view,1750292072,30.04,1
10461,20148,数码配件,cart,1750376710,93.02,2
10131,20129,图书,view,1750323848,73.3,2
10278,20030,美妆,cart,1750214345,190.22,1
10361,20107,手机,view,1750364771,6370.67,1
10083,20029,手机,view,1750335274,6780.04,3
10398,20171,美妆,cart,1750264396,117.46,2
10241,20011,数码配件,view,1750243049,101.93,1
10115,20050,家电,cart,1750321357,3482.26,2
10108,20120,家电,cart,1750355718,2609.99,1
10220,20176,图书,cart,1750295103,91.83,2
10391,20151,图书,view,1750210267,59.79,3
10040,20151,图书,view,1750204973,136.32,2
10367,20187,数码配件,buy,1750217602,304.9,3
10146,20138,图书,view,1750364114,39.92,3
10111,20012,运动户外,view,1750217506,266.68,2
10102,20090,图书,view,1750323380,51.28,2
10045,20199,图书,view,1750309414,25.62,2
10411,20073,家电,view,1750263171,1372.93,2
10493,20199,美妆,view,1750349460,309.19,1
10474,20191,家电,view,1750339025,3540.07,2
10323,20019,家电,view,1750365698,2593.87,1
10377,20071,美妆,view,1750275409,378.44,2
10270,20072,运动户外,cart,1750252077,698.9,2
10482,20070,手机,view,1750267816,6376.56,3
10420,20077,家电,buy,1750283831,1696.44,3
10384,20027,手机,cart,1750323910,4369.53,3
10194,20129,家电,view,1750294455,3880.59,1
10366,20120,运动户外,view,1750293414,527.63,2
10279,20042,运动户外,view,1750212348,1156.69,2
10282,20007,家电,cart,1750304106,3252.4,1
10039,20012,家电,view,1750220904,2475.69,1
10446,20110,家电,view,1750293388,1577.6,3
10188,20034,数码配件,view,1750263059,131.58,1
10163,20022,图书,view,1750241316,139.81,3
10481,20045,运动户外,view,1750241453,479.53,3
10476,20014,运动户外,view,1750366604,1104.82,3
10023,20129,手机,view,1750282261,3496.04,1
10023,20060,数码配件,view,1750283976,108.96,1
10489,20114,运动户外,view,1750251155,1127.61,1
10003,20063,图书,view,1750311261,96.74,2
10322,20051,数码配件,view,1750206098,436.3,2
10289,20163,家电,buy,1750213455,4277.63,1
10440,20194,手机,cart,1750335901,5931.85,1
10432,20068,图书,view,1750298724,141.89,1
10470,20066,家电,view,1750358164,2671.95,1
10180,20174,手机,view,1750260281,6214.93,2
10247,20082,数码配件,view,1750227017,321.89,3
10115,20001,手机,view,1750252983,6230.64,3
10278,20171,数码配件,view,1750303571,243.63,1
10364,20191,家电,cart,1750278402,2506.29,3
10068,20077,运动户外,view,1750297572,939.96,3
10350,20027,图书,view,1750367761,78.43,1
10253,20053,家电,view,1750295011,4175.69,3
10180,20066,家电,view,1750305743,,3
10317,20163,美妆,view,1750344909,741.23,1
10168,20101,图书,view,1750280281,57.65,1
10312,20119,运动户外,view,1750366002,940.09,2
10248,20190,图书,view,1750232170,99.86,1
10187,20152,美妆,view,1750315089,449.27,3
10053,20047,运动户外,view,1750377509,544.6,2
10325,20166,美妆,cart,1750237573,392.66,1
10356,20046,数码配件,view,1750374670,88.94,2
10312,20020,运动户外,view,1750224245,606.78,3
10137,20157,数码配件,view,1750222952,109.42,3
10167,20091,手机,view,1750320614,6130.32,1
10390,20158,运动户外,view,1750316887,677.82,1
10102,20120,图书,view,1750332279,39.65,1
10421,20115,数码配件,view,1750240991,119.89,2
10084,20153,美妆,view,1750339182,299.14,2
10316,20149,运动户外,view,1750226591,697.98,2
10211,20148,家电,view,1750215296,1770.26,1
10002,20000,美妆,view,1750269197,681.12,3
10383,20164,数码配件,view,1750268576,363.6,3
10178,20076,美妆,view,1750319449,200.24,2
10341,20084,数码配件,view,1750304440,275.99,2
10302,20045,数码配件,view,1750345144,486.9,3
10451,20136,图书,view,1750257675,105.68,3
10475,20144,运动户外,view,1750294145,770.12,1
10331,20046,数码配件,view,1750276834,92.41,3
10037,20058,手机,cart,1750247704,7019.14,3
10498,20053,运动户外,view,1750321484,383.99,1
10419,20085,图书,view,1750252792,38.78,2
10238,20011,图书,buy,1750270049,48.68,2
10168,20191,图书,view,1750305962,60.82,3
10452,20005,运动户外,buy,1750320480,460.18,3
10396,20052,图书,view,1750277854,40.77,3
10342,20143,图书,cart,1750210483,127.96,2
10313,20089,运动户外,view,1750313137,514.9,3
10305,20004,家电,buy,1750305221,2675.23,3
10029,20072,图书,cart,1750219017,38.59,2
10189,20173,家电,cart,1750333824,4503.26,1
10356,20013,数码配件,buy,1750210510,382.86,3
10024,20171,运动户外,view,1750275392,415.51,1
10111,20190,手机,view,1750319379,3551.24,3
10410,20105,图书,buy,1750256149,44.19,2
10434,20051,运动户外,view,1750206439,1183.97,2
10205,20115,图书,buy,1750326340,114.0,1
10184,20025,图书,view,1750376619,87.57,1
10381,20052,运动户外,view,1750364960,430.18,3
10495,20108,家电,view,1750242553,2811.13,1
10378,20028,家电,view,1750245710,3924.55,3
10046,20018,手机,buy,1750275507,6493.58,2
10373,20046,手机,cart,1750309710,4973.54,3
10227,20135,运动户外,view,1750369987,397.13,1
10038,20022,美妆,view,1750341172,704.02,2
10015,20116,家电,view,1750241059,1269.45,1
10021,20105,手机,cart,1750340588,7205.06,2
10212,20162,数码配件,buy,1750271155,106.93,3
10309,20052,家电,view,1750315650,4010.95,2
10148,20095,美妆,view,1750338364,116.06,1
10455,20185,美妆,view,1750372083,383.83,1
10240,20004,美妆,view,1750292767,106.11,3
10271,20015,美妆,view,1750318797,742.15,3
10058,20016,家电,view,1750314718,4941.49,2
10286,20159,数码配件,cart,1750254029,73.4,1
10425,20101,图书,view,1750229331,119.27,3
10201,20179,家电,view,1750205039,4299.48,1
10031,20019,手机,cart,1750233563,4458.87,2
10442,20111,图书,cart,1750373170,88.98,1
10161,20119,数码配件,cart,1750342143,147.53,3
10254,20193,数码配件,view,1750214164,390.8,2
10253,20110,图书,view,1750220905,27.96,2
10008,20000,家电,view,1750338223,2622.67,2
10464,20057,手机,view,1750254851,7168.19,3
10138,20092,美妆,view,1750374073,292.11,1
10479,20171,运动户外,view,1750337362,519.72,1
10009,20005,家电,view,1750231829,3556.65,2
10213,20107,数码配件,buy,1750322077,221.64,1
10272,20102,运动户外,cart,1750273550,650.8,1
10323,20049,手机,buy,1750245371,6040.99,2
10047,20117,美妆,view,1750342980,728.22,3
10435,20109,数码配件,view,1750231756,141.89,2
10110,20199,手机,view,1750306842,5579.78,2
10152,20087,数码配件,buy,1750353894,100.77,3
10122,20019,运动户外,cart,1750298188,585.38,3
10404,20013,美妆,cart,1750257020,241.38,1
10356,20132,运动户外,view,1750288908,1069.79,1
10101,20168,图书,buy,1750303084,89.72,1
10240,20039,图书,view,1750358957,90.09,2
10320,20033,运动户外,view,1750347781,905.59,2
10190,20123,家电,view,1750269671,1957.66,3
10216,20044,美妆,view,1750247554,632.76,2
10050,20198,家电,view,1750229510,3637.83,2
10291,20079,美妆,view,1750222241,491.69,3
10080,20070,图书,view,1750316295,54.8,2
10488,20154,数码配件,view,1750205927,441.05,1
10382,20077,手机,view,1750258410,5577.19,1
10087,20077,运动户外,view,1750317521,953.95,3
10193,20171,数码配件,cart,1750287809,149.89,1
10103,20032,美妆,view,1750220851,617.06,1
10270,20032,图书,view,1750283397,87.32,2
10095,20043,手机,buy,1750347502,3022.09,2
10422,20019,家电,buy,1750352728,1030.62,2
10378,20110,家电,cart,1750372286,4369.48,2
10197,20163,家电,view,1750248556,3860.1,2
10000,20006,运动户外,view,1750235196,1119.85,1
10494,20159,数码配件,view,1750330820,193.57,3
10406,20194,数码配件,buy,1750362752,139.29,1
10377,20166,手机,view,1750223984,3414.72,1
10166,20023,家电,cart,1750255514,2114.63,2
10125,20069,美妆,view,1750218386,251.62,2
10312,20111,美妆,view,1750321987,694.14,2
10080,20103,手机,cart,1750316786,7171.09,1
10417,20053,美妆,view,1750233199,541.63,2
10250,20037,图书,cart,1750309332,76.49,2
10168,20073,运动户外,view,1750364550,240.69,3
10476,20079,美妆,view,1750255858,698.29,2
10072,20031,图书,view,1750300913,99.95,1
10140,20044,家电,buy,1750241083,4358.5,3
10069,20060,运动户外,view,1750325096,564.53,3
10261,20197,家电,buy,1750227932,1729.2,3
10339,20052,手机,cart,1750368316,4219.39,3
10307,20127,手机,view,1750279383,4809.23,2
10244,20178,美妆,view,1750234689,135.05,2
10002,20075,运动户外,cart,1750226457,786.74,2
10336,20183,手机,cart,1750222951,3480.91,2
10062,20026,美妆,cart,1750207136,205.97,1
10048,20165,数码配件,view,1750351738,230.6,3
10075,20061,美妆,view,1750327673,283.16,2
10367,20017,数码配件,view,1750258095,300.34,1
10174,20126,图书,view,1750259068,85.05,2
10108,20108,运动户外,cart,1750233058,800.12,2
10182,20102,数码配件,view,1750270899,306.56,2
10191,20191,家电,buy,1750313109,3843.52,3
10064,20076,运动户外,cart,1750267731,878.78,1
10336,20116,手机,cart,1750334523,3458.1,3
10450,20103,家电,cart,1750300447,2630.67,1
10473,20157,数码配件,view,1750292112,226.78,2
10270,20048,数码配件,buy,1750335363,494.83,3
10099,20168,家电,view,1750213813,1157.59,3
10031,20115,美妆,view,1750347957,198.88,2
10351,20140,美妆,view,1750303625,312.94,1
10127,20161,图书,view,1750293383,23.13,2
10451,20099,家电,cart,1750234826,2982.03,2
10401,20124,美妆,view,1750373873,139.91,3
10368,20024,美妆,view,1750315112,264.13,3
10338,20193,家电,view,1750257431,3851.07,1
10042,20127,手机,buy,1750214687,3284.32,3
10371,20099,手机,view,1750266350,5975.94,1
10418,20145,数码配件,view,1750205731,101.28,2
10487,20004,数码配件,buy,1750373541,128.07,1
10077,20018,图书,view,1750292645,56.23,3
10313,20169,数码配件,cart,1750218057,331.25,3
10288,20017,美妆,view,1750262635,746.42,3
10269,20120,运动户外,view,1750314240,288.52,2
10161,20031,家电,view,1750338977,3570.79,1
10188,20148,家电,buy,1750317283,3697.52,3
10246,20009,手机,view,1750354766,7920.71,2
10387,20036,运动户外,cart,1750324861,1181.39,1
10215,20176,图书,buy,1750227941,48.64,1
10314,20085,图书,view,1750268896,143.09,1
10412,20012,数码配件,view,1750363308,468.44,2
10338,20182,数码配件,view,1750229615,490.43,3
10389,20144,数码配件,buy,1750241482,386.15,3
10376,20008,运动户外,view,1750311805,674.37,3
10480,20087,图书,view,1750232022,118.47,2
10432,20171,运动户外,view,1750230567,890.08,3
10167,20045,运动户外,view,1750237637,1069.73,3
10338,20135,数码配件,view,1750312060,481.19,1
10192,20118,运动户外,view,1750298525,1106.05,1
10452,20164,手机,cart,1750372540,4982.56,1
10282,20018,运动户外,buy,1750246458,371.9,1
10335,20190,运动户外,view,1750339772,643.85,1
10389,20173,数码配件,view,1750373510,137.62,2
10487,20093,手机,buy,1750289961,7947.55,1
10012,20198,家电,view,1750345774,3563.3,3
10239,20025,手机,view,1750268196,5903.9,2
10319,20045,数码配件,view,1750294295,111.01,3
10445,20117,运动户外,view,1750289398,352.29,3
10482,20045,运动户外,view,1750254072,224.94,3
10146,20013,图书,buy,1750287922,89.19,1
10203,20084,手机,buy,1750281059,7705.95,1
10079,20062,运动户外,view,1750306389,1147.22,2
10378,20071,运动户外,view,1750223142,388.47,1
10042,20002,数码配件,buy,1750308735,438.34,2
10457,20027,手机,view,1750374744,5207.01,1
10088,20124,图书,view,1750375583,25.12,2
10147,20156,手机,view,1750273452,6017.35,2
10094,20086,数码配件,cart,1750322032,131.43,3
10451,20145,运动户外,view,1750217852,663.06,3
10427,20162,家电,view,1750359373,4095.77,1
10150,20076,手机,view,1750244102,6655.43,2
10001,20075,美妆,view,1750307409,550.62,3
10375,20174,手机,view,1750210818,3854.58,2
10021,20113,美妆,view,1750252289,341.24,1
10370,20132,家电,cart,1750260065,2632.3,1
10312,20074,美妆,view,1750215770,369.11,1
10484,20058,运动户外,view,1750240478,219.81,2
10327,20058,家电,buy,1750315811,3604.83,1
10006,20046,图书,cart,1750300084,94.65,1
10205,20094,运动户外,buy,1750280370,934.78,1
10439,20140,美妆,cart,1750228922,446.37,3
10374,20077,图书,view,1750361447,142.98,2
10450,20112,运动户外,view,1750271833,1108.32,1
10113,20108,美妆,view,1750259398,732.25,2
10271,20105,美妆,view,1750262175,757.82,2
10082,20088,图书,cart,1750376587,56.49,2
10178,20032,数码配件,buy,1750314594,348.2,2
10209,20096,数码配件,view,1750274967,386.39,3
10499,20189,家电,cart,1750264736,3246.26,3
10463,20078,图书,view,1750369945,142.81,1
10327,20015,运动户外,cart,1750307465,,2
10123,20043,数码配件,view,1750325575,119.42,2
10480,20185,图书,view,1750337940,20.59,3
10112,20119,图书,view,1750375310,120.51,2
10011,20133,数码配件,view,1750374886,345.6,2
10125,20107,图书,view,1750317685,146.8,3
10052,20142,美妆,view,1750298131,474.9,1
10330,20003,美妆,cart,1750220416,323.39,2
10388,20055,美妆,view,1750275353,222.41,2
10282,20063,运动户外,view,1750218205,1022.73,2
10139,20195,家电,view,1750363006,4671.06,1
10400,20161,数码配件,view,1750264379,260.35,3
10389,20094,运动户外,buy,1750359541,1044.54,2
10096,20055,图书,view,1750369658,139.87,3
10004,20031,手机,view,1750221429,7626.88,2
10056,20115,家电,view,1750233619,4971.23,2
10411,20008,手机,view,1750371530,6445.64,1
10333,20190,图书,buy,1750253294,23.01,3
10068,20104,手机,view,1750221768,4717.09,1
10117,20199,运动户外,view,1750265759,971.78,1
10375,20077,运动户外,view,1750291467,1032.44,1
10058,20160,手机,cart,1750231163,6624.42,1
10032,20086,家电,view,1750212452,2410.37,2
10317,20020,家电,view,1750325574,1738.6,2
10049,20054,家电,view,1750304494,4361.97,1
10367,20075,美妆,view,1750342051,584.33,2
10488,20184,运动户外,view,1750296575,392.44,2
10018,20129,图书,view,1750370454,30.43,2
10213,20140,手机,cart,1750368852,7118.99,1
10196,20125,数码配件,view,1750329747,92.2,3
10378,20131,图书,view,1750262450,66.47,3
10449,20083,运动户外,view,1750314344,1123.81,1
10477,20177,运动户外,view,1750313781,1045.2,2
10046,20114,家电,view,1750229826,2000.72,1
10166,20047,手机,view,1750302986,7152.28,2
10451,20122,美妆,cart,1750248521,708.64,2
10288,20077,图书,cart,1750316031,42.59,1
10140,20029,数码配件,view,1750376505,103.34,2
10083,20028,运动户外,view,1750220321,789.16,2
10181,20135,数码配件,view,1750317911,321.58,1
10390,20139,手机,cart,1750366927,4174.36,3
10078,20040,图书,buy,1750334317,76.66,1
10214,20025,图书,view,1750366161,112.6,3
10013,20049,数码配件,view,1750314578,419.4,2
10214,20001,家电,view,1750250214,1399.83,1
10402,20054,图书,cart,1750344002,127.61,3
10127,20103,数码配件,buy,1750295018,188.86,1
10309,20183,美妆,view,1750242876,206.58,2
10476,20013,数码配件,cart,1750300814,230.33,1
10247,20133,美妆,view,1750267071,222.99,1
10403,20127,家电,view,1750302077,2885.52,2
10028,20103,运动户外,view,1750221557,806.38,1
10279,20094,美妆,view,1750279573,513.33,3
10337,20080,图书,view,1750258047,31.06,3
10318,20060,图书,view,1750302451,134.78,1
10201,20011,手机,cart,1750245899,6428.38,3
10360,20012,数码配件,view,1750373231,103.42,1
10056,20146,图书,view,1750358035,39.12,1
10391,20171,美妆,buy,1750306990,523.47,2
10217,20088,手机,buy,1750247194,4068.15,3
10061,20094,手机,cart,1750365857,3706.27,1
10156,20058,美妆,view,1750264722,452.39,3
10201,20036,家电,view,1750269336,3374.82,2
10016,20024,数码配件,cart,1750320838,404.08,1
10321,20015,美妆,view,1750234660,644.61,1
10005,20165,图书,view,1750323084,86.8,2
10057,20170,手机,view,1750360738,4460.09,3
10324,20086,数码配件,cart,1750256310,86.44,1
10411,20141,图书,view,1750251351,26.65,1
10317,20133,家电,cart,1750341309,2509.13,1
10168,20022,数码配件,view,1750260648,325.81,3
10452,20125,图书,view,1750249390,134.46,3
10081,20059,图书,view,1750308766,78.84,1
10473,20139,家电,view,1750207030,1190.1,3
10467,20140,美妆,cart,1750325186,291.2,3
10424,20099,图书,view,1750243124,28.94,1
10432,20102,运动户外,view,1750224596,296.26,1
10218,20133,数码配件,view,1750223588,250.88,1
10176,20062,图书,view,1750303181,51.79,1
10203,20037,手机,view,1750205565,3798.42,1
10070,20127,家电,view,1750299607,3187.62,1
10386,20049,家电,view,1750256438,3200.69,3
10265,20179,美妆,view,1750306180,626.58,3
10097,20039,手机,cart,1750263065,6185.87,2
10344,20007,手机,view,1750227332,5826.7,3
10290,20188,美妆,view,1750304513,271.87,3
10207,20007,手机,view,1750285083,5551.4,3
10001,20103,运动户外,view,1750216004,384.19,1
10123,20033,图书,view,1750230941,53.41,1
10279,20187,运动户外,buy,1750318492,656.75,1
10073,20056,图书,view,1750212031,133.28,3
10165,20173,美妆,view,1750232115,524.66,1
10021,20021,家电,view,1750226014,3116.35,1
10153,20086,数码配件,cart,1750373249,330.0,2
10426,20039,图书,view,1750363530,67.24,2
10438,20172,家电,view,1750306901,2376.47,1
10294,20182,数码配件,view,1750225312,242.5,1
10218,20178,运动户外,view,1750235294,884.36,3
10156,20085,美妆,view,1750241858,390.69,2
10494,20132,家电,view,1750240051,2603.17,3
10229,20094,运动户外,cart,1750320305,581.68,3
10019,20012,家电,buy,1750334408,2489.02,1
10474,20027,运动户外,view,1750342360,744.47,2
10040,20083,美妆,view,1750248282,794.93,3
10437,20061,家电,view,1750280478,3621.11,3
10147,20092,运动户外,buy,1750307293,501.93,2
10107,20086,家电,view,1750262055,1819.17,1
10402,20023,图书,buy,1750324620,34.36,2
10083,20097,手机,view,1750231608,3870.58,2
10482,20006,家电,view,1750362339,1907.06,2
10366,20165,数码配件,cart,1750313762,143.24,2
10321,20036,运动户外,view,1750286901,450.25,2
10413,20067,数码配件,buy,1750338628,224.37,2
10308,20169,手机,view,1750265440,5756.03,1
10289,20085,手机,view,1750362964,4099.45,3
10405,20132,家电,view,1750225445,1908.05,2
10322,20191,数码配件,buy,1750242802,386.07,3
10133,20177,数码配件,view,1750331298,339.73,1
10206,20086,运动户外,view,1750221685,423.05,1
10282,20014,图书,view,1750242851,116.57,3
10265,20122,手机,view,1750238428,5258.31,3
10072,20106,家电,view,1750255283,1496.31,1
10480,20180,手机,view,1750357731,5231.75,2
10351,20152,美妆,view,1750292530,679.17,3
10047,20088,运动户外,view,1750341282,929.1,3
10325,20124,图书,cart,1750279474,82.02,3
10232,20112,数码配件,view,1750287565,320.12,1
10442,20136,家电,view,1750277979,1496.96,3
10099,20165,运动户外,cart,1750298109,1187.84,3
10058,20149,美妆,view,1750231540,533.87,1
10257,20106,运动户外,view,1750286951,411.26,2
10412,20086,家电,view,1750229472,2631.74,1
10451,20176,数码配件,view,1750297179,479.79,2
10064,20067,家电,cart,1750231894,4013.18,2
10082,20014,数码配件,view,1750332727,234.73,3
10153,20064,数码配件,view,1750260180,308.28,3
10472,20053,美妆,cart,1750358219,553.79,1
10265,20157,运动户外,view,1750217215,1147.76,1
10308,20092,家电,view,1750224948,1051.87,2
10078,20019,运动户外,view,1750249820,995.34,1
10314,20032,运动户外,view,1750255779,1183.67,2
10149,20099,手机,cart,1750328061,4210.38,3
10434,20076,数码配件,view,1750216703,310.28,2
10047,20134,美妆,view,1750329638,139.4,3
10404,20135,家电,view,1750302205,3998.94,3
10378,20155,图书,view,1750315188,64.43,1
10247,20172,美妆,view,1750237217,510.2,1
10277,20106,运动户外,cart,1750261902,1199.19,3
10355,20119,美妆,view,1750294459,737.54,1
10097,20073,运动户外,cart,1750362138,269.74,3
10413,20010,美妆,view,1750222303,490.36,3
10024,20030,美妆,cart,1750271400,732.26,2
10492,20011,运动户外,cart,1750232664,1104.6,3
10283,20123,家电,cart,1750214583,2623.26,1
10448,20077,美妆,view,1750361623,263.29,2
10368,20178,图书,view,1750350252,127.23,2
10300,20171,图书,view,1750261849,60.81,1
10067,20095,数码配件,view,1750328084,452.64,3
10006,20049,运动户外,view,1750367791,936.88,1
10304,20116,美妆,view,1750284977,587.03,2
10136,20016,数码配件,view,1750277562,111.03,3
10163,20162,手机,view,1750363489,6746.29,1
10082,20128,美妆,view,1750254130,438.42,2
10384,20156,美妆,buy,1750314516,748.01,2
10137,20178,数码配件,view,1750261368,444.81,3
10419,20063,运动户外,view,1750212345,628.79,2
10072,20131,美妆,view,1750264139,435.18,3
10236,20086,图书,buy,1750252053,111.83,2
10045,20155,家电,view,1750275676,3585.36,1
10105,20015,美妆,view,1750264970,715.69,1
10415,20062,运动户外,view,1750266322,445.63,2
10287,20075,图书,view,1750347479,21.87,1
10261,20180,美妆,cart,1750248891,,2
10175,20084,数码配件,cart,1750212878,171.84,1
10165,20108,美妆,view,1750301231,665.96,1
10144,20016,美妆,view,1750296822,407.45,3
10329,20167,手机,view,1750316420,6679.19,3
10369,20140,手机,buy,1750276618,5082.64,1
10282,20179,数码配件,cart,1750285783,178.25,2
10053,20057,图书,view,1750221827,90.09,1
10177,20164,运动户外,view,1750371598,511.05,1
10418,20078,图书,cart,1750370851,148.72,3
10243,20060,手机,view,1750305867,7123.26,1
10340,20112,美妆,buy,1750211920,645.93,3
10126,20120,家电,view,1750274836,2278.1,1
10408,20033,美妆,view,1750214036,793.05,3
10411,20069,家电,view,1750304835,2528.92,2
10366,20016,数码配件,view,1750362072,499.54,1
10270,20019,家电,view,1750345639,1934.91,2
10131,20058,手机,view,1750221950,3464.33,3
10092,20068,数码配件,cart,1750209057,136.34,3
10378,20160,家电,cart,1750278316,2222.18,3
10072,20101,美妆,cart,1750304033,305.84,2
10410,20119,美妆,view,1750275620,621.28,2
10409,20144,家电,view,1750340431,2199.63,3
10402,20056,数码配件,view,1750259506,157.16,2
10247,20082,图书,view,1750342900,144.42,2
10347,20128,运动户外,buy,1750214573,454.4,3
10272,20012,运动户外,cart,1750280289,561.97,1
10042,20154,图书,view,1750305389,93.06,3
10376,20197,家电,view,1750322703,2374.1,2
10040,20186,家电,view,1750356219,4331.46,2
10169,20005,家电,buy,1750370894,4410.26,3
10433,20096,数码配件,buy,1750330525,323.95,3
10211,20093,手机,view,1750363410,5134.6,2
10492,20109,图书,view,1750229998,61.95,2
10167,20150,运动户外,view,1750237463,458.61,3
10038,20137,数码配件,view,1750359967,66.94,3
10368,20050,图书,view,1750324161,91.56,1
10244,20146,图书,buy,1750364844,116.14,3
10150,20050,运动户外,view,1750318475,716.34,2
10110,20086,运动户外,view,1750272489,811.29,2
10479,20067,手机,view,1750373221,3532.46,1
10435,20083,运动户外,view,1750273183,285.0,3
10046,20041,运动户外,buy,1750261132,280.79,3
10062,20056,图书,cart,1750322248,143.64,1
10224,20195,图书,view,1750314594,,2
10365,20165,美妆,view,1750224873,556.83,3
10068,20061,美妆,view,1750229945,760.58,2
10298,20006,运动户外,view,1750252169,460.76,1
10431,20111,图书,view,1750301252,146.06,3
10289,20198,美妆,buy,1750290695,502.84,1
10295,20177,图书,view,1750374069,138.21,2
10202,20179,运动户外,view,1750264916,907.41,2
10060,20025,图书,view,1750274082,37.64,1
10433,20153,数码配件,view,1750345586,262.23,3
10450,20018,家电,cart,1750237403,4206.15,2
10317,20008,手机,cart,1750267902,4652.19,3
10313,20060,图书,cart,1750316953,149.87,3
10160,20019,家电,cart,1750283667,4498.18,3
10330,20105,手机,view,1750270170,6802.96,3
10015,20049,美妆,view,1750311546,271.15,3
10337,20080,手机,view,1750339056,3979.31,2
10093,20149,家电,view,1750210497,4359.59,1
10303,20140,家电,view,1750362370,3312.42,2
10137,20139,手机,buy,1750259429,6051.95,1
10337,20009,图书,view,1750301497,85.48,1
10037,20064,美妆,view,1750303378,345.19,2
10126,20157,手机,cart,1750313577,4936.46,1
10274,20007,手机,buy,1750261326,6736.79,2
10163,20148,图书,view,1750360810,47.47,2
10442,20021,运动户外,view,1750268921,797.75,1
10318,20017,手机,view,1750244262,6371.33,1
10076,20193,家电,view,1750228072,3718.51,2
10173,20175,美妆,cart,1750322369,731.52,1
10386,20171,手机,cart,1750298471,4507.27,2
10457,20008,运动户外,cart,1750313190,373.06,1
10357,20194,运动户外,view,1750345881,592.41,2
10320,20053,美妆,view,1750350098,529.98,3
10375,20025,运动户外,cart,1750334769,464.97,2
10090,20093,数码配件,view,1750267564,179.08,2
10237,20099,数码配件,cart,1750297636,112.25,1
10263,20025,运动户外,cart,1750212008,987.21,1
10178,20033,运动户外,view,1750329402,619.89,2
10493,20007,手机,view,1750330633,3751.49,2
10489,20137,运动户外,view,1750321493,508.13,2
10208,20047,家电,view,1750328318,1304.13,1
10072,20182,美妆,cart,1750359035,141.58,1
10389,20106,手机,view,1750277613,3232.56,3
10106,20053,手机,cart,1750298403,4863.0,3
10344,20167,数码配件,view,1750273846,385.19,2
10294,20118,家电,view,1750292233,4834.36,3
10368,20142,美妆,view,1750252062,272.2,1
10443,20080,美妆,view,1750213160,388.13,3
10283,20145,美妆,buy,1750208333,569.77,1
10352,20095,图书,view,1750354384,131.21,3
10181,20101,手机,view,1750285452,6678.06,3
10036,20150,美妆,view,1750225421,394.99,3
10136,20061,美妆,cart,1750359876,451.3,3
10337,20045,运动户外,cart,1750227544,1193.62,3
10055,20086,手机,view,1750261170,4591.41,3
10186,20098,运动户外,cart,1750316574,476.68,1
10340,20038,图书,cart,1750316224,81.15,1
10257,20142,数码配件,view,1750338787,341.56,2
10444,20052,美妆,view,1750357774,604.38,2
10057,20191,运动户外,view,1750305305,1058.5,3
10362,20190,家电,cart,1750302544,1063.29,3
10122,20079,家电,view,1750362190,2372.37,3
10187,20015,图书,view,1750222573,103.45,2
10229,20103,美妆,view,1750265501,262.87,1
10167,20069,美妆,view,1750334922,593.06,2
10419,20193,图书,cart,1750330938,61.02,3
10113,20140,家电,view,1750245580,2689.32,1
10251,20107,图书,view,1750227931,28.74,3
10106,20046,运动户外,view,1750285416,508.33,2
10036,20008,家电,view,1750228468,3363.12,2
10334,20190,运动户外,cart,1750248750,700.34,2
10091,20033,运动户外,view,1750238407,502.45,1
10017,20156,家电,view,1750231830,2049.82,1
10353,20164,美妆,cart,1750264026,216.54,3
10062,20170,运动户外,view,1750226318,1038.3,3
10149,20085,美妆,view,1750311305,628.35,2
10138,20114,图书,buy,1750330384,132.39,2
10185,20063,手机,view,1750300867,7846.87,1
10184,20151,数码配件,view,1750297950,53.9,3
10204,20198,图书,view,1750314483,137.09,2
10259,20033,数码配件,cart,1750367853,207.17,3
10213,20175,数码配件,view,1750235976,125.5,2
10255,20011,数码配件,view,1750368015,204.68,3
10134,20150,手机,cart,1750224716,5612.57,1
10060,20096,数码配件,buy,1750340807,198.63,1
10362,20120,运动户外,view,1750251413,957.9,1
10309,20140,数码配件,view,1750358834,434.22,1
10087,20086,图书,view,1750228838,144.1,3
10323,20101,美妆,cart,1750256200,612.64,3
10475,20095,手机,cart,1750254365,7330.74,2
10206,20172,家电,cart,1750250163,4928.12,2
10128,20113,家电,view,1750301786,3433.06,3
10310,20192,运动户外,cart,1750218437,442.16,3
10002,20046,美妆,buy,1750339806,221.37,2
10461,20057,家电,view,1750228570,1772.77,1
10421,20132,图书,cart,1750270194,31.46,1
10241,20120,图书,cart,1750256121,66.33,1
10120,20117,手机,view,1750220236,3194.96,2
10384,20004,图书,view,1750227855,77.32,3
10101,20187,美妆,view,1750311562,133.22,2
10037,20095,数码配件,view,1750286814,348.64,2
10340,20020,运动户外,view,1750318087,1039.41,1
10495,20151,美妆,cart,1750284380,327.88,1
10412,20127,数码配件,cart,1750359730,132.69,1
10132,20123,家电,view,1750361549,3455.5,2
10496,20145,图书,view,1750226304,74.21,3
10201,20020,美妆,cart,1750232231,116.04,3
10347,20053,美妆,view,1750366243,548.5,1
10020,20137,手机,view,1750342802,6768.78,3
10241,20151,家电,view,1750237174,2000.23,2
10454,20103,数码配件,view,1750237815,420.9,1
10450,20110,美妆,view,1750298081,667.39,3
10108,20115,运动户外,view,1750366879,982.16,3
10302,20187,运动户外,buy,1750255538,230.48,3
10083,20056,图书,view,1750227436,123.95,3
10082,20127,手机,view,1750241277,5843.52,3
10290,20150,美妆,view,1750370881,755.89,2
10451,20149,运动户外,view,1750369242,332.67,2
10068,20195,手机,cart,1750212796,3789.5,1
10128,20161,美妆,view,1750274879,739.01,3
10195,20119,图书,view,1750271407,115.55,1
10139,20069,数码配件,view,1750364723,104.94,2
10443,20155,手机,view,1750216516,3931.33,2
10282,20094,美妆,buy,1750373232,719.21,1
10311,20098,美妆,buy,1750340068,739.47,2
10233,20166,手机,cart,1750349613,3219.59,1
10022,20041,家电,cart,1750273520,4327.01,1
10152,20150,运动户外,cart,1750329870,1047.2,2
10276,20069,运动户外,buy,1750363918,599.14,2
10060,20001,手机,cart,1750226671,3116.47,3
10318,20151,数码配件,buy,1750291433,312.99,2
10377,20144,运动户外,buy,1750214047,459.59,1
10051,20108,运动户外,view,1750317892,1041.0,1
10343,20064,家电,view,1750338141,2968.55,3
10152,20069,运动户外,cart,1750316360,580.92,3
10236,20068,数码配件,view,1750258802,156.94,2
10310,20120,美妆,buy,1750238348,391.68,1
10301,20108,数码配件,view,1750230408,89.68,3
10031,20059,家电,view,1750278054,1036.49,2
10054,20177,数码配件,view,1750225677,388.96,3
10351,20092,数码配件,view,1750259146,279.02,2
10388,20011,手机,cart,1750341391,6651.38,3
10035,20102,图书,cart,1750354100,92.82,2
10109,20174,图书,view,1750236790,112.47,2
10489,20194,运动户外,cart,1750299614,931.08,1
10176,20111,图书,view,1750359078,92.9,2
10361,20064,手机,buy,1750261174,5044.2,3
10313,20154,手机,cart,1750262750,4656.91,1
10294,20047,美妆,cart,1750350707,445.4,2
10335,20087,数码配件,cart,1750369109,231.81,3
10096,20061,美妆,cart,1750291760,684.3,2
10368,20043,美妆,view,1750248525,515.1,2
10212,20146,美妆,buy,1750253446,474.36,1
10316,20186,数码配件,buy,1750205222,372.61,1
10136,20135,数码配件,view,1750259763,,1
10005,20054,运动户外,cart,1750316760,714.24,3
10498,20107,美妆,view,1750315531,759.49,2
10108,20046,运动户外,view,1750364920,702.38,2
10034,20001,图书,view,1750330532,91.72,2
10038,20112,美妆,view,1750355491,327.82,2
10149,20166,图书,view,1750371570,50.04,1
10424,20172,手机,buy,1750295138,4611.89,3
10117,20159,美妆,view,1750336644,539.96,3
10260,20192,数码配件,view,1750324692,291.85,2
10425,20165,手机,buy,1750371553,3321.85,2
10086,20010,数码配件,view,1750245822,449.3,2
10464,20137,运动户外,view,1750375695,320.3,1
10075,20111,数码配件,view,1750292525,240.98,1
10470,20186,图书,view,1750288238,66.23,1
10463,20089,图书,cart,1750234053,76.66,3
10450,20054,运动户外,view,1750267080,798.85,3
10413,20147,手机,buy,1750258944,3249.1,2
10312,20016,美妆,view,1750233703,228.58,2
10382,20067,家电,cart,1750290594,1343.45,3
10213,20132,运动户外,view,1750278405,355.23,1
10456,20187,家电,view,1750261152,,2
10284,20150,美妆,view,1750312334,435.72,3
10238,20173,手机,view,1750271395,5599.5,2
10164,20051,美妆,view,1750370938,768.44,3
10086,20137,手机,view,1750256320,6968.17,2
10140,20173,数码配件,view,1750292262,427.33,1
10159,20155,运动户外,cart,1750342945,574.73,2
10045,20096,运动户外,buy,1750295480,685.97,2
10371,20170,图书,view,1750295252,134.5,1
10494,20153,数码配件,view,1750366032,226.83,2
10111,20182,运动户外,cart,1750310417,1131.39,3
10406,20047,美妆,view,1750369721,195.22,2
10044,20028,美妆,view,1750283158,747.63,3
10400,20026,数码配件,view,1750244949,319.69,3
10246,20145,数码配件,cart,1750321309,207.06,3
10103,20103,美妆,buy,1750336215,207.49,2
10084,20059,美妆,view,1750298494,786.78,2
10449,20105,美妆,cart,1750376860,649.27,1
10484,20068,数码配件,view,1750335118,58.82,2
10133,20113,图书,cart,1750228220,91.37,1
10107,20020,运动户外,view,1750364010,459.82,2
10017,20151,运动户外,view,1750280447,712.0,3
10093,20101,运动户外,view,1750210665,761.18,2
10149,20130,图书,view,1750352276,121.57,3
10245,20094,数码配件,buy,1750221753,323.22,2
10288,20189,运动户外,view,1750354900,268.52,3
10413,20104,美妆,view,1750285230,167.18,3
10208,20124,家电,view,1750317376,3688.74,2
10125,20001,数码配件,view,1750268903,284.01,3
10234,20065,美妆,view,1750276132,499.26,2
10415,20112,运动户外,view,1750288486,579.24,3
10425,20169,手机,view,1750284227,4808.22,3
10498,20161,数码配件,view,1750259914,407.21,3
10461,20041,图书,view,1750345582,119.56,2
10121,20019,美妆,view,1750312417,335.4,3
10137,20096,家电,buy,1750357436,3903.7,2
10494,20067,数码配件,cart,1750310946,74.2,3
10114,20172,家电,view,1750259983,1450.21,2
10419,20074,数码配件,view,1750218157,106.25,3
10161,20124,手机,view,1750373476,7748.73,2
10200,20169,运动户外,view,1750280228,428.72,3
10233,20046,图书,view,1750273590,29.33,3
10027,20004,数码配件,view,1750300556,127.83,2
10010,20048,数码配件,view,1750263323,164.55,2
10205,20123,图书,view,1750332673,115.06,2
10166,20036,手机,view,1750374853,4644.0,2
10246,20161,运动户外,view,1750244553,865.19,1
10046,20197,家电,view,1750296424,4866.95,3
10245,20145,手机,cart,1750357386,6370.76,2
10126,20018,运动户外,cart,1750332673,501.41,2
10146,20039,数码配件,view,1750216415,233.95,1
10117,20016,数码配件,cart,1750372644,168.12,1
10398,20187,家电,view,1750376557,1953.34,3
10381,20098,图书,view,1750326700,59.08,1
10411,20092,图书,view,1750321346,97.08,3
10151,20041,美妆,view,1750333958,610.67,3
10071,20122,数码配件,view,1750269171,414.21,2
10362,20106,手机,view,1750354721,6568.22,2
10136,20071,手机,view,1750279091,4083.76,2
10174,20064,美妆,cart,1750325774,125.96,1
10288,20108,家电,view,1750209858,2553.22,1
10445,20052,运动户外,view,1750377566,877.8,1
10480,20134,手机,view,1750305258,3176.33,2
10018,20132,数码配件,cart,1750213567,171.37,2
10194,20023,数码配件,view,1750343474,318.82,2
10329,20027,图书,view,1750245719,71.72,1
10423,20061,美妆,cart,1750266757,504.81,3
10174,20016,数码配件,cart,1750316006,465.51,2
10489,20019,运动户外,view,1750256689,552.94,2
10448,20002,运动户外,buy,1750298135,568.01,3
10412,20164,数码配件,view,1750219950,70.46,2
10433,20142,家电,view,1750275602,3153.32,1
10353,20050,家电,view,1750232710,2381.62,1
10498,20175,数码配件,view,1750217154,172.45,3
10140,20135,运动户外,buy,1750333905,509.89,3
10245,20140,图书,buy,1750311017,49.47,3
10384,20175,家电,view,1750353639,3849.07,2
10417,20002,运动户外,cart,1750275062,1084.44,3
10092,20192,手机,view,1750207684,6838.22,3
10431,20072,手机,buy,1750264654,6367.72,2
10238,20158,美妆,view,1750245004,355.33,2
10204,20104,手机,view,1750294638,7871.55,1
10047,20117,美妆,view,1750328237,727.85,3
10432,20153,图书,cart,1750241890,123.99,3
10244,20183,数码配件,view,1750231980,472.54,1
10319,20033,家电,view,1750248380,4827.66,1
10316,20136,图书,view,1750246498,41.63,2
10412,20061,手机,buy,1750373073,5927.9,3
10294,20119,数码配件,cart,1750292132,,3
10127,20114,图书,view,1750288285,118.57,2
10343,20012,图书,view,1750302396,55.47,3
10281,20068,家电,view,1750287906,3745.76,2
10016,20168,图书,buy,1750230373,34.22,3
10070,20076,数码配件,view,1750294612,394.03,1
10268,20000,家电,view,1750338810,2800.58,1
10324,20088,美妆,view,1750349665,140.56,3
10281,20046,美妆,view,1750261524,583.01,2
10304,20003,美妆,view,1750230940,310.64,3
10450,20190,图书,cart,1750273002,142.08,2
10006,20179,美妆,view,1750224329,119.53,2
10313,20009,美妆,view,1750289641,238.83,2
10304,20027,手机,cart,1750320907,3556.46,1
10102,20120,数码配件,view,1750256074,225.13,1
10308,20125,数码配件,view,1750281104,399.97,2
10192,20133,运动户外,view,1750315369,773.01,3
10240,20154,美妆,view,1750347265,175.89,1
10061,20139,运动户外,view,1750302625,940.46,1
10016,20061,运动户外,view,1750222017,682.78,3
10170,20179,运动户外,view,1750243409,293.81,1
10024,20175,图书,view,1750308281,129.92,3
10250,20066,手机,view,1750307018,3514.89,3
10252,20173,家电,view,1750247224,,2
10386,20073,图书,view,1750272093,123.46,3
10206,20094,运动户外,view,1750365461,309.19,1
10028,20142,运动户外,view,1750265274,917.92,3
10116,20198,美妆,view,1750270381,649.24,3
10490,20035,手机,buy,1750332344,6596.59,3
10415,20141,手机,view,1750234813,3653.44,3
10281,20111,数码配件,view,1750349585,73.89,1
10379,20130,美妆,cart,1750230972,491.06,1
10143,20112,运动户外,buy,1750307366,342.2,2
10024,20109,手机,view,1750291861,3875.76,1
10309,20113,手机,view,1750309126,6188.08,3
10155,20066,家电,cart,1750249855,2363.71,2
10072,20125,手机,view,1750354585,3565.41,3
10119,20085,手机,view,1750300964,5550.22,2
10311,20018,数码配件,view,1750362999,439.18,1
10320,20181,家电,cart,1750265300,2472.23,3
10092,20068,图书,view,1750372251,129.1,1
10085,20009,手机,view,1750290330,5243.17,1
10335,20160,运动户外,view,1750303728,1118.28,3
10424,20140,家电,cart,1750236812,3824.07,1
10498,20127,家电,cart,1750227980,2217.03,1
10363,20098,数码配件,view,1750291417,89.05,2
10434,20178,数码配件,buy,1750331203,312.31,3
10117,20031,数码配件,view,1750362846,149.25,2
10232,20111,手机,view,1750332184,5464.72,3
10198,20023,手机,view,1750335955,4727.0,2
10205,20034,手机,cart,1750238765,4517.32,2
10412,20082,美妆,view,1750307602,330.97,2
10338,20069,数码配件,cart,1750370264,392.34,3
10146,20167,数码配件,view,1750305773,157.58,3
10449,20181,图书,view,1750310630,92.46,2
10424,20108,运动户外,cart,1750220696,635.58,1
10428,20171,运动户外,view,1750376780,510.16,3
10270,20189,数码配件,cart,1750371267,254.77,3
10386,20098,家电,cart,1750328641,3556.21,1
10138,20195,手机,view,1750356881,3885.24,2
10180,20032,美妆,cart,1750292180,607.71,2
10429,20055,图书,buy,1750204884,64.24,2
10029,20163,数码配件,view,1750216121,290.0,3
10056,20181,图书,cart,1750261742,147.82,1
10231,20146,数码配件,view,1750209920,205.0,2
10145,20170,图书,view,1750360605,26.69,3
10434,20011,图书,cart,1750283153,113.36,2
10383,20010,运动户外,cart,1750218228,305.19,2
10047,20069,数码配件,view,1750322653,188.0,2
10193,20139,图书,view,1750294301,65.64,2
10223,20040,家电,view,1750244567,4161.0,1
10135,20152,运动户外,view,1750337683,410.09,2
10021,20105,图书,buy,1750258072,108.44,3
10005,20002,手机,view,1750304473,4289.11,3
10203,20002,图书,cart,1750318537,21.48,2
10238,20083,美妆,view,1750375181,518.22,3
10184,20155,运动户外,view,1750312217,719.4,3
10359,20150,运动户外,view,1750320892,967.53,2
10291,20175,运动户外,view,1750215516,574.59,3
10334,20194,家电,view,1750311300,4572.32,1
10219,20169,运动户外,view,1750252965,668.44,3
10115,20106,运动户外,view,1750219263,985.32,2
10312,20167,家电,buy,1750350001,1492.81,3
10048,20133,运动户外,view,1750213314,860.69,2
10172,20019,数码配件,buy,1750248820,343.92,2
10081,20138,家电,view,1750268201,1770.37,1
10321,20095,家电,view,1750265036,3357.55,2
10332,20123,图书,view,1750212016,122.37,2
10044,20154,数码配件,buy,1750264192,166.37,3
10334,20020,手机,view,1750239013,4718.95,1
10019,20113,图书,view,1750289503,134.39,1
10447,20012,数码配件,view,1750294881,111.44,1
10220,20085,运动户外,cart,1750305080,248.56,2
10122,20034,图书,view,1750292967,127.64,2
10233,20046,数码配件,view,1750269132,476.19,1
10220,20155,手机,buy,1750341188,6158.76,1
10322,20148,图书,view,1750286331,65.51,1
10338,20145,数码配件,cart,1750321209,195.79,2
10002,20158,图书,buy,1750212628,67.47,2
10181,20187,数码配件,cart,1750349149,478.04,3
10205,20124,美妆,buy,1750211986,481.05,3
10319,20109,家电,view,1750238894,3888.43,1
10039,20036,手机,view,1750330769,3375.8,1
10058,20020,手机,view,1750290266,6585.41,3
10438,20013,运动户外,buy,1750359954,1122.5,3
10061,20090,美妆,view,1750353136,667.78,3
10131,20059,运动户外,view,1750335102,1085.55,1
10059,20123,美妆,view,1750285989,661.01,3
10371,20022,图书,cart,1750234448,42.58,2
10330,20110,美妆,view,1750234908,316.8,2
10121,20123,手机,view,1750346856,6801.21,3
10478,20156,数码配件,view,1750289782,52.02,1
10106,20174,美妆,view,1750286646,468.95,2
10095,20029,美妆,view,1750243371,757.3,3
10346,20114,家电,cart,1750205750,3624.33,1
10413,20089,美妆,cart,1750300895,352.6,2
10234,20037,手机,view,1750367201,5649.14,1
10385,20082,美妆,cart,1750275332,147.71,2
10061,20026,运动户外,view,1750375254,666.47,3
10255,20103,手机,cart,1750311165,4777.56,3
10048,20115,美妆,view,1750249576,277.0,1
10392,20014,家电,cart,1750330965,2592.97,3
10347,20186,图书,view,1750254250,90.57,1
10158,20002,手机,view,1750334144,4862.32,1
10123,20009,家电,view,1750345023,1864.67,3
10481,20119,美妆,view,1750227848,134.28,2
10316,20144,图书,view,1750264862,97.27,1
10206,20127,运动户外,view,1750344136,467.89,2
10047,20010,数码配件,cart,1750325465,329.43,1
10408,20175,手机,view,1750353041,6611.83,2
10419,20132,运动户外,view,1750331517,1047.02,3
10135,20068,家电,view,1750224097,1516.51,3
10200,20063,家电,view,1750245363,4393.54,3
10249,20013,美妆,cart,1750264265,188.43,3
10313,20049,家电,buy,1750205783,2799.85,2
10356,20153,数码配件,view,1750329742,138.97,3
10367,20071,图书,view,1750231837,97.14,2
10428,20068,数码配件,buy,1750302305,334.23,2
10317,20134,手机,view,1750363228,7211.59,3
10294,20126,运动户外,view,1750209884,801.54,2
10479,20015,图书,cart,1750233819,79.73,2
10313,20182,家电,view,1750267248,4242.81,3
10499,20077,运动户外,view,1750362424,330.29,1
10208,20100,数码配件,buy,1750223173,156.98,1
10354,20055,图书,view,1750327962,143.82,3
10484,20104,运动户外,view,1750318634,1124.0,3
10210,20131,运动户外,view,1750272402,1081.87,2
10191,20047,家电,view,1750294612,1790.21,2
10043,20016,数码配件,cart,1750247998,283.5,3
10028,20110,运动户外,view,1750311256,310.32,3
10058,20163,图书,view,1750374561,87.41,1
10070,20069,家电,view,1750264147,3285.42,2
10091,20079,数码配件,view,1750237662,338.32,2
10264,20092,运动户外,view,1750218055,618.76,3
10382,20037,手机,cart,1750207286,5838.12,3
10219,20100,手机,view,1750264583,4771.68,2
10389,20061,运动户外,view,1750311103,1078.98,2
10412,20120,美妆,cart,1750241086,585.71,1
10441,20047,图书,view,1750213464,39.99,1
10400,20009,运动户外,cart,1750360889,430.93,1
10399,20035,美妆,buy,1750369827,746.07,1
10214,20156,手机,view,1750268167,3741.54,1
10478,20003,美妆,view,1750252583,422.08,2
10386,20043,图书,buy,1750290851,53.62,2
10276,20055,数码配件,buy,1750207821,55.74,3
10063,20041,手机,view,1750364806,3629.37,1
10345,20113,家电,buy,1750276338,3443.28,2
10291,20140,图书,view,1750371883,94.78,1
10489,20173,美妆,cart,1750313704,531.52,3
10484,20160,运动户外,cart,1750226405,997.25,2
10244,20020,家电,cart,1750249052,1079.52,1
10469,20078,运动户外,cart,1750283756,363.53,2
10061,20184,美妆,cart,1750207578,381.88,1
10425,20068,美妆,view,1750208967,523.58,3
10331,20069,手机,cart,1750318131,6180.77,2
10169,20066,运动户外,view,1750373862,1064.67,2
10444,20047,图书,view,1750270183,85.42,3
10268,20160,美妆,view,1750218561,281.87,3
10266,20035,图书,view,1750309802,52.32,3
10053,20160,运动户外,view,1750220834,924.12,3
10015,20158,运动户外,view,1750274960,563.68,3
10007,20148,家电,view,1750265407,2223.11,3
10103,20026,数码配件,view,1750288545,58.65,1
10058,20071,美妆,cart,1750252831,512.97,3
10312,20100,图书,view,1750263109,80.95,2
10039,20189,运动户外,view,1750338740,1027.24,1
10236,20095,家电,view,1750265733,4737.02,2
10442,20127,图书,view,1750259376,136.76,1
10385,20025,家电,buy,1750231399,2692.4,1
10093,20065,家电,view,1750271253,2902.61,1
10221,20139,美妆,view,1750325028,362.02,1
10203,20021,手机,view,1750289786,4734.2,1
10137,20016,运动户外,view,1750239421,448.54,2
10299,20006,手机,cart,1750228333,5437.37,2
10394,20106,图书,view,1750218992,131.7,3
10206,20067,图书,view,1750276465,110.77,1
10335,20127,家电,cart,1750283221,4271.28,2
10080,20036,运动户外,view,1750367499,278.7,1
10217,20037,图书,cart,1750239297,131.26,2
10001,20095,家电,view,1750332284,4250.65,3
10177,20138,手机,view,1750295307,7222.4,1
10395,20000,图书,cart,1750286080,49.02,3
10370,20152,图书,buy,1750366404,146.63,3
10345,20041,运动户外,view,1750287128,892.01,2
10278,20179,运动户外,buy,1750307647,1094.14,2
10145,20151,家电,view,1750375087,3059.72,1
10317,20180,图书,view,1750317674,22.27,1
10223,20183,美妆,view,1750224312,691.76,3
10368,20062,美妆,cart,1750318197,559.99,1
10383,20080,图书,view,1750205003,133.62,2
10061,20007,运动户外,buy,1750280602,512.66,1
10293,20186,手机,view,1750305833,5811.89,3
10238,20172,图书,view,1750321556,74.6,2
10194,20026,手机,view,1750315544,6429.19,1
10165,20051,数码配件,view,1750214746,394.46,1
10450,20145,手机,view,1750314270,4422.65,3
10221,20090,手机,cart,1750362059,6663.4,1
10060,20085,运动户外,cart,1750350884,724.45,1
10128,20015,数码配件,view,1750307229,67.22,3
10477,20065,手机,view,1750341902,4215.36,1
10172,20004,运动户外,buy,1750345219,673.13,3
10479,20081,图书,view,1750297394,126.25,2
10155,20130,数码配件,view,1750214023,207.73,3
10404,20117,数码配件,view,1750350762,496.97,3
10377,20080,家电,view,1750213784,1704.39,1
10109,20069,运动户外,buy,1750245849,914.54,1
10268,20114,美妆,view,1750280922,487.78,2
10410,20006,家电,view,1750296997,2832.41,2
10355,20049,图书,view,1750212344,87.05,3
10390,20141,家电,view,1750321046,2601.37,3
10277,20165,数码配件,view,1750302115,494.89,1
10073,20110,美妆,view,1750364069,783.86,3
10486,20046,家电,view,1750273013,4566.8,2
10436,20111,运动户外,view,1750318775,235.32,2
10462,20160,数码配件,view,1750302468,238.04,1
10206,20042,数码配件,view,1750231270,271.14,1
10387,20090,运动户外,view,1750296837,631.11,3
10479,20028,数码配件,cart,1750259123,419.46,2
10278,20127,家电,buy,1750217596,1357.62,3
10374,20184,美妆,view,1750243217,512.0,1
10325,20132,美妆,view,1750295528,344.64,2
10471,20095,图书,cart,1750327935,47.81,3
10339,20187,运动户外,view,1750257245,441.95,1
10356,20116,运动户外,view,1750233181,757.21,3
10339,20069,家电,cart,1750279031,1430.92,3
10203,20129,运动户外,view,1750231930,212.62,1
10160,20069,图书,view,1750303090,38.0,2
10027,20109,图书,view,1750294479,105.56,2
10391,20170,数码配件,buy,1750214362,278.28,3
10256,20131,数码配件,view,1750259530,297.75,3
10164,20055,运动户外,view,1750341227,,3
10062,20186,运动户外,view,1750307489,577.51,1
10021,20088,手机,view,1750278750,6967.77,1
10069,20136,数码配件,view,1750212008,352.06,1
10380,20130,数码配件,view,1750246058,150.53,3
10404,20175,图书,view,1750209455,49.38,2
10095,20170,美妆,buy,1750319535,294.59,3
10162,20099,数码配件,buy,1750275964,235.75,2
10078,20128,运动户外,view,1750255826,819.2,2
10004,20056,手机,view,1750245894,6992.24,1
10315,20180,图书,view,1750370432,121.14,2
10119,20143,手机,view,1750214592,3636.97,1
10301,20050,家电,cart,1750302391,2147.88,2
10177,20111,美妆,view,1750231560,697.18,1
10175,20103,图书,view,1750352613,67.97,3
10389,20126,手机,cart,1750340219,3511.44,3
10216,20054,家电,cart,1750207938,3027.36,2
10055,20000,手机,view,1750346951,5156.78,1
10365,20089,家电,view,1750343003,1508.36,3
10186,20155,图书,cart,1750365811,83.17,1
10231,20052,数码配件,view,1750313926,409.85,1
10254,20185,图书,view,1750289461,70.82,3
10412,20072,图书,view,1750242744,40.19,1
10454,20187,图书,view,1750345490,39.39,3
10103,20186,运动户外,view,1750325776,270.5,1
10076,20107,运动户外,view,1750264139,566.99,1
10229,20149,手机,buy,1750244776,3157.83,2
10401,20007,美妆,view,1750236724,511.01,2
10257,20176,手机,view,1750355205,4242.68,2
10263,20041,手机,view,1750323865,3122.54,1
10330,20154,数码配件,view,1750231521,384.96,3
10480,20166,数码配件,view,1750303986,191.9,3
10181,20024,美妆,view,1750332254,721.87,2
10380,20037,数码配件,view,1750280681,399.68,1
10255,20084,手机,view,1750229241,3392.46,1
10037,20151,手机,view,1750352220,3554.32,3
10175,20023,手机,view,1750294402,7743.89,1
10026,20059,美妆,cart,1750371571,209.6,1
10275,20177,运动户外,cart,1750285990,868.52,2
10139,20110,运动户外,view,1750205157,561.16,3
10298,20065,美妆,view,1750306090,,2
10444,20141,手机,view,1750325064,7087.64,3
10286,20052,家电,view,1750273658,1791.73,2
10090,20159,运动户外,view,1750244768,673.8,2
10479,20105,图书,view,1750275262,81.41,1
10060,20095,运动户外,cart,1750261107,227.32,2
10457,20175,图书,view,1750365608,101.56,3
10450,20038,运动户外,view,1750269531,1142.57,3
10364,20167,手机,cart,1750365984,4965.92,2
10346,20041,手机,view,1750283563,6150.37,1
10162,20110,手机,cart,1750248795,3084.61,2
10350,20103,运动户外,view,1750374119,1140.3,3
10142,20076,手机,view,1750308760,7627.3,1
10399,20007,手机,view,1750211815,3181.03,3
10252,20025,数码配件,view,1750311493,199.53,1
10268,20139,家电,view,1750306642,2584.66,2
10368,20042,手机,view,1750341391,5204.06,2
10290,20178,运动户外,view,1750304040,1076.81,3
10499,20109,美妆,view,1750276004,463.18,3
10458,20099,图书,view,1750375096,80.75,1
10186,20062,运动户外,cart,1750218839,225.35,2
10404,20048,运动户外,view,1750332277,271.82,1
10498,20114,美妆,view,1750286049,501.89,3
10437,20154,家电,cart,1750214492,4263.49,2
10458,20136,数码配件,view,1750224168,469.21,2
10413,20166,手机,view,1750218450,6794.45,1
10303,20064,图书,view,1750229133,42.13,2
10290,20198,图书,view,1750298299,142.83,2
10085,20070,数码配件,view,1750265712,175.69,1
10165,20006,美妆,view,1750352818,312.13,3
10414,20199,运动户外,buy,1750302848,1125.62,1
10461,20079,家电,view,1750211750,1435.59,1
10407,20066,美妆,view,1750205130,270.66,1
10113,20137,图书,view,1750357789,123.61,1
10432,20198,运动户外,view,1750261014,1179.95,3
10479,20180,运动户外,cart,1750365605,1157.24,2
10355,20100,美妆,cart,1750323926,264.75,1
10415,20094,数码配件,cart,1750245372,393.51,2
10182,20086,数码配件,view,1750256200,375.25,3
10206,20184,数码配件,cart,1750303396,430.61,2
10255,20090,美妆,view,1750330409,535.21,3
10234,20102,运动户外,view,1750273160,863.78,3
10441,20125,手机,buy,1750276491,7794.79,3
10354,20154,家电,cart,1750331049,4578.18,3
10002,20181,运动户外,view,1750206337,233.38,2
10207,20112,图书,view,1750264829,33.16,2
10196,20003,运动户外,view,1750236633,318.44,2
10340,20087,家电,view,1750358795,2572.81,3
10124,20150,数码配件,view,1750273736,444.61,2
10137,20175,图书,view,1750345077,126.55,3
10338,20169,数码配件,view,1750282386,95.73,3
10024,20002,美妆,view,1750206085,352.43,1
10067,20090,数码配件,cart,1750239486,162.74,2
10060,20002,美妆,cart,1750346621,169.34,2
10028,20155,运动户外,buy,1750244361,783.19,2
10382,20190,图书,view,1750374786,128.39,1
10018,20080,图书,view,1750306886,140.11,1
10170,20158,手机,view,1750233920,,3
10449,20137,美妆,view,1750315983,672.58,1
10073,20176,运动户外,view,1750255269,785.42,3
10060,20093,图书,cart,1750368243,145.83,3
10426,20125,数码配件,view,1750265352,476.4,1
10152,20112,手机,view,1750241482,5780.21,3
10275,20148,家电,view,1750303226,2211.82,3
10047,20099,数码配件,view,1750351779,356.18,2
10210,20052,运动户外,view,1750261960,873.85,1
10342,20086,手机,view,1750237533,4312.0,2
10407,20088,美妆,cart,1750369451,785.32,1
10138,20053,美妆,buy,1750299906,699.25,2
10109,20184,美妆,view,1750237946,524.14,1
10481,20019,数码配件,view,1750210302,445.45,2
10182,20112,家电,cart,1750309037,3105.08,2
10027,20048,手机,view,1750369870,3315.65,3
10196,20134,美妆,view,1750254498,120.34,2
10190,20028,图书,cart,1750319189,109.74,3
10314,20047,家电,view,1750368817,1757.1,3
10388,20012,数码配件,view,1750318713,431.43,2
10050,20002,手机,cart,1750356163,3736.71,3
10148,20001,手机,cart,1750377445,6670.86,1
10267,20015,图书,view,1750243907,136.96,3
10049,20093,运动户外,cart,1750250624,1111.51,2
10387,20101,数码配件,view,1750363400,312.43,3
10245,20133,数码配件,view,1750253689,437.03,2
10112,20044,家电,buy,1750272239,2657.9,2
10169,20070,图书,view,1750269893,56.19,3
10467,20132,美妆,view,1750346915,592.43,2
10165,20055,数码配件,view,1750235247,487.4,1
10408,20198,图书,cart,1750216945,48.93,2
10013,20126,图书,view,1750211228,111.98,2
10202,20031,数码配件,view,1750292341,88.33,2
10287,20048,美妆,view,1750219424,572.37,3
10394,20012,运动户外,view,1750331017,366.9,3
10188,20157,运动户外,buy,1750298209,252.13,3
10401,20024,手机,view,1750274647,3079.06,2
10154,20059,家电,view,1750251613,1464.92,3
10054,20058,运动户外,view,1750243008,222.49,1
10181,20155,图书,view,1750206559,29.42,1
10209,20057,数码配件,view,1750359317,346.05,3
10375,20019,运动户外,view,1750324173,427.38,3
10470,20161,家电,view,1750332952,2436.01,3
10074,20132,图书,cart,1750373489,28.77,1
10276,20187,图书,cart,1750227170,55.03,1
10427,20170,手机,view,1750307432,4082.86,2
10132,20056,手机,view,1750243706,5638.53,2
10342,20184,运动户外,buy,1750317807,663.02,1
10424,20053,手机,view,1750281257,7740.37,3
10058,20111,家电,view,1750208578,1122.52,3
10344,20172,手机,view,1750213207,7781.2,3
10488,20085,数码配件,view,1750248349,310.12,3
10181,20036,图书,buy,1750338828,92.62,2
10457,20083,家电,buy,1750249700,4354.24,1
10405,20047,手机,cart,1750341561,6414.76,3
10338,20117,家电,view,1750264969,3546.71,3
10320,20181,运动户外,buy,1750280981,962.5,3
10063,20047,图书,view,1750239857,20.35,1
10326,20111,手机,view,1750349087,7224.77,2
10259,20109,家电,view,1750222980,2013.54,2
10192,20005,美妆,cart,1750317490,443.04,1
10142,20161,美妆,view,1750368562,146.36,3
10103,20190,美妆,view,1750209907,332.41,1
10459,20077,图书,cart,1750234900,24.21,3
10405,20175,图书,view,1750238589,119.92,1
10213,20022,运动户外,cart,1750217292,407.99,1
10241,20125,家电,view,1750240095,4984.13,1
10430,20083,家电,view,1750376292,1614.16,3
10208,20012,家电,view,1750276028,4617.66,3
10092,20046,家电,cart,1750256571,3558.98,2
10429,20043,图书,cart,1750318764,94.66,3
10141,20104,家电,cart,1750363697,3241.02,1
10433,20159,运动户外,cart,1750315431,421.11,2
10403,20153,数码配件,view,1750284897,301.17,1
10433,20180,家电,view,1750302793,1005.74,2
10111,20013,图书,view,1750230906,22.45,2
10416,20179,运动户外,view,1750212828,664.31,3
10374,20120,数码配件,view,1750291645,404.95,3
10058,20035,手机,view,1750229699,6644.34,2
10042,20007,运动户外,view,1750313032,780.11,3
10206,20167,家电,view,1750282320,3345.39,1
10267,20149,手机,view,1750209560,4589.26,3
10295,20015,数码配件,buy,1750355046,233.58,3
10117,20090,运动户外,view,1750255955,918.84,1
10019,20119,图书,cart,1750302442,112.09,1
10221,20187,美妆,view,1750349680,213.85,1
10165,20059,图书,view,1750324345,91.27,3
10130,20009,运动户外,view,1750275844,435.01,3
10155,20152,手机,buy,1750285032,7254.17,2
10183,20030,运动户外,view,1750256829,539.86,3
10089,20020,图书,view,1750235159,33.85,2
10093,20080,家电,cart,1750318938,2277.37,1
10012,20032,运动户外,view,1750345912,743.3,1
10460,20030,运动户外,view,1750321491,282.46,2
10321,20148,数码配件,view,1750210009,486.22,2
10292,20035,图书,cart,1750337837,89.37,1
10432,20192,美妆,cart,1750347293,429.62,2
10229,20131,手机,cart,1750285933,7247.73,1
10321,20067,家电,view,1750301262,4571.49,3
10291,20089,图书,buy,1750300342,119.86,3
10437,20131,家电,view,1750297238,3945.81,3
10025,20008,运动户外,view,1750361977,644.92,3
10074,20029,手机,view,1750322558,3941.83,3
10455,20114,数码配件,view,1750291663,368.89,2
10363,20044,运动户外,buy,1750270365,642.15,2
10423,20003,美妆,view,1750204947,798.12,3
10298,20068,数码配件,buy,1750343895,431.99,3
10149,20022,运动户外,buy,1750233381,238.98,2
10147,20015,美妆,buy,1750235283,217.52,1
10007,20021,家电,view,1750303355,3086.75,1
10028,20071,手机,buy,1750324994,3978.79,2
10295,20047,美妆,cart,1750337860,190.93,3
10473,20189,数码配件,cart,1750264380,314.02,1
10413,20187,美妆,buy,1750307145,447.09,1
10208,20106,美妆,view,1750354810,272.49,3
10127,20132,美妆,view,1750360616,718.7,1
10339,20006,运动户外,view,1750290877,1106.36,3
10115,20050,运动户外,buy,1750262557,1112.37,1
10438,20064,数码配件,view,1750340865,386.68,3
10143,20008,图书,cart,1750300612,38.92,3
10429,20081,美妆,buy,1750365958,492.58,3
10317,20044,运动户外,view,1750272486,304.91,1
10234,20121,数码配件,view,1750218208,363.5,3
10006,20174,数码配件,view,1750266983,51.83,2
10463,20194,数码配件,view,1750365158,312.08,3
10044,20151,美妆,cart,1750286754,647.28,2
10442,20009,美妆,buy,1750285987,561.61,2
10238,20072,手机,cart,1750310441,3216.07,3
10439,20047,家电,cart,1750372637,1541.75,2
10431,20162,图书,view,1750323269,58.7,2
10154,20181,数码配件,view,1750272725,225.95,1
10180,20086,图书,view,1750259666,139.55,3
10214,20110,数码配件,view,1750353616,332.0,3
10087,20198,手机,view,1750354825,6029.85,2
10255,20015,图书,view,1750337807,60.85,1
10072,20052,美妆,view,1750349546,391.65,1
10418,20039,运动户外,view,1750261968,509.43,2
10178,20099,美妆,view,1750259985,688.71,1
10211,20019,运动户外,view,1750326951,297.86,2
10292,20068,运动户外,view,1750371738,1121.21,1
10233,20044,图书,view,1750205485,103.45,2
10464,20005,数码配件,view,1750245883,224.56,1
10238,20196,家电,view,1750289091,3846.4,2
10222,20176,手机,view,1750357274,3945.45,3
10118,20038,数码配件,view,1750292101,479.27,3
10312,20101,手机,cart,1750241039,4121.04,3
10263,20129,运动户外,view,1750267162,358.62,2
10206,20106,美妆,view,1750235963,331.71,2
10094,20038,数码配件,view,1750218858,168.12,1
10372,20117,家电,buy,1750331172,1982.67,2
10221,20148,手机,view,1750291239,6961.05,1
10365,20167,数码配件,view,1750301306,210.62,2
10275,20081,美妆,view,1750243806,792.04,1
10379,20053,手机,view,1750224105,5351.32,1
10230,20109,运动户外,buy,1750299290,465.47,3
10308,20011,图书,cart,1750233939,123.9,1
10118,20164,手机,view,1750361317,4246.41,1
10267,20109,美妆,view,1750208540,573.9,2
10432,20037,图书,view,1750231897,115.54,1
10272,20142,家电,cart,1750346625,4625.41,3
10063,20006,家电,view,1750300398,3529.28,2
10297,20077,图书,view,1750297258,92.47,1
10349,20177,美妆,view,1750301719,279.67,2
10412,20064,图书,view,1750311725,26.64,1
10402,20101,美妆,view,1750335457,104.63,2
10493,20194,数码配件,view,1750261524,352.47,1
10010,20100,美妆,view,1750255049,386.96,3
10097,20043,美妆,view,1750312556,284.0,1
10433,20030,手机,view,1750268814,6471.4,2
10070,20170,数码配件,view,1750242055,347.31,2
10363,20076,数码配件,view,1750252971,476.13,1
10057,20047,手机,view,1750293184,4872.62,3
10289,20081,手机,view,1750363526,5289.56,1
10250,20126,运动户外,view,1750211027,1116.01,3
10275,20188,手机,buy,1750250057,6391.08,1
10049,20083,手机,view,1750271083,7241.72,2
10357,20009,数码配件,view,1750329481,246.39,1
10215,20028,手机,view,1750349302,6640.58,3
10393,20047,家电,view,1750265410,4019.64,3
10415,20189,美妆,view,1750361108,687.36,1
10051,20115,数码配件,buy,1750364550,402.44,1
10270,20012,手机,view,1750211324,4685.88,2
10484,20171,手机,view,1750215842,7598.22,1
10083,20046,数码配件,view,1750265925,115.39,3
10386,20102,运动户外,view,1750323821,479.73,1
10292,20191,图书,view,1750333511,92.76,3
10125,20090,数码配件,view,1750248450,250.21,3
10295,20052,家电,view,1750246423,1774.06,3
10071,20091,美妆,view,1750211561,585.59,1
10295,20076,家电,view,1750218697,3307.69,2
10235,20043,图书,view,1750336729,74.48,3
10055,20155,图书,view,1750333530,134.54,2
10406,20001,手机,cart,1750209899,5084.78,3
10359,20100,运动户外,cart,1750320133,1150.81,1
10394,20056,美妆,view,1750294621,741.77,1
10109,20056,图书,view,1750326900,78.9,3
10191,20033,图书,view,1750345399,91.17,2
10391,20057,手机,view,1750363658,7052.32,2
10092,20179,运动户外,view,1750218656,668.1,2
10349,20156,手机,view,1750335904,6074.11,3
10055,20034,运动户外,buy,1750285098,353.15,1
10059,20074,运动户外,view,1750240538,995.57,3
10137,20175,家电,cart,1750223464,3748.07,3
10038,20032,美妆,cart,1750319500,280.01,1
10027,20114,手机,view,1750224338,7328.43,3
10048,20074,数码配件,buy,1750306300,64.97,3
10419,20072,美妆,view,1750257560,460.72,1
10124,20077,美妆,cart,1750303890,548.88,2
10012,20008,运动户外,buy,1750301185,777.23,3
10479,20047,手机,view,1750254845,5913.17,1
10035,20066,家电,cart,1750239805,4986.83,3
10100,20163,美妆,view,1750275593,788.09,1
10281,20198,运动户外,cart,1750363116,284.74,1
10085,20118,数码配件,view,1750209969,167.76,3
10003,20171,运动户外,view,1750328343,902.45,1
10222,20187,美妆,view,1750309758,606.75,2
10337,20190,手机,view,1750327310,3197.05,3
10447,20132,手机,cart,1750279571,3274.07,1
10165,20118,图书,view,1750348447,75.2,3
10382,20085,图书,cart,1750323554,97.62,3
10343,20105,家电,view,1750226620,2174.68,3
10382,20075,手机,view,1750213971,3336.87,3
10375,20039,手机,view,1750232622,5344.91,2
10470,20018,数码配件,cart,1750251097,62.63,1
10277,20046,图书,view,1750280575,65.24,3
10129,20064,运动户外,view,1750369090,962.6,1
10030,20194,美妆,view,1750226271,222.94,1
10374,20145,美妆,view,1750328182,730.85,2
10010,20177,数码配件,cart,1750374779,263.02,2
10475,20029,美妆,view,1750292293,564.53,3
10301,20125,家电,cart,1750360776,2689.04,3
10095,20065,运动户外,cart,1750248577,454.4,2
10189,20004,家电,view,1750366157,3712.81,3
10452,20092,图书,view,1750278536,41.55,1
10191,20096,运动户外,view,1750260161,549.22,2
10485,20169,图书,view,1750300846,123.13,1
10265,20093,家电,view,1750365391,4749.73,1
10423,20105,运动户外,cart,1750308470,996.22,3
10127,20132,数码配件,cart,1750322054,359.03,2
10237,20177,数码配件,view,1750303555,354.23,1
10407,20084,数码配件,view,1750227974,273.38,2
10354,20057,图书,view,1750300002,26.04,3
10427,20078,图书,view,1750338267,70.83,1
10111,20007,图书,view,1750339937,99.6,1
10315,20158,家电,buy,1750336741,4187.86,2
10445,20011,家电,view,1750297988,1180.53,2
10342,20148,图书,view,1750366595,23.49,3
10144,20093,数码配件,view,1750302811,132.2,1
10064,20189,图书,view,1750359769,77.38,1
10246,20090,手机,buy,1750219677,3452.65,3
10222,20032,数码配件,view,1750223365,361.84,3
10478,20153,图书,view,1750338933,75.16,3
10489,20099,数码配件,view,1750361156,377.1,1
10312,20167,家电,view,1750356024,2427.86,2
10438,20192,手机,view,1750377573,4048.22,2
10105,20186,美妆,view,1750344227,555.58,1
10180,20014,手机,cart,1750314531,3738.98,2
10183,20113,家电,view,1750334650,4871.22,3
10225,20128,家电,view,1750282527,4406.25,3
10264,20010,家电,cart,1750331748,3068.17,3
10277,20054,手机,cart,1750221639,3704.53,2
10396,20001,运动户外,buy,1750346313,455.38,2
10088,20064,运动户外,view,1750250545,204.92,3
10175,20171,家电,buy,1750331095,4833.64,3
10017,20015,数码配件,buy,1750252048,356.99,1
10370,20149,图书,view,1750335619,79.54,2
10459,20105,数码配件,view,1750242563,172.14,3
10423,20145,家电,view,1750316960,4457.09,3
10400,20174,数码配件,view,1750359381,328.4,3
10398,20029,数码配件,view,1750281659,261.79,2
10105,20009,图书,view,1750282109,134.85,1
10270,20185,家电,view,1750364806,1462.19,1
10462,20061,美妆,buy,1750260644,793.79,2
10318,20084,手机,view,1750318823,7812.8,1
10166,20133,美妆,view,1750221577,564.44,3
10012,20066,数码配件,view,1750270125,219.59,3
10336,20040,数码配件,view,1750277885,118.94,3
10031,20170,图书,cart,1750268344,82.21,2
10392,20017,美妆,cart,1750235950,344.63,1
10039,20057,图书,view,1750240478,124.43,3
10147,20059,家电,cart,1750221079,1959.97,2
10217,20087,手机,view,1750270945,4676.44,3
10218,20026,手机,cart,1750231574,7839.0,2
10468,20067,手机,view,1750371435,3652.68,2
10081,20021,家电,view,1750320141,1852.72,3
10332,20151,家电,cart,1750333790,4654.36,1
10207,20039,数码配件,view,1750279319,341.92,2
10200,20108,运动户外,cart,1750254096,552.14,1
10446,20073,手机,view,1750347303,3382.49,3
10331,20065,手机,view,1750350971,7237.18,2
10427,20167,数码配件,cart,1750308371,71.37,2
10037,20005,手机,view,1750295689,7410.02,3
10210,20111,数码配件,view,1750265524,230.6,2
10443,20017,运动户外,view,1750225746,1033.38,3
10326,20080,手机,view,1750341705,7272.57,1
10248,20101,图书,view,1750341982,141.96,3
10226,20109,数码配件,view,1750287663,312.8,3
10047,20029,图书,view,1750363586,139.9,3
10017,20121,图书,view,1750245778,85.2,3
10399,20148,数码配件,buy,1750214238,252.05,2
10438,20061,家电,view,1750262529,1316.97,3
10294,20137,家电,cart,1750325457,3161.58,1
10195,20119,美妆,cart,1750246570,217.31,1
10186,20106,家电,cart,1750341889,4778.58,2
10344,20140,图书,view,1750330768,77.53,3
10223,20075,运动户外,view,1750293384,1144.74,1
10317,20008,运动户外,view,1750304078,662.77,1
10487,20195,美妆,view,1750331446,104.4,2
10396,20038,数码配件,view,1750225769,170.89,3
10364,20023,手机,view,1750264452,6329.19,1
10336,20124,图书,view,1750371683,65.1,3
10496,20117,图书,view,1750316285,64.48,1
10228,20033,家电,buy,1750323529,1516.26,2
10389,20060,美妆,cart,1750271565,125.59,2
10466,20168,家电,view,1750357895,2425.81,2
10076,20132,家电,view,1750325984,1503.31,1
10187,20078,美妆,view,1750249420,677.44,3
10345,20049,图书,cart,1750210736,125.31,2
10269,20131,美妆,view,1750244748,278.2,2
10094,20050,图书,view,1750341431,138.07,3
10309,20051,美妆,cart,1750356541,578.75,2
10131,20121,运动户外,view,1750232062,493.17,2
10038,20166,运动户外,buy,1750222927,737.44,2
10071,20007,数码配件,view,1750279639,402.95,2
10280,20112,美妆,view,1750294786,469.35,2
10332,20044,数码配件,view,1750277816,483.76,3
10159,20087,美妆,buy,1750317845,285.19,2
10186,20027,美妆,view,1750251544,231.19,3
10485,20118,手机,buy,1750347501,3815.17,3
10190,20106,图书,view,1750319541,80.48,1
10421,20026,手机,view,1750247183,5116.2,1
10119,20192,美妆,view,1750357547,758.01,3
10219,20161,美妆,cart,1750315358,771.22,2
10052,20080,手机,view,1750350331,3120.15,3
10221,20100,图书,view,1750217172,31.07,1
10450,20061,家电,view,1750235556,1115.74,1
10411,20061,美妆,buy,1750303345,449.16,1
10130,20165,数码配件,view,1750348906,210.13,3
10236,20025,手机,view,1750224643,7438.08,1
10245,20120,数码配件,view,1750300738,475.99,1
10225,20023,家电,view,1750256632,4350.82,2
10207,20038,运动户外,view,1750376749,329.3,2
10405,20123,运动户外,view,1750223380,966.95,2
10095,20020,运动户外,view,1750367590,631.49,2
10421,20093,运动户外,view,1750282346,781.37,2
10199,20174,运动户外,view,1750354233,543.26,2
10246,20114,图书,view,1750374810,64.54,1
10071,20175,美妆,view,1750370354,193.8,1
10317,20120,运动户外,view,1750279832,713.95,1
10184,20012,数码配件,view,1750246861,205.24,3
10005,20130,图书,view,1750300999,130.92,1
10205,20159,手机,buy,1750343629,7471.1,3
10031,20162,数码配件,view,1750308178,391.69,3
10098,20018,图书,view,1750369728,28.72,3
10393,20141,家电,view,1750302910,4328.92,2
10386,20175,图书,cart,1750220539,61.56,1
10255,20080,手机,cart,1750328947,6324.06,3
10186,20122,运动户外,cart,1750326232,1081.71,1
10075,20067,手机,view,1750241892,6873.05,2
10176,20172,手机,view,1750268231,6643.91,1
10314,20018,美妆,buy,1750279383,650.04,2
10286,20063,手机,cart,1750257300,3864.36,2
10348,20100,家电,view,1750210580,4341.99,3
10254,20065,图书,view,1750228012,123.64,3
10324,20065,手机,view,1750247992,,2
10189,20074,运动户外,view,1750220825,782.99,3
10307,20044,手机,view,1750364126,7086.5,2
10344,20086,手机,view,1750266840,7554.48,1
10126,20066,图书,view,1750349946,21.06,3
10424,20196,手机,buy,1750258263,6908.64,2
10286,20002,美妆,buy,1750273478,784.18,3
10253,20165,美妆,view,1750260987,148.06,3
10212,20169,美妆,view,1750325826,584.33,2
10249,20167,数码配件,view,1750267509,133.54,2
10083,20177,家电,view,1750211594,1465.99,1
10486,20162,数码配件,view,1750258229,363.11,3
10382,20023,手机,buy,1750280821,3197.17,3
10405,20087,图书,view,1750342594,41.16,3
10387,20016,手机,view,1750223211,6223.62,3
10012,20039,运动户外,view,1750299293,502.02,1
10044,20193,家电,view,1750355720,3289.12,3
10126,20171,手机,view,1750261674,3350.52,1
10425,20150,图书,view,1750259036,93.01,1
10113,20005,运动户外,buy,1750317794,433.5,3
10432,20193,运动户外,view,1750222941,1191.7,2
10275,20148,手机,view,1750348417,6275.97,3
10499,20118,手机,view,1750330402,7439.28,2
10204,20119,手机,view,1750234163,7334.04,1
10336,20034,美妆,view,1750270077,211.22,2
10437,20112,图书,view,1750334061,75.88,1
10419,20028,图书,cart,1750307256,81.72,2
10480,20006,手机,cart,1750295699,5479.66,3
10384,20052,家电,view,1750325184,4438.65,1
10398,20164,家电,view,1750259579,2509.3,1
10460,20022,运动户外,view,1750335206,395.85,3
10272,20096,数码配件,cart,1750219183,91.77,2
10407,20135,美妆,cart,1750212920,783.59,1
10057,20075,数码配件,view,1750258742,436.87,1
10327,20175,运动户外,view,1750208382,661.66,2
10497,20009,数码配件,view,1750361351,231.17,2
10218,20116,运动户外,view,1750240694,445.56,1
10108,20023,家电,view,1750334076,1237.06,1
10278,20174,美妆,view,1750207133,466.04,1
10173,20180,数码配件,view,1750276718,460.88,3
10327,20038,手机,view,1750252668,3989.5,1
10263,20194,图书,view,1750311288,23.98,2
10314,20065,数码配件,cart,1750346806,181.92,3
10473,20005,数码配件,view,1750375479,330.37,1
10110,20020,家电,view,1750206164,3399.11,3
10186,20072,运动户外,view,1750290002,724.6,3
10268,20073,美妆,view,1750293316,361.68,3
10422,20035,图书,view,1750234309,149.86,1
10228,20130,数码配件,cart,1750315118,452.37,1
10496,20169,家电,buy,1750248078,3077.52,1
10155,20172,运动户外,view,1750258851,760.79,3
10472,20043,美妆,view,1750352280,377.47,3
10188,20090,家电,view,1750209254,1962.08,1
10271,20160,图书,view,1750319874,73.46,2
10374,20059,数码配件,view,1750276488,239.49,3
10001,20092,运动户外,cart,1750274464,1143.73,1
10245,20082,运动户外,view,1750238949,966.72,1
10209,20197,运动户外,view,1750295293,657.37,1
10400,20082,数码配件,view,1750236736,229.84,2
10285,20076,图书,view,1750231915,20.63,1
10358,20025,美妆,cart,1750225632,277.14,2
10012,20020,运动户外,view,1750286485,312.74,3
10095,20119,家电,cart,1750223855,4566.53,2
10497,20129,数码配件,view,1750306173,95.89,1
10220,20174,家电,cart,1750340170,1304.51,3
10237,20107,家电,view,1750292053,3993.37,2
10093,20157,图书,cart,1750296716,55.05,2
10337,20026,家电,cart,1750269496,3003.1,2
10268,20070,数码配件,cart,1750265479,466.2,2
10170,20147,运动户外,view,1750211957,466.92,1
10468,20049,图书,cart,1750370444,107.97,3
10093,20094,图书,view,1750353331,63.94,2
10148,20022,美妆,view,1750207124,396.79,1
10111,20140,手机,cart,1750313239,3463.58,3
10054,20080,家电,view,1750262614,4101.75,3
10336,20131,运动户外,cart,1750274807,671.58,3
10423,20141,家电,view,1750321459,3606.53,3
10466,20019,家电,view,1750345067,3121.51,2
10115,20123,美妆,cart,1750357087,138.75,2
10142,20012,美妆,view,1750358279,115.03,1
10200,20002,图书,view,1750355162,113.1,1
10179,20174,运动户外,view,1750213489,1106.88,3
10201,20130,手机,view,1750272858,5059.32,1
10363,20128,家电,view,1750270828,3110.76,3
10478,20089,图书,view,1750329019,116.92,2
10052,20151,手机,view,1750332467,5099.86,3
10470,20034,图书,cart,1750237335,94.93,2
10383,20013,家电,view,1750279533,2421.6,3
10179,20194,美妆,view,1750281787,503.25,1
10413,20140,手机,buy,1750329575,6757.87,3
10416,20174,美妆,buy,1750238991,691.32,2
10312,20049,图书,view,1750207940,21.01,1
10307,20077,运动户外,buy,1750222320,942.49,3
10136,20153,运动户外,view,1750356832,506.03,3
10181,20002,图书,view,1750253067,61.46,1
10366,20178,图书,view,1750260599,126.09,3
10000,20039,家电,cart,1750339643,2690.25,3
10043,20195,运动户外,cart,1750216906,886.85,1
10226,20163,手机,view,1750231916,5325.62,1
10330,20050,美妆,cart,1750376796,298.71,2
10097,20000,运动户外,view,1750267559,274.89,1
10207,20103,图书,cart,1750353246,121.16,2
10264,20160,数码配件,view,1750280407,364.48,1
10287,20134,美妆,cart,1750269083,545.97,2
10270,20116,美妆,view,1750346835,204.83,1
10139,20115,美妆,view,1750345014,218.29,2
10480,20051,美妆,view,1750333759,383.77,3
10236,20119,数码配件,view,1750241112,143.65,2
10461,20138,图书,view,1750328624,102.84,1
10440,20154,手机,view,1750221773,5801.84,3
10391,20141,运动户外,buy,1750341571,875.14,3
10071,20085,图书,view,1750205331,113.8,2
10154,20045,美妆,view,1750313988,181.2,1
10189,20075,手机,view,1750271536,5006.64,2
10267,20009,美妆,view,1750357505,777.49,3
10320,20151,家电,view,1750300021,3306.25,2
10106,20060,家电,cart,1750333112,2207.89,1
10231,20017,美妆,cart,1750348093,569.36,3
10041,20085,图书,buy,1750335096,44.01,3
10189,20136,美妆,view,1750334712,304.67,2
10370,20144,手机,view,1750236519,5801.59,3
10138,20127,家电,view,1750229653,1690.33,1
10102,20103,手机,cart,1750350270,6635.37,1
10170,20185,数码配件,buy,1750311277,389.73,2
10350,20140,数码配件,buy,1750312042,77.18,3
10272,20177,运动户外,view,1750346657,219.53,2
10480,20100,图书,buy,1750348799,129.67,1
10415,20005,数码配件,view,1750221361,212.45,2
10220,20084,图书,view,1750343633,127.29,1
10212,20050,手机,cart,1750208436,3005.82,1
10340,20035,美妆,buy,1750360442,430.67,1
10423,20070,运动户外,view,1750341163,445.97,1
10406,20099,数码配件,view,1750314091,388.32,3
10055,20024,美妆,cart,1750356854,626.02,1
10389,20138,家电,view,1750214007,4202.19,3
10341,20043,数码配件,view,1750360478,277.07,1
10433,20013,美妆,view,1750284614,404.64,3
10101,20028,运动户外,cart,1750250937,1133.87,3
10420,20073,运动户外,view,1750279877,1052.42,3
10492,20049,图书,cart,1750320573,71.35,1
10191,20004,运动户外,view,1750277198,560.45,1
10498,20199,数码配件,view,1750321912,275.97,3
10309,20109,图书,view,1750205715,95.06,1
10199,20196,家电,view,1750243902,4058.86,1
10232,20121,家电,view,1750365089,1718.2,1
10432,20087,手机,view,1750306758,7225.78,3
10226,20056,图书,view,1750302112,143.89,2
10370,20025,家电,view,1750213452,3447.15,2
10138,20005,图书,cart,1750304702,25.1,1
10343,20143,图书,view,1750243240,86.94,3
10304,20059,家电,view,1750330271,2598.85,2
10148,20099,手机,view,1750257256,6540.45,2
10114,20011,美妆,view,1750221013,788.41,3
10449,20074,图书,cart,1750309510,134.37,3
10062,20002,运动户外,view,1750240452,408.87,2
10103,20062,运动户外,view,1750238752,1192.91,1
10338,20191,数码配件,buy,1750246570,363.72,3
10358,20189,家电,view,1750262239,4580.84,2
10155,20133,美妆,view,1750356772,335.91,1
10272,20018,手机,view,1750328410,7049.57,3
10005,20017,美妆,cart,1750347201,137.24,3
10146,20079,数码配件,view,1750270593,344.74,1
10183,20170,家电,cart,1750256577,1044.56,1
10485,20072,家电,cart,1750237250,1786.61,3
10027,20130,美妆,view,1750259992,667.49,3
10449,20125,图书,view,1750226424,102.5,1
10037,20071,图书,view,1750368885,135.81,1
10118,20037,图书,view,1750360105,77.19,3
10292,20067,美妆,view,1750234598,360.18,2
10370,20171,运动户外,view,1750209141,585.64,3
10243,20079,美妆,view,1750298265,358.67,2
10067,20190,图书,cart,1750229928,109.85,2
10213,20041,运动户外,view,1750263115,739.38,2
10217,20063,数码配件,view,1750212695,245.78,2
10176,20181,家电,cart,1750322844,3516.96,1
10298,20077,美妆,buy,1750317174,777.8,3
10163,20126,数码配件,view,1750239609,141.88,3
10057,20104,数码配件,view,1750214765,411.25,1
10268,20198,数码配件,view,1750327679,459.58,3
10307,20075,美妆,view,1750260171,252.38,1
10057,20164,美妆,view,1750229599,,3
10287,20131,数码配件,view,1750315059,311.74,2
10464,20129,图书,cart,1750212625,108.52,1
10104,20121,图书,view,1750375023,76.67,3
10227,20043,运动户外,view,1750310515,967.41,3
10246,20194,运动户外,view,1750314258,497.66,2
10187,20195,手机,cart,1750356058,7144.19,3
10493,20101,数码配件,view,1750357780,114.05,2
10082,20061,美妆,view,1750205054,723.4,1
10185,20000,数码配件,view,1750327929,189.69,2
10251,20016,家电,view,1750353168,2301.02,2
10354,20015,家电,buy,1750258774,2767.06,3
10237,20008,美妆,buy,1750363060,259.5,2
10359,20180,数码配件,view,1750206693,318.41,1
10183,20058,数码配件,view,1750279772,194.17,2
10283,20118,图书,view,1750301269,106.13,1
10384,20136,手机,view,1750261737,5567.74,1
10425,20139,手机,view,1750208915,7260.86,3
10209,20118,家电,cart,1750258283,4779.63,2
10303,20040,美妆,view,1750248773,578.03,2
10295,20142,美妆,view,1750258510,656.31,3
10096,20065,美妆,cart,1750258409,219.01,2
10446,20074,数码配件,view,1750361664,303.93,1
10459,20010,运动户外,view,1750229975,205.09,3
10455,20007,手机,view,1750348642,3051.88,3
10471,20182,运动户外,view,1750210804,1170.19,3
10207,20133,运动户外,view,1750245236,1058.86,2
10369,20180,图书,view,1750350976,118.21,3
10387,20147,美妆,view,1750339567,565.13,2
10421,20166,数码配件,view,1750228750,472.75,2
10491,20098,运动户外,cart,1750366375,986.89,3
10410,20071,手机,view,1750313546,5478.24,2
10136,20112,美妆,view,1750351398,356.02,1
10366,20106,手机,view,1750269529,6756.14,3
10399,20033,图书,view,1750283481,144.98,2
10183,20056,运动户外,cart,1750266091,888.67,3
10075,20116,运动户外,cart,1750290149,1082.18,1
10286,20119,数码配件,buy,1750291767,63.5,2
10471,20146,运动户外,view,1750349798,1187.37,1
10374,20070,运动户外,view,1750322597,1093.93,2
10141,20158,手机,view,1750346291,7611.82,3
10236,20039,家电,buy,1750274012,2093.76,2
10024,20141,手机,view,1750288400,5016.38,3
10289,20102,家电,view,1750289569,2580.29,1
10066,20123,家电,view,1750354392,3046.02,3
10249,20122,数码配件,cart,1750307896,225.47,3
10407,20099,美妆,view,1750282963,751.24,1
10117,20164,图书,view,1750291301,72.74,1
10489,20171,手机,view,1750298036,3510.61,2
10072,20136,手机,cart,1750221445,5522.02,1
10281,20057,数码配件,view,1750286154,144.31,2
10403,20147,数码配件,view,1750283352,242.22,3
10447,20108,手机,view,1750320483,5011.81,2
10359,20120,运动户外,view,1750236919,1114.01,3
10009,20091,美妆,cart,1750253627,398.22,1
10210,20049,手机,cart,1750267122,3221.4,3
10322,20147,数码配件,cart,1750286853,232.28,2
10151,20104,数码配件,cart,1750223184,369.57,3
10004,20163,数码配件,buy,1750284150,69.99,1
10194,20116,图书,view,1750261600,48.81,2
10441,20026,家电,cart,1750309944,2663.94,1
10282,20199,手机,cart,1750287546,5578.12,3
10463,20031,手机,cart,1750358448,3129.56,2
10112,20000,运动户外,view,1750232568,718.66,1
10270,20016,手机,view,1750297551,4471.52,2
10162,20136,手机,buy,1750303046,3463.21,3
10459,20083,手机,view,1750228554,7571.65,3
10104,20044,图书,view,1750235191,120.19,1
10180,20065,运动户外,view,1750214284,924.02,2
10043,20031,图书,view,1750360281,32.34,1
10281,20044,数码配件,view,1750336308,247.11,2
10174,20008,美妆,view,1750345379,438.12,1
10161,20029,美妆,view,1750361416,763.54,1
10470,20083,美妆,view,1750351207,684.9,3
10350,20165,图书,view,1750231384,139.39,3
10433,20059,运动户外,view,1750262472,1162.84,1
10339,20000,家电,view,1750355922,1778.85,2
10139,20004,家电,buy,1750274317,1168.37,1
10470,20062,美妆,view,1750260688,794.42,2
10131,20163,美妆,view,1750334830,750.24,2
10086,20064,数码配件,view,1750322493,223.41,2
10175,20077,数码配件,view,1750222702,229.74,3
10182,20151,家电,buy,1750239221,4155.97,3
10367,20131,手机,view,1750306598,7584.25,3
10128,20113,图书,buy,1750333351,75.81,3
10245,20195,手机,view,1750317947,3589.4,1
10088,20024,美妆,view,1750236634,157.31,3
10065,20134,美妆,view,1750373901,567.72,1
10157,20140,美妆,view,1750262904,526.09,1
10386,20195,手机,view,1750337960,4785.89,2
10377,20042,数码配件,cart,1750317309,111.05,1
10148,20056,家电,view,1750294150,2137.96,3
10472,20163,运动户外,view,1750363476,887.52,1
10339,20141,手机,cart,1750370806,6519.46,1
10432,20071,数码配件,cart,1750217488,437.08,2
10115,20026,图书,view,1750221866,41.23,1
10213,20127,手机,cart,1750206342,6963.03,3
10468,20105,手机,view,1750231858,4370.43,3
10445,20164,数码配件,cart,1750311510,163.93,1
10480,20070,数码配件,cart,1750335757,361.31,1
10371,20152,图书,view,1750266688,120.67,2
10293,20066,运动户外,view,1750353183,463.61,2
10252,20089,手机,cart,1750291941,3057.77,3
10142,20003,手机,view,1750324529,3658.51,2
10249,20105,图书,view,1750262586,97.24,3
10365,20078,数码配件,view,1750296127,461.55,3
10435,20095,美妆,view,1750364285,280.52,2
10462,20092,手机,view,1750377271,6325.78,1
10301,20073,图书,view,1750375335,79.06,2
10024,20125,运动户外,view,1750369190,1047.97,3
10276,20015,图书,view,1750363349,117.86,1
10471,20146,数码配件,cart,1750229894,137.86,2
10376,20156,图书,view,1750369954,88.18,2
10377,20115,手机,view,1750303189,4467.47,3
10388,20178,图书,view,1750306359,21.86,1
10069,20017,数码配件,cart,1750227030,480.79,1
10112,20185,运动户外,view,1750346395,968.73,2
10362,20171,运动户外,view,1750361238,389.64,3
10111,20015,家电,view,1750348557,4764.92,3
10363,20192,美妆,buy,1750331446,572.59,3
10302,20129,手机,view,1750246061,4847.89,2
10470,20055,美妆,view,1750216545,578.67,1
10451,20078,手机,cart,1750335148,7109.3,1
10090,20102,家电,view,1750289286,4751.25,1
10017,20027,图书,view,1750244481,46.4,2
10148,20192,美妆,view,1750341376,123.69,2
10475,20004,美妆,cart,1750285776,686.38,3
10226,20105,运动户外,cart,1750233111,652.62,2
10213,20021,手机,view,1750368885,3750.99,2
10359,20116,美妆,cart,1750227778,331.32,1
10150,20099,美妆,view,1750313251,290.54,1
10191,20012,图书,view,1750265076,127.81,2
10450,20064,美妆,view,1750237195,204.6,1
10039,20143,数码配件,view,1750356490,116.1,2
10241,20085,图书,cart,1750233374,49.41,2
10137,20063,美妆,view,1750212918,152.57,3
10344,20031,运动户外,view,1750256398,465.24,3
10179,20079,美妆,view,1750359921,684.13,3
10496,20050,家电,view,1750243751,2214.95,1
10199,20078,手机,view,1750264591,5654.52,1
10202,20185,家电,view,1750340340,4761.29,1
10060,20173,数码配件,view,1750215976,56.97,3
10191,20179,数码配件,view,1750247431,437.68,2
10004,20105,图书,buy,1750366425,87.51,2
10377,20062,家电,view,1750328917,2446.49,2
10236,20075,图书,cart,1750238222,133.22,2
10180,20059,家电,cart,1750341817,2202.03,3
10310,20064,家电,view,1750334296,4028.78,3
10036,20116,家电,view,1750253474,2181.71,1
10055,20080,美妆,view,1750222523,328.85,2
10442,20104,数码配件,view,1750349906,390.75,1
10236,20127,图书,view,1750292987,52.44,2
10357,20182,家电,view,1750338699,3109.07,2
10348,20184,家电,view,1750308795,2047.98,2
10196,20070,运动户外,view,1750216402,578.86,3
10072,20085,家电,view,1750283240,4879.48,2
10058,20153,美妆,view,1750225517,450.39,3
10239,20139,美妆,view,1750286957,538.04,1
10001,20070,手机,view,1750307042,7107.75,3
10448,20045,图书,view,1750240520,33.35,2
10359,20046,家电,view,1750330829,3619.36,2
10187,20078,美妆,cart,1750273829,157.54,1
10306,20165,手机,view,1750306430,3608.91,1
10029,20148,图书,buy,1750359695,66.21,3
10266,20141,运动户外,buy,1750325742,552.53,2
10475,20129,图书,buy,1750360817,47.76,3
10107,20199,运动户外,view,1750299807,322.48,1
10331,20126,家电,cart,1750357008,4548.66,2
10422,20108,家电,view,1750327326,4368.0,1
10089,20118,手机,view,1750258807,3228.54,3
10204,20197,图书,view,1750361994,59.2,2
10378,20100,图书,cart,1750298108,90.56,3
10455,20160,美妆,view,1750343915,148.17,3
10446,20005,数码配件,view,1750338948,469.67,2
10447,20125,手机,buy,1750239097,7979.88,1
10444,20102,图书,view,1750363922,39.95,2
10380,20036,家电,view,1750262364,4910.52,3
10437,20141,家电,view,1750216605,2153.86,1
10219,20036,家电,view,1750264860,1669.52,3
10377,20007,图书,view,1750319873,25.32,1
10093,20076,图书,view,1750286640,109.15,3
10456,20140,美妆,cart,1750308698,467.75,3
10102,20039,运动户外,view,1750334920,671.6,2
10222,20106,手机,view,1750305724,4105.9,2
10185,20091,图书,view,1750322576,20.49,2
10468,20185,美妆,view,1750348880,698.37,1
10183,20017,手机,cart,1750373887,3904.93,3
10494,20056,家电,view,1750260512,4315.97,3
10161,20082,运动户外,cart,1750330828,737.18,3
10246,20165,图书,cart,1750273331,37.38,3
10030,20031,家电,view,1750207708,1790.25,2
10051,20193,美妆,cart,1750317754,550.69,3
10344,20024,家电,view,1750310259,1146.74,2
10075,20185,美妆,buy,1750276408,122.72,3
10384,20032,图书,buy,1750257853,32.29,2
10438,20087,美妆,buy,1750293942,243.91,3
10277,20193,美妆,view,1750352235,714.8,1
10039,20157,手机,buy,1750318307,6289.12,2
10100,20103,手机,view,1750235825,4306.94,1
10110,20033,运动户外,cart,1750227959,667.68,2
10384,20101,美妆,view,1750263919,491.38,2
10320,20126,图书,view,1750226600,88.77,3
10248,20068,运动户外,cart,1750299546,779.38,3
10190,20175,数码配件,cart,1750354934,369.39,2
10489,20039,家电,view,1750355220,1986.98,1
10181,20178,手机,view,1750255504,7265.86,3
10425,20079,运动户外,view,1750332952,696.54,2
10404,20140,运动户外,view,1750332756,,2
10334,20030,数码配件,view,1750316249,404.74,1
10208,20115,家电,cart,1750332077,2234.39,2
10021,20166,数码配件,view,1750350394,205.72,1
10165,20062,数码配件,view,1750251764,409.75,2
10098,20047,运动户外,cart,1750364132,391.99,3
10492,20086,手机,view,1750311241,5450.04,1
10207,20047,图书,cart,1750224459,24.31,1
10007,20060,家电,view,1750342606,2337.25,1
10189,20139,图书,view,1750312986,117.42,2
10174,20077,运动户外,view,1750273363,958.14,3
10272,20183,数码配件,view,1750342314,51.14,2
10016,20017,手机,cart,1750270359,4922.37,2
10089,20154,美妆,view,1750369646,318.31,3
10140,20027,数码配件,view,1750330945,90.3,1
10144,20079,数码配件,view,1750323863,62.04,3
10165,20179,数码配件,view,1750306277,349.84,2
10336,20015,家电,buy,1750308190,3336.13,1
10495,20076,手机,cart,1750324880,6808.38,1
10077,20185,运动户外,view,1750219777,874.63,2
10428,20136,数码配件,cart,1750319837,305.43,1
10261,20025,图书,buy,1750327738,100.66,1
10162,20027,美妆,cart,1750299673,551.92,3
10365,20104,运动户外,view,1750332960,356.96,2
10013,20076,手机,view,1750285607,6406.45,3
10238,20163,数码配件,view,1750335645,484.28,1
10071,20008,美妆,cart,1750313251,611.11,1
10444,20174,数码配件,view,1750338070,203.15,3
10142,20050,美妆,view,1750349057,548.6,2
10309,20075,手机,view,1750294721,6780.94,3
10282,20121,数码配件,view,1750336122,473.79,2
10268,20184,运动户外,cart,1750359769,1017.86,2
10240,20031,家电,buy,1750312468,4663.22,2
10414,20194,图书,cart,1750305116,26.64,1
10244,20056,家电,view,1750377252,4358.63,2
10162,20053,图书,view,1750273963,125.1,3
10059,20115,图书,view,1750306314,105.26,2
10005,20143,数码配件,view,1750274288,312.52,2
10196,20061,美妆,view,1750369520,347.51,3
10469,20083,家电,view,1750271054,2773.41,2
10057,20055,美妆,view,1750271171,546.97,1
10304,20022,图书,view,1750362221,84.37,3
10406,20016,手机,view,1750342220,4364.47,3
10216,20165,运动户外,view,1750368310,426.99,2
10417,20199,图书,cart,1750296392,50.81,2
10025,20157,数码配件,cart,1750331163,64.64,3
10302,20185,手机,view,1750256893,5660.48,3
10004,20077,数码配件,view,1750254211,231.31,1
10473,20021,美妆,view,1750362305,273.37,2
10019,20107,图书,buy,1750277334,,1
10389,20016,运动户外,view,1750276846,409.03,1
10197,20014,图书,view,1750262058,134.39,1
10058,20113,美妆,view,1750231895,120.52,1
10447,20047,美妆,cart,1750340204,385.33,1
10241,20159,数码配件,view,1750258795,311.64,1
10145,20112,图书,buy,1750374595,80.75,2
10387,20167,图书,view,1750308109,149.71,2
10272,20096,美妆,view,1750240580,252.89,2
10248,20184,家电,cart,1750329197,3281.51,2
10013,20185,手机,view,1750218873,3733.18,3
10461,20090,数码配件,view,1750218791,417.07,1
10012,20015,手机,view,1750216575,5446.17,2
10390,20155,数码配件,view,1750290756,443.23,1
10383,20097,运动户外,view,1750359962,717.75,2
10043,20110,运动户外,view,1750340687,669.33,1
10374,20000,家电,cart,1750227657,1086.91,2
10398,20040,图书,view,1750376583,61.79,2
10018,20047,图书,cart,1750359475,81.5,1
10062,20158,图书,view,1750294961,125.11,3
10490,20163,美妆,view,1750253487,386.93,2
10238,20107,手机,cart,1750328104,7303.59,2
10491,20160,运动户外,cart,1750227133,260.46,3
10418,20160,美妆,view,1750246722,759.63,3
10336,20102,家电,view,1750229665,3875.12,1
10418,20127,数码配件,view,1750325837,134.42,2
10402,20150,图书,view,1750282812,96.47,3
10403,20187,手机,view,1750269932,7830.16,2
10099,20029,运动户外,buy,1750292478,645.89,3
10162,20044,数码配件,cart,1750356523,55.27,1
10415,20079,手机,view,1750372881,6769.18,2
10121,20038,手机,cart,1750274878,7093.35,1
10431,20044,运动户外,view,1750258535,655.07,3
10043,20077,美妆,view,1750275291,408.96,3
10359,20080,家电,cart,1750340471,1911.99,2
10407,20139,运动户外,view,1750290930,1129.7,3
10316,20092,图书,view,1750281098,20.94,2
10380,20031,数码配件,view,1750219940,133.12,3
10144,20183,手机,view,1750350049,7334.36,3
10326,20023,家电,cart,1750271995,4143.5,1
10362,20115,美妆,buy,1750340920,399.62,2
10049,20012,美妆,view,1750273243,680.04,2
10064,20147,手机,view,1750287493,6294.95,3
10354,20078,数码配件,view,1750253608,139.96,3
10287,20055,手机,view,1750319019,7437.32,1
10163,20052,美妆,cart,1750367149,208.16,3
10140,20067,手机,view,1750258991,4808.02,3
10453,20181,手机,cart,1750361592,6035.26,3
10313,20033,数码配件,view,1750210391,138.13,3
10127,20027,家电,buy,1750309539,2432.87,2
10397,20049,图书,buy,1750212494,147.2,2
10420,20129,数码配件,view,1750297394,102.8,2
10367,20110,手机,cart,1750259451,,1
10462,20093,手机,view,1750369414,7331.91,3
10238,20153,图书,view,1750290352,92.6,1
10323,20178,手机,view,1750344181,4002.39,1
10295,20046,美妆,view,1750305596,797.7,3
10186,20025,家电,cart,1750343302,1221.87,1
10207,20083,美妆,view,1750219457,266.26,2
10219,20105,图书,view,1750261820,112.15,3
10399,20091,图书,view,1750362087,127.19,2
10189,20119,家电,view,1750244216,3101.74,2
10387,20074,美妆,view,1750266850,575.94,3
10428,20121,手机,view,1750245907,3423.23,2
10345,20188,家电,cart,1750339861,1751.18,1
10283,20150,运动户外,buy,1750358647,1051.95,2
10351,20164,手机,view,1750299784,3923.33,2
10236,20040,美妆,view,1750343177,393.16,3
10193,20051,美妆,cart,1750293522,335.58,3
10286,20081,手机,view,1750237288,7684.3,3
10258,20176,运动户外,cart,1750367480,1052.39,2
10245,20154,图书,view,1750306428,85.24,1
10135,20133,美妆,cart,1750281915,110.43,3
10279,20073,数码配件,view,1750290085,382.75,3
10270,20065,手机,view,1750271727,3681.15,2
10170,20023,运动户外,cart,1750291946,241.07,1
10158,20165,运动户外,buy,1750299463,612.97,2
10200,20027,图书,view,1750259936,123.99,2
10486,20155,图书,view,1750221053,30.11,3
10044,20116,美妆,view,1750319786,206.78,2
10449,20113,图书,view,1750369317,128.73,2
10263,20193,运动户外,view,1750251964,774.42,2
10070,20060,图书,cart,1750261639,35.27,3
10363,20173,运动户外,view,1750358624,488.46,1
10370,20068,运动户外,view,1750209263,815.69,2
10102,20113,手机,cart,1750300269,7370.83,3
10489,20074,图书,view,1750313866,60.37,2
10124,20170,图书,buy,1750232462,129.91,2
10312,20058,运动户外,view,1750294169,877.74,2
10463,20129,美妆,cart,1750291279,182.19,2
10482,20014,数码配件,view,1750249038,455.74,2
10285,20104,运动户外,view,1750210258,824.07,2
10457,20164,图书,view,1750244919,40.13,2
10229,20198,家电,view,1750256532,2589.2,1
10145,20147,图书,cart,1750369325,143.3,1
10369,20097,图书,view,1750371777,137.83,1
10196,20034,手机,view,1750292982,7801.91,3
10372,20161,家电,cart,1750367981,2412.77,2
10220,20030,图书,buy,1750237050,124.18,2
10422,20126,数码配件,buy,1750258156,348.6,2
10059,20018,美妆,view,1750313488,779.38,2
10097,20195,数码配件,view,1750365431,419.17,2
10170,20023,手机,view,1750356982,7017.66,1
10381,20083,手机,view,1750218120,6795.66,2
10172,20166,家电,view,1750291210,1355.18,3
10150,20091,运动户外,view,1750229307,965.96,3
10452,20181,美妆,view,1750263275,508.15,2
10349,20166,数码配件,view,1750366297,70.8,3
10389,20144,家电,cart,1750314961,3672.92,1
10439,20146,数码配件,view,1750340499,483.58,3
10121,20117,数码配件,view,1750227867,355.65,1
10493,20175,图书,view,1750256417,119.12,3
10107,20162,手机,view,1750258437,4847.12,1
10003,20159,手机,view,1750213445,4425.18,3
10092,20174,美妆,view,1750267023,574.51,3
10406,20046,家电,buy,1750335812,2733.72,3
10005,20191,手机,view,1750266719,3012.19,3
10287,20173,数码配件,view,1750376473,283.44,1
10105,20102,数码配件,view,1750282697,145.06,2
10145,20120,运动户外,view,1750312859,952.69,2
10270,20162,运动户外,view,1750276357,947.73,1
10423,20093,美妆,view,1750339149,262.81,3
10377,20144,手机,view,1750310904,3931.74,2
10095,20041,图书,view,1750313072,39.36,2
10456,20110,图书,cart,1750374733,53.5,3
10228,20028,家电,cart,1750334536,4059.94,3
10201,20197,运动户外,view,1750375509,642.34,2
10211,20123,数码配件,view,1750329153,361.88,2
10005,20016,图书,view,1750286353,93.64,2
10111,20013,数码配件,view,1750272234,89.74,2
10375,20151,数码配件,view,1750366439,406.93,3
10378,20184,图书,view,1750291381,125.35,2
10446,20049,运动户外,view,1750366031,344.17,2
10322,20056,手机,buy,1750357718,6133.03,1
10105,20188,数码配件,buy,1750275125,412.34,3
10138,20103,运动户外,view,1750340947,867.67,1
10298,20038,手机,view,1750241265,5688.87,3
10400,20182,家电,view,1750369988,4088.44,3
10095,20095,家电,view,1750240810,3240.74,1
10387,20035,手机,view,1750332194,4038.94,3
10446,20113,数码配件,cart,1750306198,73.96,3
10451,20036,美妆,view,1750333759,460.28,2
10336,20013,美妆,cart,1750290463,464.58,2
10296,20154,数码配件,view,1750291229,467.71,2
10466,20122,数码配件,view,1750290141,410.04,3
10388,20082,运动户外,view,1750302275,851.73,2
10415,20158,数码配件,view,1750218985,354.65,2
10213,20072,图书,view,1750308503,115.52,3
10453,20101,美妆,view,1750372348,397.04,2
10290,20080,数码配件,view,1750263570,485.65,1
10021,20082,运动户外,view,1750271741,611.09,2
10192,20043,图书,view,1750271173,52.67,1
10467,20067,手机,view,1750338520,3754.63,2
10149,20047,运动户外,view,1750301441,915.36,1
10367,20056,手机,view,1750355385,3414.11,1
10246,20074,数码配件,buy,1750377132,206.42,1
10266,20021,图书,view,1750266517,101.56,1
10460,20131,图书,cart,1750217818,91.15,3
10250,20199,手机,view,1750253461,7944.45,1
10489,20045,美妆,view,1750329526,707.62,2
10002,20186,运动户外,cart,1750333242,404.81,3
10392,20161,数码配件,view,1750277977,71.43,1
10315,20010,家电,view,1750310237,1383.15,1
10075,20030,美妆,cart,1750225095,530.92,3
10086,20138,运动户外,view,1750238068,563.63,3
10269,20119,手机,view,1750376324,4747.86,2
10224,20055,数码配件,cart,1750366840,232.89,3
10017,20037,手机,view,1750209766,3663.53,3
10112,20020,家电,view,1750229882,3481.75,1
10250,20109,图书,view,1750336868,137.46,1
10232,20093,手机,view,1750369298,7336.73,2
10328,20137,运动户外,cart,1750300818,942.01,1
10278,20153,家电,view,1750360864,1307.24,1
10201,20135,家电,view,1750324278,3199.04,2
10082,20007,图书,cart,1750325360,46.15,1
10124,20187,图书,buy,1750245431,51.1,1
10174,20071,图书,view,1750321052,99.25,2
10068,20118,家电,cart,1750316207,1718.46,2
10046,20033,图书,view,1750262907,25.62,1
10371,20143,运动户外,view,1750298071,613.82,2
10255,20104,数码配件,view,1750270479,393.28,2
10214,20140,图书,view,1750324574,39.47,1
10029,20086,手机,view,1750328812,5025.91,3
10280,20149,手机,view,1750234352,6620.12,1
10411,20154,手机,cart,1750319258,4781.23,3
10481,20063,运动户外,view,1750288478,779.05,2
10236,20001,手机,cart,1750226618,7857.36,3
10247,20108,数码配件,view,1750361779,222.38,1
10367,20025,家电,buy,1750253984,2459.9,3
10494,20082,家电,cart,1750209177,4676.17,3
10024,20106,图书,view,1750357567,56.64,3
10073,20068,图书,buy,1750314534,133.21,2
10205,20096,运动户外,cart,1750357284,1096.38,2
10489,20029,家电,view,1750343215,1433.09,1
10493,20007,手机,view,1750274285,3883.19,2
10313,20037,美妆,view,1750291548,334.03,3
10093,20188,手机,view,1750213849,3713.42,2
10374,20080,手机,cart,1750221785,6262.23,2
10126,20107,美妆,view,1750287653,453.1,1
10424,20064,手机,view,1750307390,3951.81,2
10024,20066,美妆,view,1750258036,786.36,1
10333,20173,手机,view,1750301348,6543.34,3
10354,20089,图书,view,1750218676,111.07,1
10115,20094,数码配件,cart,1750236130,454.87,2
10047,20071,图书,view,1750213452,140.78,3
10225,20042,美妆,view,1750207611,650.4,3
10265,20186,图书,view,1750253017,34.47,2
10098,20045,美妆,cart,1750349450,535.68,3
10458,20199,家电,cart,1750369317,4681.7,3
10010,20124,美妆,view,1750346115,414.36,2
10084,20162,运动户外,view,1750363431,654.01,2
10404,20038,图书,view,1750334189,98.56,3
10213,20050,家电,buy,1750267447,4096.92,1
10172,20003,美妆,view,1750295806,140.04,3
10390,20120,图书,cart,1750304001,96.66,3
10208,20079,数码配件,view,1750224103,372.86,2
10447,20076,数码配件,view,1750280172,450.21,3
10381,20178,运动户外,view,1750272354,802.16,3
10063,20132,图书,view,1750369814,65.55,2
10257,20054,图书,cart,1750292368,147.29,3
10331,20019,家电,buy,1750210424,2474.43,3
10120,20151,运动户外,cart,1750301444,1190.47,1
10297,20163,数码配件,view,1750208037,130.97,2
10465,20033,数码配件,cart,1750243388,194.15,3
10053,20121,美妆,view,1750246773,177.46,2
10330,20108,手机,cart,1750370364,7890.97,3
10271,20125,运动户外,cart,1750221801,1019.08,1
10240,20053,数码配件,view,1750210034,437.33,3
10242,20161,手机,view,1750262545,6031.82,2
10017,20144,手机,view,1750277764,3340.02,3
10482,20132,手机,cart,1750327313,3336.22,1
10186,20088,手机,cart,1750335765,7973.32,3
10345,20145,运动户外,view,1750295167,727.38,3
10143,20182,美妆,view,1750333498,423.28,2
10261,20052,手机,view,1750326473,6355.12,1
10440,20049,美妆,view,1750231160,190.61,1
10363,20071,数码配件,view,1750362059,341.37,2
10490,20172,图书,view,1750322659,145.34,1
10430,20140,美妆,view,1750307126,516.24,3
10238,20015,数码配件,view,1750248640,495.72,1
10303,20012,手机,view,1750236290,7079.77,1
10297,20019,图书,view,1750353942,131.21,3
10075,20065,美妆,view,1750343905,297.62,3
10187,20046,数码配件,view,1750334820,70.2,2
10332,20146,手机,view,1750342410,6735.04,2
10387,20172,美妆,view,1750236427,354.17,3
10486,20164,家电,cart,1750334990,2960.26,2
10245,20121,数码配件,view,1750335642,491.17,2
10129,20053,数码配件,view,1750365813,438.49,3
10473,20005,美妆,view,1750348996,333.16,2
10314,20013,家电,view,1750363242,2491.37,3
10410,20131,数码配件,view,1750296725,105.89,1
10282,20085,手机,cart,1750220943,6058.17,3
10078,20182,运动户外,cart,1750356300,625.79,1
10071,20161,家电,view,1750356143,2963.61,1
10262,20026,数码配件,view,1750254384,313.37,1
10190,20006,图书,view,1750369194,24.88,1
10366,20130,家电,cart,1750261619,2913.56,1
10374,20174,图书,view,1750339961,88.95,3
10429,20001,美妆,cart,1750266514,361.74,2
10062,20079,图书,view,1750218762,109.64,1
10487,20152,数码配件,view,1750333502,399.0,2
10379,20059,运动户外,view,1750351215,313.74,1
10011,20023,运动户外,view,1750256433,864.45,2
10140,20014,美妆,view,1750354375,416.44,1
10253,20094,家电,view,1750320273,1884.11,3
10042,20141,运动户外,view,1750206916,535.65,1
10016,20181,数码配件,view,1750319980,358.55,2
10062,20133,美妆,view,1750331246,321.39,3
10252,20080,美妆,view,1750352267,437.76,1
10464,20017,运动户外,view,1750237709,274.16,3
10375,20019,图书,view,1750258905,103.3,2
10291,20114,家电,view,1750222811,3782.67,3
10468,20189,图书,view,1750358838,24.12,1
10007,20039,运动户外,view,1750339953,818.9,1
10324,20038,美妆,cart,1750302621,366.37,2
10089,20179,美妆,view,1750365182,392.39,2
10207,20031,家电,view,1750345267,1401.68,2
10291,20123,运动户外,buy,1750345599,1006.59,2
10283,20107,图书,view,1750276175,94.44,1
10117,20026,数码配件,view,1750232627,172.66,1
10348,20109,美妆,view,1750332407,309.89,3
10174,20179,数码配件,view,1750296237,330.01,2
10075,20096,数码配件,view,1750205166,,1
10100,20190,数码配件,cart,1750372670,277.22,3
10413,20073,运动户外,view,1750372965,1138.07,1
10150,20190,家电,buy,1750369336,4050.64,3
10399,20016,家电,view,1750288937,4884.52,1
10269,20048,数码配件,view,1750371041,276.26,1
10457,20080,手机,view,1750214652,6583.2,1
10070,20115,图书,view,1750373365,71.43,1
10492,20022,运动户外,view,1750247102,1133.02,2
10179,20097,家电,view,1750289560,4763.23,2
10123,20071,运动户外,buy,1750251427,203.25,1
10380,20140,家电,view,1750306875,2002.64,3
10292,20150,美妆,view,1750270325,200.86,3
10284,20056,图书,view,1750226652,128.75,2
10194,20189,家电,view,1750305704,1916.3,2
10398,20181,手机,buy,1750294065,7007.19,2
10227,20147,运动户外,view,1750218074,920.74,2
10430,20085,手机,cart,1750354400,4249.18,3
10429,20179,手机,view,1750298508,5890.45,1
10435,20022,运动户外,view,1750272894,333.46,3
10274,20104,美妆,view,1750249484,224.12,1
10460,20162,图书,view,1750309489,83.39,1
10105,20066,运动户外,view,1750293256,1105.45,2
10020,20033,图书,view,1750292821,31.17,2
10063,20032,手机,view,1750318767,6370.56,2
10164,20045,图书,cart,1750340561,21.6,2
10026,20080,数码配件,cart,1750317808,80.3,3
10310,20172,图书,view,1750365395,77.1,1
10499,20146,美妆,view,1750249478,431.41,3
10284,20086,手机,cart,1750284496,3888.4,3
10147,20014,家电,view,1750235246,4257.76,3
10280,20122,美妆,view,1750354334,298.2,3
10325,20120,数码配件,view,1750233677,100.81,2
10318,20077,手机,cart,1750339340,4082.0,2
10163,20065,美妆,cart,1750357126,730.9,1
10385,20038,数码配件,view,1750312852,434.62,2
10405,20017,家电,view,1750247343,1482.83,3
10223,20197,手机,view,1750216061,4509.85,1
10271,20186,手机,view,1750284157,5530.44,3
10145,20159,图书,view,1750339408,147.36,3
10452,20020,运动户外,view,1750347343,824.24,1
10437,20167,美妆,view,1750362049,424.35,1
10355,20026,家电,view,1750290507,2828.25,3
10029,20001,手机,buy,1750276394,4560.86,3
10044,20096,美妆,view,1750286944,797.3,1
10274,20038,家电,cart,1750211468,3238.99,1
10470,20055,手机,view,1750240817,5586.91,1
10033,20106,手机,view,1750344685,7144.11,1
10140,20126,家电,view,1750208042,3172.58,3
10426,20012,家电,view,1750270807,3906.11,2
10317,20125,家电,buy,1750226210,2906.45,3
10373,20183,家电,buy,1750241352,1632.39,2
10220,20193,家电,buy,1750271158,4870.1,1
10355,20055,家电,view,1750215116,2764.05,2
10021,20027,运动户外,view,1750240088,510.94,3
10179,20063,美妆,view,1750359476,,3
10435,20070,运动户外,view,1750316632,1109.93,3
10366,20191,运动户外,buy,1750346116,502.38,3
10419,20183,运动户外,view,1750215211,334.09,2
10328,20168,美妆,view,1750218368,655.44,1
10230,20118,家电,cart,1750301890,3795.83,1
10498,20099,手机,view,1750361652,7071.88,3
10402,20040,运动户外,buy,1750325897,344.64,1
10037,20003,图书,view,1750280648,76.19,1
10069,20184,运动户外,cart,1750344221,866.43,3
10115,20157,美妆,view,1750318675,224.52,3
10238,20087,美妆,cart,1750288440,506.65,3
10334,20083,家电,view,1750349328,3630.26,1
10440,20045,数码配件,view,1750374696,458.53,1
10147,20183,美妆,view,1750325234,643.95,3
10008,20158,美妆,view,1750215215,114.94,2
10287,20087,家电,view,1750324497,1929.0,3
10387,20006,家电,view,1750301063,3456.78,3
10049,20076,家电,view,1750316573,1322.57,3
10337,20181,数码配件,view,1750375403,353.51,1
10004,20135,图书,view,1750219749,111.92,2
10403,20182,手机,cart,1750376620,7917.03,1
10342,20196,运动户外,view,1750351230,206.13,3
10125,20171,图书,view,1750364556,105.62,3
10074,20140,运动户外,view,1750303860,546.5,3
10164,20092,运动户外,cart,1750223331,614.6,1
10277,20019,数码配件,buy,1750356529,415.34,2
10441,20077,手机,view,1750349620,7116.03,2
10323,20159,美妆,view,1750247498,623.78,2
10476,20187,数码配件,view,1750254326,95.37,3
10299,20177,手机,cart,1750296817,6061.67,2
10289,20026,手机,view,1750297700,4040.85,1
10076,20119,美妆,cart,1750211592,741.71,3
10297,20024,运动户外,view,1750265196,542.62,2
10136,20051,家电,view,1750363503,2421.93,1
10105,20195,图书,cart,1750333574,52.74,1
10094,20020,运动户外,cart,1750241674,1105.61,1
10134,20017,图书,view,1750332428,132.6,3
10067,20038,运动户外,cart,1750256893,1157.79,3
10146,20014,家电,view,1750234169,4302.15,1
10489,20052,数码配件,view,1750342773,78.41,3
10477,20037,美妆,cart,1750297416,625.08,2
10158,20175,美妆,view,1750288727,577.39,1
10383,20051,手机,view,1750287945,3806.16,3
10162,20071,运动户外,view,1750261805,1056.63,1
10440,20027,手机,view,1750258760,7206.31,1
10340,20143,手机,cart,1750336886,7981.56,2
10188,20117,家电,buy,1750318042,1215.35,3
10414,20143,图书,cart,1750272804,95.59,3
10338,20034,手机,view,1750344404,7070.2,1
10094,20144,数码配件,cart,1750314240,159.55,2
10180,20098,数码配件,buy,1750214613,371.87,1
10287,20051,家电,view,1750224671,1612.26,3
10321,20139,图书,view,1750216738,31.34,1
10186,20082,数码配件,view,1750316109,240.2,3
10371,20047,数码配件,view,1750370563,250.53,1
10137,20021,家电,cart,1750363811,2126.2,3
10129,20122,运动户外,cart,1750259751,1054.04,3
10193,20126,家电,buy,1750373680,2120.42,2
10315,20176,美妆,view,1750258521,249.13,2
10471,20051,图书,view,1750299492,25.64,1
10272,20078,手机,cart,1750308372,4471.14,1
10351,20128,手机,view,1750257039,4461.48,1
10143,20065,家电,view,1750324131,2335.83,3
10015,20063,图书,view,1750243267,113.7,3
10301,20007,美妆,view,1750298474,262.42,2
10422,20024,美妆,view,1750333020,559.86,2
10244,20193,手机,cart,1750362062,7003.69,3
10414,20197,数码配件,view,1750323801,371.89,2
10106,20093,运动户外,view,1750302072,637.95,1
10087,20178,家电,view,1750224842,2858.88,1
10128,20180,家电,view,1750355207,1336.1,1
10394,20014,数码配件,view,1750246936,336.14,1
10374,20177,图书,view,1750276866,49.23,2
10340,20198,手机,view,1750336210,4595.43,2
10003,20121,数码配件,cart,1750324401,88.02,3
10326,20074,家电,view,1750212827,3154.2,2
10409,20103,数码配件,view,1750215298,400.49,1
10366,20037,美妆,view,1750331798,174.86,2
10305,20167,数码配件,view,1750353888,136.72,1
10395,20193,数码配件,view,1750307376,157.29,3
10094,20114,家电,view,1750284928,4602.11,3
10208,20038,家电,cart,1750322255,3334.12,1
10224,20107,美妆,view,1750312430,276.16,1
10458,20016,数码配件,view,1750324360,239.21,1
10347,20134,家电,buy,1750371231,3955.53,1
10479,20117,图书,view,1750277965,92.66,1
10320,20038,手机,view,1750374900,4731.83,2
10046,20195,美妆,view,1750288583,253.33,2
10475,20034,图书,buy,1750322810,130.42,3
10180,20050,美妆,view,1750327479,389.23,3
10105,20046,数码配件,cart,1750358892,292.12,1
10198,20035,美妆,cart,1750232548,610.94,1
10385,20063,美妆,view,1750207198,645.74,2
10105,20094,手机,cart,1750334427,6092.75,1
10279,20104,手机,cart,1750232495,4475.23,3
10259,20012,运动户外,view,1750208895,691.78,2
10107,20145,手机,buy,1750286228,3114.93,3
10018,20148,运动户外,view,1750314491,281.82,2
10409,20111,图书,view,1750281436,76.34,2
10458,20064,运动户外,view,1750348615,458.76,2
10295,20007,运动户外,view,1750235594,1005.2,3
10305,20047,运动户外,view,1750268288,213.78,1
10170,20084,图书,view,1750279580,26.11,3
10330,20042,图书,view,1750326324,118.11,1
10492,20180,家电,view,1750315724,2504.83,3
10194,20084,数码配件,buy,1750377099,443.69,2
10011,20154,数码配件,cart,1750260843,355.69,3
10194,20018,手机,view,1750339391,7802.53,1
10489,20022,运动户外,view,1750335927,794.8,3
10282,20114,数码配件,view,1750355168,231.77,1
10368,20049,图书,view,1750343053,56.73,1
10181,20178,手机,buy,1750220315,6400.44,1
10449,20042,数码配件,view,1750269041,,1
10304,20098,家电,view,1750298457,2057.15,3
10143,20103,运动户外,cart,1750237488,296.9,1
10385,20115,运动户外,view,1750329221,280.67,1
10315,20050,手机,view,1750325463,,2
10181,20105,家电,cart,1750304764,1618.23,3
10029,20111,运动户外,view,1750291465,1172.5,1
10083,20196,运动户外,view,1750375037,291.41,3
10165,20168,家电,view,1750293026,1292.16,2
10283,20071,手机,view,1750211882,3567.71,3
10280,20138,家电,view,1750231659,1046.32,1
10095,20079,美妆,view,1750218630,508.14,1
10380,20179,图书,cart,1750285879,42.95,2
10265,20150,家电,view,1750319550,2695.33,3
10443,20048,家电,cart,1750257272,2462.15,3
10297,20165,图书,view,1750316059,61.08,1
10295,20046,手机,cart,1750286764,3543.34,3
10224,20071,数码配件,view,1750275614,325.0,3
10332,20006,家电,view,1750344768,3807.11,2
10360,20065,图书,view,1750287828,77.02,3
10373,20076,家电,view,1750372875,1509.01,3
10041,20061,图书,view,1750365242,33.84,3
10302,20156,美妆,view,1750255001,121.98,1
10420,20037,家电,view,1750265090,2481.75,2
10245,20124,数码配件,view,1750369578,142.81,2
10207,20083,美妆,view,1750292896,462.51,1
10236,20160,运动户外,view,1750338095,1072.86,1
10021,20028,数码配件,view,1750323043,451.28,1
10184,20113,图书,view,1750282051,,1
10467,20078,图书,view,1750328888,111.49,2
10241,20022,运动户外,view,1750276489,485.27,3
10362,20105,运动户外,view,1750213692,787.3,2
10282,20130,运动户外,view,1750318769,252.87,1
10040,20100,运动户外,view,1750240377,1073.79,2
10335,20172,图书,view,1750324724,36.37,2
10161,20007,图书,cart,1750360432,84.59,1
10159,20085,数码配件,view,1750280888,343.21,3
10473,20116,运动户外,view,1750236593,300.68,1
10088,20028,图书,view,1750299292,40.43,2
10321,20001,图书,cart,1750216209,98.4,1
10011,20112,运动户外,view,1750365886,1033.86,1
10423,20177,家电,cart,1750327675,3972.69,1
10072,20064,运动户外,view,1750240471,597.14,2
10075,20107,美妆,buy,1750329822,655.81,2
10345,20019,家电,view,1750219682,2576.97,1
10200,20179,家电,view,1750265391,3596.34,3
10009,20036,美妆,buy,1750282695,643.89,1
10351,20071,美妆,view,1750344041,455.96,2
10225,20026,图书,buy,1750355062,79.79,2
10175,20174,家电,view,1750228604,1971.19,2
10275,20122,数码配件,buy,1750273629,306.46,2
10038,20133,图书,view,1750297689,117.3,3
10059,20187,数码配件,view,1750337726,255.39,1
10065,20044,家电,view,1750233424,1772.18,2
10320,20171,美妆,cart,1750377486,576.74,1
10434,20082,运动户外,cart,1750239592,729.08,1
10123,20145,美妆,view,1750260709,116.57,3
10163,20119,家电,view,1750238706,3662.64,2
10407,20064,运动户外,view,1750275742,608.66,3
10410,20024,手机,cart,1750215399,4383.86,2
10385,20026,美妆,buy,1750300897,335.45,1
10158,20134,手机,view,1750337088,4888.87,1
10056,20171,手机,buy,1750240414,4751.08,3
10077,20105,家电,view,1750214725,3412.4,2
10193,20156,美妆,view,1750358852,545.5,2
10284,20043,家电,cart,1750240145,4728.24,2
10014,20106,运动户外,view,1750252657,994.59,1
10011,20035,数码配件,view,1750261691,364.65,1
10100,20146,美妆,buy,1750239715,419.76,3
10155,20005,运动户外,view,1750314436,415.95,3
10339,20152,数码配件,view,1750295164,421.19,1
10124,20158,手机,view,1750333176,4896.78,2
10358,20008,家电,view,1750369434,1774.84,3
10279,20164,图书,buy,1750305821,110.6,3
10404,20154,美妆,cart,1750294785,779.88,1
10393,20012,运动户外,view,1750329686,1102.6,1
10109,20040,手机,buy,1750205927,4780.48,3
10333,20127,数码配件,view,1750323597,79.47,1
10356,20065,手机,view,1750299526,5841.72,1
10145,20084,运动户外,view,1750327240,1041.3,2
10215,20023,家电,view,1750329668,1520.72,1
10397,20043,图书,buy,1750340379,116.47,2
10161,20105,手机,cart,1750323778,6835.97,3
10127,20097,图书,view,1750211825,127.83,3
10313,20059,家电,view,1750204867,3864.73,3
10331,20008,手机,view,1750351803,3864.11,3
10149,20129,美妆,view,1750236581,709.99,3
10453,20055,数码配件,cart,1750295808,488.97,1
10035,20157,家电,view,1750289564,3572.72,3
10172,20021,运动户外,cart,1750259772,331.4,1
10419,20080,图书,cart,1750368335,137.9,3
10021,20099,美妆,view,1750325450,345.55,2
10205,20012,运动户外,cart,1750248669,229.56,1
10126,20070,手机,cart,1750345945,5753.99,1
10335,20015,运动户外,cart,1750278989,1085.99,1
10444,20044,运动户外,view,1750278115,369.3,1
10355,20064,家电,buy,1750339341,1188.32,3
10439,20138,数码配件,view,1750339980,342.33,3
10216,20069,运动户外,view,1750293426,882.77,1
10095,20147,数码配件,view,1750284402,388.88,2
10416,20098,手机,view,1750319550,7144.23,1
10428,20190,家电,view,1750307913,3488.1,1
10163,20100,运动户外,view,1750293697,629.25,1
10147,20104,数码配件,buy,1750240014,179.61,1
10017,20139,图书,cart,1750375534,139.45,3
10293,20189,图书,cart,1750216854,62.11,3
10194,20093,美妆,view,1750232599,380.96,2
10150,20041,运动户外,view,1750282366,393.38,3
10479,20082,家电,cart,1750232749,4617.01,2
10364,20196,美妆,cart,1750272016,364.36,1
10122,20185,运动户外,view,1750314760,878.78,3
10399,20132,数码配件,cart,1750299146,439.2,3
10186,20104,图书,view,1750227355,100.68,1
10452,20154,运动户外,view,1750324791,1137.24,3
10451,20027,家电,buy,1750228824,2158.79,3
10148,20025,运动户外,view,1750322769,853.12,3
10103,20115,数码配件,cart,1750328717,147.48,1
10242,20048,手机,buy,1750260574,4393.7,1
10461,20148,运动户外,cart,1750361466,556.37,3
10230,20000,家电,buy,1750269509,2034.72,2
10478,20091,数码配件,view,1750281536,248.18,1
10205,20057,运动户外,view,1750295124,400.91,1
10197,20078,数码配件,cart,1750356818,217.97,1
10395,20182,运动户外,cart,1750241385,1102.77,1
10399,20080,家电,view,1750246490,4794.2,2
10336,20025,家电,buy,1750235683,4105.26,1
10492,20152,图书,view,1750253189,82.89,1
10086,20076,家电,cart,1750349652,1019.44,2
10141,20160,运动户外,view,1750296268,1062.52,3
10316,20071,手机,view,1750284736,3709.31,1
10198,20068,图书,cart,1750206610,69.49,3
10045,20005,数码配件,cart,1750292262,434.33,2
10287,20022,数码配件,view,1750216905,344.01,3
10014,20157,家电,view,1750275229,4607.5,1
10043,20053,家电,cart,1750376304,2622.65,1
10400,20086,家电,view,1750345336,2292.71,2
10168,20010,数码配件,cart,1750321141,320.93,3
10309,20158,运动户外,cart,1750335435,227.61,1
10494,20133,运动户外,view,1750303714,698.72,1
10043,20010,图书,cart,1750321490,52.18,1
10097,20076,手机,cart,1750225599,6666.28,3
10260,20011,美妆,view,1750279173,316.21,1
10108,20193,运动户外,view,1750371767,282.45,2
10282,20052,家电,view,1750319268,3810.14,1
10371,20098,手机,buy,1750333196,7460.18,2
10342,20035,手机,cart,1750303013,4274.83,3
10103,20144,运动户外,view,1750280944,723.52,3
10255,20027,美妆,view,1750249453,146.95,2
10378,20149,数码配件,view,1750221451,155.24,2
10205,20101,手机,cart,1750336021,6021.81,2
10334,20006,家电,view,1750354734,3835.21,1
10042,20014,手机,view,1750262157,3681.76,3
10352,20138,数码配件,cart,1750246537,285.87,1
10244,20023,图书,view,1750325655,23.1,3
10286,20194,手机,view,1750206561,7849.2,2
10354,20029,美妆,view,1750296840,458.02,2
10272,20197,运动户外,buy,1750300057,682.98,3
10475,20065,图书,view,1750375168,143.58,3
10082,20060,运动户外,view,1750314294,496.7,3
10109,20077,数码配件,cart,1750230681,309.53,2
10437,20040,美妆,cart,1750320188,317.08,3
10189,20081,运动户外,view,1750322796,986.91,2
10470,20050,图书,cart,1750305690,113.54,2
10287,20171,图书,view,1750352161,71.23,2
10423,20094,家电,view,1750294459,3684.86,3
10396,20012,家电,view,1750288857,2243.4,1
10250,20089,手机,view,1750355067,3310.12,3
10211,20139,数码配件,view,1750360326,288.15,3
10290,20081,数码配件,view,1750299327,114.62,2
10132,20008,美妆,view,1750317816,216.63,1
10200,20047,美妆,view,1750215441,353.27,2
10284,20048,数码配件,view,1750327329,422.09,3
10325,20052,家电,view,1750277054,2727.18,1
10408,20183,手机,view,1750284829,5394.76,2
10094,20039,运动户外,view,1750247326,237.42,1
10277,20106,图书,view,1750347402,45.22,3
10449,20023,家电,buy,1750267469,4283.04,1
10428,20199,手机,cart,1750234170,3542.47,3
10324,20107,图书,view,1750270753,72.06,3
10218,20032,数码配件,view,1750288629,285.38,2
10088,20022,家电,view,1750354094,2421.92,2
10071,20076,手机,view,1750312821,4382.4,3
10246,20053,运动户外,buy,1750341975,546.44,1
10128,20052,图书,view,1750354712,78.9,3
10211,20048,家电,view,1750228128,2825.11,3
10427,20077,家电,view,1750316005,4875.52,3
10342,20079,运动户外,buy,1750258102,447.44,3
10095,20176,美妆,cart,1750345623,348.78,2
10074,20101,美妆,view,1750344754,424.78,1
10422,20121,图书,buy,1750216835,,3
10494,20187,手机,view,1750233856,6749.86,3
10053,20102,运动户外,view,1750362809,1060.71,2
10343,20089,美妆,view,1750248871,592.58,3
10458,20089,家电,view,1750345487,4541.3,2
10412,20192,家电,view,1750235450,4440.02,2
10053,20159,数码配件,view,1750352803,245.35,3
10217,20120,数码配件,cart,1750205828,71.88,1
10015,20148,美妆,buy,1750334417,671.72,1
10098,20145,数码配件,cart,1750367368,355.85,2
10019,20059,美妆,cart,1750207166,704.71,1
10045,20121,数码配件,buy,1750231239,254.39,1
10450,20140,手机,cart,1750371770,7008.26,1
10192,20151,数码配件,view,1750297033,173.31,3
10382,20029,运动户外,view,1750275752,504.75,2
10057,20129,美妆,view,1750307216,124.96,2
10436,20082,运动户外,view,1750266619,832.17,3
10110,20110,家电,buy,1750341619,2411.23,1
10128,20107,图书,view,1750238413,37.09,2
10336,20110,家电,view,1750277286,1365.37,1
10193,20024,家电,view,1750286947,2978.06,3
10412,20049,数码配件,cart,1750276536,79.5,1
10339,20013,手机,view,1750282794,4415.41,1
10325,20133,图书,view,1750208596,56.4,3
10007,20075,数码配件,view,1750253059,440.2,3
10028,20083,手机,cart,1750352912,6198.26,3
10111,20086,运动户外,view,1750205824,465.0,2
10434,20157,家电,view,1750207952,4629.19,2
10160,20029,运动户外,view,1750266563,757.26,3
10130,20165,图书,cart,1750238673,51.4,2
10187,20057,运动户外,view,1750319138,420.61,2
10162,20093,图书,view,1750319506,,1
10196,20040,运动户外,view,1750293287,1147.01,2
10474,20093,图书,view,1750327523,33.88,1
10363,20056,家电,buy,1750232522,2625.15,2
10203,20163,美妆,view,1750356083,252.01,3
10211,20063,家电,view,1750218170,1716.93,1
10108,20097,手机,view,1750230548,7668.69,1
10275,20015,图书,cart,1750270220,48.94,3
10072,20087,手机,view,1750346251,5362.75,3
10166,20077,美妆,cart,1750280303,452.97,2
10259,20089,运动户外,view,1750352903,904.86,1
10242,20071,家电,view,1750216177,3414.69,1
10274,20013,运动户外,buy,1750233542,888.66,1
10101,20030,运动户外,view,1750299861,442.42,2
10474,20065,运动户外,view,1750280251,287.53,1
10172,20111,手机,cart,1750253813,3447.86,1
10170,20067,手机,cart,1750376096,6530.99,3
10140,20192,美妆,view,1750205810,162.19,3
10396,20054,图书,cart,1750270646,44.65,1
10187,20122,运动户外,view,1750246839,450.98,3
10440,20167,数码配件,cart,1750229154,,2
10085,20152,家电,view,1750206754,4040.59,3
10475,20024,手机,view,1750320519,3751.23,2
10051,20130,美妆,view,1750325862,323.4,3
10110,20068,手机,cart,1750321726,5536.35,3
10436,20101,图书,view,1750362501,33.84,1
10364,20117,家电,view,1750215152,2488.53,1
10341,20025,手机,view,1750315685,7497.56,1
10042,20039,美妆,buy,1750315982,339.47,3
10210,20037,运动户外,buy,1750279166,,2
10455,20165,图书,view,1750248236,35.68,3
10499,20195,美妆,view,1750212090,423.76,1
10199,20006,图书,view,1750261579,74.75,1
10297,20157,家电,cart,1750297522,4280.18,3
10345,20119,美妆,view,1750279523,704.7,1
10239,20146,图书,view,1750257411,73.41,2
10114,20034,手机,view,1750287003,5475.4,1
10025,20160,数码配件,view,1750335792,404.42,2
10406,20160,数码配件,view,1750353257,211.54,2
10298,20077,数码配件,view,1750208104,405.08,1
10076,20037,美妆,buy,1750264743,742.86,3
10411,20137,家电,view,1750252598,2259.11,3
10136,20184,运动户外,cart,1750371897,715.84,1
10019,20027,手机,view,1750238323,3798.78,2
10439,20099,手机,cart,1750330617,4692.56,3
10210,20037,美妆,view,1750323592,604.24,3
10239,20143,家电,view,1750216615,2586.0,2
10038,20123,手机,view,1750285248,7678.57,1
10434,20148,手机,view,1750216921,7231.27,3
10267,20091,手机,view,1750251707,5433.45,3
10206,20096,数码配件,view,1750257311,57.26,2
10478,20005,美妆,cart,1750254657,317.98,3
10438,20168,家电,view,1750213434,3551.85,1
10461,20126,美妆,buy,1750284914,566.93,3
10266,20014,运动户外,cart,1750211504,756.99,2
10153,20107,运动户外,view,1750290893,867.61,1
10041,20130,数码配件,view,1750345963,295.6,1
10410,20042,美妆,buy,1750335564,305.84,2
10010,20046,运动户外,view,1750319698,224.05,3
10293,20098,家电,view,1750307595,2596.95,2
10097,20013,数码配件,view,1750317896,302.9,3
10426,20193,手机,view,1750285880,5825.34,1
10274,20156,数码配件,view,1750298118,121.45,3
10447,20131,手机,view,1750252187,4676.95,2
10389,20153,美妆,view,1750253129,499.6,2
10429,20114,运动户外,view,1750260037,1050.28,1
10371,20139,图书,view,1750332684,125.9,1
10229,20001,美妆,buy,1750313031,602.49,3
10368,20144,美妆,view,1750219179,215.95,3
10425,20034,美妆,view,1750267967,223.79,2
10219,20009,美妆,view,1750317632,714.46,2
10064,20111,运动户外,view,1750282987,553.44,3
10354,20170,美妆,cart,1750217434,160.85,2
10231,20020,数码配件,view,1750348690,275.97,2
10327,20014,美妆,cart,1750328237,586.78,3
10442,20162,家电,view,1750271599,2002.32,1
10051,20111,家电,view,1750375196,4185.26,3
10373,20125,数码配件,view,1750316799,284.06,3
10430,20084,美妆,view,1750264974,660.0,3
10375,20084,图书,view,1750346418,130.51,1
10262,20187,美妆,view,1750347527,708.18,1
10266,20171,数码配件,view,1750254768,227.77,2
10358,20004,运动户外,view,1750240247,268.12,3
10316,20116,家电,view,1750269733,2975.34,3
10323,20145,数码配件,view,1750246153,51.06,1
10408,20148,手机,view,1750336179,,2
10395,20071,家电,view,1750267835,3508.73,3
10153,20073,手机,view,1750255878,4081.25,1
10357,20050,运动户外,view,1750222250,885.73,2
10365,20168,手机,view,1750248830,3887.17,2
10139,20023,手机,view,1750360724,3610.97,2
10426,20151,运动户外,view,1750252754,1033.74,3
10050,20037,图书,view,1750268995,136.68,1
10116,20043,美妆,cart,1750288738,440.17,2
10420,20184,数码配件,view,1750206295,56.18,3
10045,20186,手机,view,1750225557,6194.27,2
10308,20161,运动户外,cart,1750260522,1042.9,1
10087,20074,图书,cart,1750272217,88.85,1
10207,20094,数码配件,buy,1750302505,266.43,1
10376,20022,图书,view,1750318927,84.07,3
10268,20123,手机,view,1750220157,7881.84,3
10088,20085,美妆,view,1750331319,107.56,1
10380,20042,数码配件,buy,1750271519,457.75,1
10117,20039,手机,view,1750341029,6283.94,1
10053,20046,数码配件,buy,1750369190,140.95,3
10440,20168,数码配件,view,1750258512,130.42,1
10115,20174,手机,view,1750211355,6406.32,2
10117,20019,数码配件,cart,1750274346,146.61,3
10259,20108,手机,view,1750296629,3694.16,1
10074,20192,美妆,view,1750243480,212.12,3
10479,20067,手机,cart,1750234082,3441.29,1
10304,20023,运动户外,view,1750280856,546.32,1
10006,20035,数码配件,buy,1750248700,385.3,2
10365,20044,运动户外,view,1750226673,301.51,2
10121,20129,运动户外,view,1750318310,312.94,2
10010,20027,美妆,view,1750361510,615.8,1
10347,20153,家电,view,1750337759,2332.37,2
10437,20022,图书,cart,1750266105,76.2,1
10488,20163,家电,view,1750283146,3459.17,1
10214,20090,运动户外,view,1750293406,1131.07,1
10428,20133,美妆,cart,1750207926,298.04,2
10278,20162,家电,view,1750224266,3087.62,1
10497,20102,美妆,view,1750288615,413.15,1
10027,20037,数码配件,view,1750348388,193.96,2
10234,20162,运动户外,buy,1750265796,646.58,2
10366,20093,数码配件,view,1750333810,253.44,1
10312,20052,美妆,view,1750264364,,1
10025,20037,美妆,view,1750281900,290.82,1
10408,20186,图书,buy,1750290697,50.2,3
10053,20042,手机,view,1750320632,7513.85,1
10028,20102,运动户外,view,1750268337,1181.9,3
10466,20113,家电,view,1750235681,3258.83,3
10352,20003,数码配件,buy,1750299435,108.7,1
10163,20004,手机,cart,1750255466,3316.05,2
10269,20067,手机,view,1750305293,3977.23,3
10333,20122,手机,view,1750215165,6089.75,2
10034,20172,手机,view,1750287322,3207.29,1
10285,20079,手机,view,1750276408,6190.18,2
10347,20152,手机,cart,1750307790,5304.44,2
10272,20010,数码配件,view,1750320125,415.4,3
10450,20156,运动户外,buy,1750255981,756.15,3
10207,20161,美妆,view,1750271546,725.96,1
10237,20141,运动户外,cart,1750285515,804.16,3
10413,20119,图书,view,1750269406,30.43,3
10499,20151,美妆,view,1750237383,504.28,1
10092,20186,图书,cart,1750311459,63.58,2
10172,20166,美妆,view,1750223471,407.28,3
10078,20025,图书,view,1750212398,93.38,1
10109,20170,运动户外,view,1750229587,353.28,2
10216,20035,运动户外,view,1750331460,275.1,2
10434,20166,手机,view,1750258706,3762.85,3
10357,20188,手机,view,1750265093,7925.88,2
10105,20143,运动户外,view,1750325503,362.16,3
10046,20121,家电,view,1750243798,1758.39,1
10180,20058,数码配件,buy,1750373707,336.25,3
10063,20095,家电,view,1750350454,3096.54,2
10245,20005,家电,view,1750250583,3008.13,2
10243,20097,家电,view,1750254653,4505.63,1
10421,20055,美妆,cart,1750369168,590.41,1
10319,20135,家电,cart,1750365338,2019.74,1
10086,20093,数码配件,view,1750256035,349.69,3
10216,20026,数码配件,cart,1750305495,188.75,2
10489,20198,数码配件,view,1750324052,110.89,1
10006,20154,数码配件,view,1750307796,193.59,3
10277,20119,图书,view,1750225100,51.17,3
10336,20173,美妆,view,1750311036,563.06,1
10209,20168,家电,view,1750263978,2333.96,1
10496,20024,图书,cart,1750370152,142.08,1
10168,20085,手机,cart,1750255769,5055.06,1
10329,20145,图书,cart,1750239715,35.17,1
10137,20011,图书,view,1750294812,,1
10440,20086,运动户外,view,1750343258,371.33,3
10390,20178,运动户外,view,1750300335,417.15,2
10495,20108,手机,view,1750299976,4331.72,3
10380,20166,手机,cart,1750285142,7420.14,1
10305,20088,图书,cart,1750226833,141.42,1
10229,20009,手机,view,1750355759,4325.69,2
10474,20073,图书,buy,1750372977,63.22,2
10307,20076,家电,cart,1750350083,1324.21,3
10160,20053,美妆,view,1750283510,699.41,2
10000,20156,家电,view,1750224354,4596.93,1
10235,20101,数码配件,view,1750311720,490.42,2
10436,20168,运动户外,view,1750270775,373.64,3
10187,20136,运动户外,view,1750336162,786.64,2
10417,20190,家电,view,1750289527,3913.76,1
10003,20164,美妆,buy,1750334782,532.82,2
10400,20141,美妆,view,1750267679,182.78,1
10131,20100,手机,view,1750273243,7047.61,2
10426,20072,美妆,view,1750277665,470.32,2
10217,20071,数码配件,view,1750266301,359.31,1
10259,20166,图书,buy,1750350999,125.66,1
10000,20167,图书,view,1750224780,45.55,1
10070,20053,美妆,view,1750310837,198.22,2
10477,20002,家电,cart,1750305444,3140.29,1
10177,20182,图书,view,1750371442,26.17,1
10456,20110,图书,view,1750315088,21.72,3
10188,20160,美妆,view,1750211742,179.96,2
10290,20095,数码配件,view,1750321683,159.06,2
10007,20070,数码配件,view,1750221540,415.42,3
10252,20018,运动户外,view,1750214492,900.05,2
10407,20033,图书,view,1750274598,30.08,2
10466,20049,手机,view,1750232975,3044.94,1
10291,20174,图书,view,1750254872,114.53,1
10433,20045,运动户外,view,1750218615,1109.77,1
10243,20183,运动户外,view,1750367587,,3
10122,20184,运动户外,cart,1750338870,1162.24,1
10298,20082,美妆,view,1750220549,747.85,3
10282,20050,运动户外,cart,1750366568,464.27,3
10031,20053,图书,view,1750325935,24.77,3
10333,20089,运动户外,cart,1750371694,817.89,2
10376,20080,数码配件,cart,1750220962,123.77,3
10145,20117,手机,view,1750275496,4391.32,1
10155,20155,图书,view,1750263215,103.41,2
10412,20018,家电,view,1750315723,4375.76,1
10015,20026,美妆,buy,1750249274,505.17,3
10354,20175,美妆,buy,1750361817,325.44,3
10046,20146,数码配件,view,1750328148,488.88,3
10250,20178,运动户外,view,1750333192,953.52,3
10186,20006,数码配件,view,1750212327,316.87,2
10030,20156,图书,view,1750362300,94.72,3
10259,20170,数码配件,cart,1750321081,144.04,2
10420,20068,手机,view,1750230937,6599.45,1
10016,20093,图书,view,1750345174,98.68,1
10038,20112,图书,view,1750265063,56.5,3
10303,20106,手机,buy,1750318478,4705.0,3
10429,20119,手机,cart,1750349382,5653.69,3
10473,20185,运动户外,view,1750316351,1163.83,3
10431,20135,手机,cart,1750298444,5095.72,2
10038,20169,美妆,view,1750209280,742.07,2
10488,20041,图书,cart,1750227625,123.64,1
10131,20012,手机,view,1750248104,3647.65,3
10029,20153,家电,view,1750279697,4353.84,1
10157,20017,数码配件,view,1750277524,403.27,2
10277,20041,数码配件,view,1750363801,275.77,3
10202,20050,家电,view,1750292976,2494.0,1
10065,20112,图书,view,1750323592,81.18,3
10107,20143,数码配件,view,1750314207,420.33,3
10267,20100,图书,cart,1750263391,61.96,2
10221,20002,图书,view,1750297237,117.43,3
10291,20078,美妆,view,1750249504,153.23,2
10017,20097,美妆,view,1750324852,303.31,3
10089,20172,美妆,view,1750289897,561.77,1
10180,20149,家电,cart,1750371139,3355.95,1
10254,20022,数码配件,view,1750317025,358.54,2
10454,20058,家电,view,1750334915,3496.69,2
10252,20189,美妆,cart,1750352580,765.15,3
10256,20112,手机,view,1750340330,7099.66,2
10382,20067,图书,view,1750351671,20.12,2
10441,20053,手机,view,1750238591,6572.49,2
10345,20056,家电,view,1750327951,3959.18,2
10086,20150,家电,cart,1750222937,3173.43,3
10089,20110,家电,view,1750331172,3433.09,2
10236,20059,美妆,view,1750279332,212.72,2
10389,20072,手机,view,1750248729,6615.08,1
10069,20054,图书,view,1750210677,66.04,2
10043,20116,家电,view,1750224783,4540.58,1
10199,20062,数码配件,view,1750254307,286.51,2
10151,20183,家电,view,1750296374,3602.83,3
10085,20054,家电,view,1750215565,3766.17,2
10018,20024,手机,cart,1750330881,6064.86,1
10100,20025,运动户外,view,1750265461,445.21,1
10401,20176,数码配件,cart,1750227563,181.34,3
10094,20062,美妆,view,1750317491,393.75,1
10253,20172,美妆,view,1750363368,111.13,1
10356,20072,手机,view,1750346433,7552.97,1
10029,20078,美妆,view,1750213035,735.95,3
10248,20166,家电,buy,1750313116,2942.09,2
10425,20064,运动户外,cart,1750313861,654.92,2
10032,20068,运动户外,view,1750283127,557.08,2
10457,20183,数码配件,cart,1750336989,143.61,1
10228,20008,数码配件,view,1750270367,437.39,1
10011,20197,图书,cart,1750233079,113.85,1
10117,20155,家电,view,1750287410,1817.28,2
10349,20172,家电,view,1750366875,1197.27,3
10154,20025,家电,view,1750375927,1997.96,1
10422,20027,家电,view,1750223106,3980.83,2
10392,20039,美妆,view,1750212268,335.45,2
10245,20142,手机,view,1750318089,4252.0,1
10404,20133,运动户外,view,1750232619,640.02,2
10331,20026,美妆,buy,1750282644,622.45,2
10246,20037,数码配件,view,1750314917,120.73,2
10028,20195,数码配件,buy,1750271640,380.64,3
10160,20084,家电,view,1750356554,4515.0,2
10234,20063,家电,view,1750218871,3332.53,2
10189,20029,数码配件,view,1750249069,265.09,2
10116,20098,家电,view,1750299492,1630.73,3
10270,20130,数码配件,view,1750234070,257.94,1
10257,20189,图书,view,1750343925,89.81,3
10179,20011,数码配件,cart,1750359325,316.28,2
10486,20090,数码配件,view,1750292307,87.15,3
10372,20029,数码配件,view,1750357886,368.09,2
10171,20037,图书,cart,1750281662,71.17,2
10437,20084,运动户外,view,1750267257,521.43,3
10273,20059,手机,view,1750301898,3362.75,1
10258,20037,图书,cart,1750342771,147.18,2
10134,20103,运动户外,view,1750334223,530.23,1
10170,20142,手机,view,1750332744,5349.63,3
10209,20145,美妆,view,1750283773,131.54,2
10235,20179,运动户外,buy,1750366297,948.61,3
10421,20028,家电,view,1750373012,1573.01,2
10420,20111,手机,cart,1750212103,7537.93,1
10185,20187,美妆,view,1750331561,153.7,3
10416,20020,手机,cart,1750275539,5476.44,3
10363,20144,运动户外,view,1750313224,448.19,1
10442,20145,家电,view,1750332549,1050.31,3
10094,20184,数码配件,view,1750227816,358.35,2
10377,20118,图书,view,1750251327,62.07,2
10010,20164,图书,view,1750336615,43.29,3
10067,20059,美妆,cart,1750352006,708.44,2
10378,20165,运动户外,view,1750228474,702.12,2
10209,20139,美妆,view,1750307366,735.09,3
10195,20112,数码配件,view,1750327508,211.36,1
10368,20128,美妆,view,1750313956,685.1,1
10097,20057,运动户外,view,1750283840,1185.76,1
10092,20002,数码配件,view,1750267448,470.4,2
10471,20190,图书,view,1750353874,21.84,2
10021,20148,图书,view,1750223609,73.73,1
10449,20022,家电,view,1750254051,2661.3,1
10171,20136,家电,view,1750224366,2485.8,3
10382,20082,家电,view,1750222462,3427.97,3
10133,20054,家电,view,1750317431,1581.3,3
10425,20109,运动户外,cart,1750351087,1091.98,3
10024,20115,运动户外,view,1750342581,753.45,2
10184,20146,数码配件,cart,1750363794,278.36,2
10084,20061,美妆,view,1750263642,500.16,1
10054,20086,图书,view,1750272923,101.51,3
10250,20166,家电,view,1750252825,4500.21,1
10143,20099,图书,cart,1750315413,115.13,2
10350,20026,家电,view,1750239964,4765.17,2
10397,20173,图书,view,1750207416,139.17,1
10166,20033,运动户外,view,1750363643,1173.03,1
10411,20032,数码配件,cart,1750268688,438.02,2
10223,20091,美妆,view,1750299911,685.8,3
10219,20095,图书,view,1750314916,70.48,1
10178,20177,家电,view,1750296104,2652.91,2
10118,20147,运动户外,view,1750333337,936.91,2
10432,20167,图书,view,1750248368,115.08,3
10264,20094,数码配件,view,1750282910,79.2,1
10441,20185,美妆,view,1750246571,698.6,2
10428,20158,家电,view,1750285681,4009.59,3
10149,20037,家电,cart,1750304660,2218.42,1
10415,20172,美妆,cart,1750264901,189.13,2
10452,20040,运动户外,view,1750244448,756.79,1
10214,20136,家电,cart,1750317329,3160.17,3
10196,20136,美妆,cart,1750313086,330.66,1
10041,20190,美妆,view,1750375046,334.39,3
10052,20078,手机,cart,1750247681,3469.44,3
10479,20127,手机,view,1750212669,6975.84,1
10442,20021,美妆,view,1750264709,369.46,2
10329,20015,美妆,cart,1750330671,531.67,1
10250,20031,数码配件,view,1750313365,160.82,2
10294,20193,数码配件,view,1750255261,201.33,1
10377,20141,美妆,view,1750250159,134.47,3
10270,20037,美妆,view,1750212891,791.52,1
10454,20097,运动户外,view,1750256687,545.04,3
10412,20135,美妆,view,1750270580,240.61,3
10122,20020,图书,view,1750291313,109.61,2
10366,20055,运动户外,cart,1750294532,782.05,1
10386,20045,美妆,view,1750336219,358.41,2
10338,20042,数码配件,view,1750237778,405.36,3
10265,20119,运动户外,view,1750368007,484.04,2
10347,20045,数码配件,view,1750246736,275.22,3
10028,20047,数码配件,buy,1750336602,157.08,1
10462,20197,手机,buy,1750236468,3369.19,2
10034,20083,数码配件,view,1750275119,273.49,3
10005,20030,手机,view,1750311809,6629.41,2
10395,20160,运动户外,view,1750338006,546.38,1
10110,20171,家电,cart,1750306178,4219.83,1
10293,20070,数码配件,view,1750352532,345.45,3
10076,20007,手机,cart,1750352314,7784.95,2
10348,20129,数码配件,cart,1750282526,311.18,1
10146,20144,美妆,cart,1750288644,670.08,2
10066,20051,运动户外,cart,1750308369,1186.75,1
10391,20044,美妆,cart,1750345323,742.99,2
10007,20036,图书,view,1750213703,22.14,3
10121,20169,数码配件,cart,1750360602,363.85,2
10339,20043,美妆,view,1750253954,410.52,1
10174,20116,家电,view,1750300376,3604.69,3
10387,20037,家电,view,1750235476,1061.06,3
10178,20098,图书,view,1750212845,102.83,2
10084,20123,运动户外,view,1750265025,975.0,2
10450,20005,手机,cart,1750215702,5463.61,2
10044,20067,家电,view,1750263387,1559.42,3
10135,20178,美妆,view,1750231066,757.87,1
10342,20100,家电,view,1750366753,4651.83,2
10015,20162,运动户外,cart,1750262429,628.61,2
10332,20185,家电,buy,1750321139,1797.36,1
10194,20184,图书,cart,1750303191,85.43,2
10495,20133,运动户外,view,1750231182,660.0,3
10008,20012,美妆,view,1750290252,343.25,2
10315,20186,图书,cart,1750359190,130.05,2
10333,20029,运动户外,view,1750307322,517.65,2
10332,20099,家电,view,1750270665,1303.58,3
10326,20001,数码配件,view,1750294379,475.82,2
10014,20057,运动户外,cart,1750334601,853.8,3
10326,20035,家电,cart,1750297543,1200.31,3
10101,20071,数码配件,view,1750246960,106.03,2
10225,20172,家电,buy,1750359411,1546.39,1
10424,20136,运动户外,cart,1750287699,619.57,2
10277,20125,运动户外,cart,1750213363,1094.59,3
10407,20192,图书,view,1750228556,59.76,2
10112,20076,运动户外,view,1750327180,515.48,3
10484,20049,手机,view,1750356819,3351.7,3
10427,20031,手机,buy,1750322960,7626.08,1
10000,20097,数码配件,view,1750307688,194.1,2
10265,20042,美妆,view,1750334861,316.32,2
10490,20124,家电,cart,1750265611,4012.95,3
10207,20094,美妆,buy,1750277228,488.13,1
10109,20077,家电,view,1750355595,3124.52,2
10199,20053,运动户外,view,1750233428,419.04,1
10439,20046,手机,view,1750346767,3629.26,3
10368,20013,图书,view,1750298768,112.26,3
10472,20175,手机,view,1750357610,7832.38,3
10305,20054,手机,view,1750283503,4766.86,3
10011,20156,手机,view,1750356165,3830.26,2
10344,20174,手机,cart,1750322366,4567.57,3
10464,20062,数码配件,cart,1750264639,315.33,1
10187,20018,家电,view,1750314569,,2
10153,20090,运动户外,cart,1750370673,236.27,2
10493,20136,家电,cart,1750288733,3094.35,1
10367,20100,家电,cart,1750209176,4325.79,3
10333,20036,家电,view,1750328108,4272.42,3
10424,20106,家电,view,1750375842,2147.08,1
10419,20091,手机,view,1750311615,5552.67,1
10376,20051,家电,view,1750258415,3273.9,3
10278,20184,数码配件,cart,1750207034,418.53,1
10170,20027,运动户外,cart,1750248537,442.36,1
10133,20035,运动户外,view,1750351401,1133.4,1
10494,20115,数码配件,view,1750232440,150.11,1
10452,20063,运动户外,view,1750319544,256.48,2
10426,20017,运动户外,cart,1750360229,693.29,1
10024,20088,美妆,cart,1750351255,668.96,3
10017,20162,数码配件,view,1750264482,65.02,1
10189,20195,家电,view,1750321168,4930.26,2
10140,20077,运动户外,view,1750368442,557.52,1
10042,20166,家电,view,1750314283,1051.76,1
10333,20089,运动户外,view,1750233836,729.86,3
10283,20007,美妆,view,1750328571,631.74,3
10145,20014,家电,view,1750326784,2366.41,1
10314,20006,家电,buy,1750313381,2127.22,2
10443,20016,图书,view,1750285848,32.32,2
10318,20085,家电,view,1750297977,4062.07,2
10440,20117,美妆,view,1750340645,664.73,3
10091,20063,家电,buy,1750314706,2292.56,3
10178,20011,数码配件,view,1750234291,71.84,3
10055,20055,图书,buy,1750231807,119.05,1
10154,20173,图书,cart,1750270245,81.92,1
10159,20174,数码配件,cart,1750325372,83.56,2
10110,20100,图书,cart,1750214519,84.28,3
10136,20015,图书,view,1750344275,73.78,1
10231,20196,数码配件,view,1750259724,276.8,1
10479,20001,数码配件,view,1750220668,245.26,1
10467,20127,运动户外,view,1750218332,1153.07,1
10219,20091,美妆,view,1750295004,621.88,2
10480,20104,家电,view,1750346483,4416.44,3
10067,20181,家电,view,1750299057,3494.67,1
10301,20154,图书,cart,1750293667,78.77,1
10248,20030,图书,cart,1750328141,133.59,3
10481,20168,美妆,view,1750347384,234.66,1
10495,20163,美妆,view,1750275406,216.33,3
10322,20046,美妆,cart,1750228045,201.74,2
10409,20042,手机,view,1750306953,6737.21,1
10391,20064,美妆,buy,1750370458,457.87,2
10005,20049,数码配件,buy,1750270581,481.36,2
10463,20000,运动户外,cart,1750261318,379.86,3
10279,20199,运动户外,view,1750295119,884.53,3
10431,20184,图书,view,1750253406,118.47,2
10486,20143,数码配件,view,1750254400,495.89,1
10093,20121,数码配件,view,1750278336,375.76,1
10428,20027,美妆,buy,1750263237,753.21,1
10268,20085,数码配件,cart,1750307496,50.44,1
10196,20081,图书,view,1750229649,95.37,3
10024,20021,图书,view,1750221688,67.85,3
10147,20040,数码配件,view,1750343693,292.45,1
10117,20075,手机,view,1750265680,3018.0,2
10337,20146,运动户外,view,1750246353,403.03,3
10366,20088,家电,view,1750284167,1763.14,3
10337,20177,手机,view,1750348104,5233.89,2
10065,20058,图书,view,1750336853,75.46,3
10457,20068,美妆,view,1750255839,197.5,1
10300,20161,美妆,cart,1750314330,141.78,1
10369,20166,数码配件,view,1750305970,291.31,2
10174,20122,美妆,view,1750218048,406.78,3
10318,20073,美妆,view,1750345903,711.26,1
10075,20006,家电,view,1750299565,1679.99,3
10494,20100,运动户外,view,1750375473,797.98,3
10460,20110,图书,view,1750260759,141.28,2
10113,20179,家电,view,1750209111,1809.43,3
10110,20187,图书,view,1750246139,33.41,3
10248,20051,运动户外,buy,1750208543,352.25,1
10438,20023,家电,cart,1750364357,2620.9,1
10202,20025,数码配件,cart,1750335769,177.79,2
10146,20124,数码配件,view,1750267594,90.64,2
10034,20089,美妆,cart,1750213862,700.91,1
10486,20121,手机,view,1750230469,7753.75,2
10308,20009,运动户外,view,1750251703,575.35,1
10025,20016,数码配件,view,1750285023,426.69,1
10237,20001,图书,cart,1750291645,89.34,2
10013,20111,数码配件,buy,1750303985,434.09,1
10373,20026,家电,cart,1750232087,2407.98,3
10044,20070,手机,view,1750225718,5635.24,1
10427,20175,运动户外,cart,1750216271,974.14,3
10215,20117,美妆,cart,1750306896,227.86,1
10232,20008,图书,view,1750232037,22.29,2
10192,20085,图书,view,1750338785,63.62,3
10050,20022,数码配件,view,1750304345,420.27,1
10426,20198,图书,view,1750313960,145.37,2
10374,20072,美妆,view,1750288541,481.04,2
10213,20026,家电,cart,1750224763,1590.01,2
10150,20092,图书,view,1750276576,43.1,1
10439,20080,家电,cart,1750295644,3288.94,2
10274,20083,美妆,view,1750325626,684.82,1
10337,20198,手机,view,1750326449,3076.56,1
10075,20042,数码配件,view,1750268732,60.79,3
10438,20006,美妆,view,1750212777,342.24,2
10219,20091,运动户外,view,1750293881,452.58,1
10347,20082,家电,view,1750335771,4104.81,1
10443,20190,图书,view,1750298341,118.85,2
10186,20083,美妆,cart,1750349609,219.49,3
10288,20043,家电,view,1750251402,4033.75,1
10402,20166,手机,cart,1750348684,3899.51,1
10027,20039,图书,cart,1750338234,43.53,3
10378,20134,美妆,view,1750320271,177.46,2
10179,20197,数码配件,view,1750246198,487.49,2
10252,20024,数码配件,view,1750216724,200.37,2
10125,20058,手机,view,1750240417,4139.87,2
10176,20140,美妆,buy,1750362292,144.35,2
10036,20102,家电,view,1750249040,4273.34,2
10409,20085,手机,cart,1750270493,3841.93,3
10098,20111,运动户外,cart,1750267638,988.33,3
10097,20085,家电,view,1750217192,2126.86,3
10126,20097,家电,view,1750272142,2571.94,1
10482,20061,数码配件,view,1750352162,169.71,2
10167,20007,美妆,view,1750211694,233.75,3
10079,20112,运动户外,view,1750280161,1021.13,3
10293,20172,运动户外,view,1750359670,1029.49,3
10332,20145,手机,view,1750292015,7060.69,1
10125,20059,图书,buy,1750334712,86.45,3
10342,20059,手机,view,1750287363,3138.66,1
10309,20105,数码配件,view,1750332785,145.13,1
10149,20001,手机,view,1750271157,3259.93,2
10015,20193,图书,view,1750353697,109.81,1
10027,20090,美妆,view,1750270709,187.41,3
10495,20013,手机,view,1750298266,6550.13,2
10418,20047,数码配件,view,1750277424,276.86,3
10443,20102,运动户外,view,1750259354,1133.43,2
10172,20055,图书,cart,1750310931,97.85,2
10045,20011,手机,view,1750304007,4095.61,3
10327,20054,手机,cart,1750327998,7256.01,2
10235,20155,手机,view,1750347204,5791.64,1
10438,20109,家电,view,1750336152,3376.85,3
10213,20003,家电,view,1750344648,4430.35,3
10084,20035,数码配件,view,1750261408,52.14,3
10281,20177,家电,cart,1750209574,1467.87,1
10231,20130,运动户外,view,1750331455,908.55,2
10084,20000,图书,view,1750314569,139.34,3
10408,20016,图书,buy,1750261692,141.59,3
10488,20198,美妆,view,1750327976,237.41,3
10064,20061,手机,view,1750374544,3747.35,3
10133,20047,手机,view,1750305849,4220.52,2
10150,20061,家电,view,1750339841,4516.75,1
10114,20068,数码配件,view,1750368408,144.14,2
10063,20146,家电,view,1750308905,1542.6,1
10342,20102,数码配件,view,1750254137,491.76,1
10426,20109,数码配件,cart,1750266859,426.51,2
10362,20161,美妆,cart,1750271373,165.09,3
10406,20176,数码配件,view,1750324153,373.91,2
10351,20174,图书,cart,1750376295,46.22,2
10157,20090,运动户外,view,1750366269,960.85,1
10076,20113,数码配件,buy,1750222587,256.47,3
10490,20177,图书,view,1750292983,122.94,3
10145,20088,运动户外,buy,1750305711,433.01,1
10342,20153,手机,view,1750270550,6866.57,1
10462,20055,图书,view,1750310041,138.11,3
10224,20077,美妆,view,1750340823,745.76,3
10404,20013,手机,view,1750335062,3547.53,2
10312,20024,运动户外,view,1750261050,477.91,1
10102,20131,运动户外,cart,1750232082,1111.91,3
10406,20031,数码配件,view,1750323793,277.81,1
10346,20081,美妆,cart,1750355840,767.02,3
10300,20077,手机,view,1750252258,5531.5,1
10427,20192,运动户外,view,1750235920,963.2,1
10465,20105,图书,view,1750350534,63.14,3
10087,20188,运动户外,view,1750242912,1112.91,2
10370,20019,图书,cart,1750348773,110.25,1
10302,20073,数码配件,buy,1750358638,428.46,1
10167,20009,家电,cart,1750368323,4032.56,3
10434,20122,数码配件,view,1750247950,460.31,2
10169,20033,数码配件,buy,1750368514,312.12,2
10134,20188,手机,view,1750295940,4461.02,3
10049,20154,数码配件,cart,1750255472,444.05,2
10431,20039,美妆,view,1750277702,594.31,1
10339,20192,运动户外,cart,1750343634,403.2,2
10346,20126,图书,view,1750210514,146.22,2
10133,20032,手机,view,1750271765,6111.27,2
10346,20195,数码配件,cart,1750275836,431.33,3
10136,20070,图书,view,1750276032,27.68,1
10244,20136,运动户外,view,1750267306,245.14,1
10108,20143,手机,cart,1750215377,4561.74,2
10312,20132,数码配件,view,1750342177,312.94,3
10286,20097,家电,view,1750291357,3247.26,3
10020,20123,图书,view,1750274891,140.11,2
10089,20150,数码配件,cart,1750361878,309.08,1
10295,20042,图书,view,1750361184,130.85,2
10111,20113,美妆,view,1750370231,387.73,2
10300,20088,图书,view,1750338160,142.15,2
10076,20184,数码配件,cart,1750268602,473.01,3
10176,20178,运动户外,buy,1750289371,1110.26,1
10342,20012,数码配件,cart,1750374553,114.29,3
10147,20127,数码配件,view,1750334709,243.57,2
10100,20151,手机,view,1750309998,3975.2,1
10245,20138,美妆,view,1750263624,302.63,3
10116,20051,手机,view,1750246167,7815.06,2
10091,20016,运动户外,buy,1750281743,258.87,1
10400,20164,家电,buy,1750308830,2636.04,2
10027,20012,运动户外,view,1750204956,680.3,2
10424,20189,手机,buy,1750355704,7406.73,3
10449,20083,美妆,view,1750317515,171.81,1
10024,20096,美妆,buy,1750282297,106.49,1
10057,20105,美妆,view,1750364049,498.63,1
10497,20095,美妆,view,1750369708,458.2,1
10296,20007,运动户外,buy,1750309038,607.2,1
10133,20055,家电,cart,1750242505,2753.61,3
10330,20103,图书,view,1750308678,143.6,3
10248,20082,家电,view,1750285797,2274.27,2
10037,20197,图书,cart,1750314518,36.39,1
10389,20043,图书,view,1750339115,80.76,1
10428,20187,美妆,view,1750367422,242.92,1
10074,20102,运动户外,view,1750296791,307.5,1
10141,20111,美妆,cart,1750221752,375.01,1
10321,20168,图书,view,1750328339,101.1,1
10167,20148,手机,cart,1750219328,3773.64,3
10258,20041,运动户外,view,1750289465,635.43,2
10372,20156,美妆,view,1750371241,264.02,1
10354,20192,图书,view,1750234663,146.31,3
10224,20144,运动户外,buy,1750292602,477.54,1
10151,20029,美妆,view,1750318658,776.42,1
10018,20025,运动户外,view,1750350033,212.03,1
10145,20180,家电,buy,1750292075,3077.18,2
10447,20124,家电,view,1750321082,1894.31,3
10240,20018,美妆,view,1750291896,307.63,2
10371,20052,家电,view,1750212709,2261.21,2
10380,20084,手机,buy,1750300586,4738.9,2
10343,20016,手机,view,1750368088,7784.7,2
10236,20173,手机,view,1750274775,5658.01,2
10034,20103,手机,view,1750358594,3954.76,3
10189,20180,美妆,view,1750250238,403.81,2
10000,20104,数码配件,view,1750309439,117.71,1
10483,20103,图书,view,1750374710,24.55,1
10152,20191,图书,view,1750227709,28.18,2
10428,20172,数码配件,cart,1750300018,251.03,1
10432,20176,数码配件,view,1750270457,444.87,3
10125,20146,图书,view,1750250061,128.56,2
10490,20123,家电,view,1750292416,4473.21,3
10481,20198,美妆,view,1750333909,146.3,2
10344,20080,美妆,view,1750275275,238.15,2
10399,20192,手机,view,1750224970,6416.22,2
10225,20036,家电,buy,1750317923,4218.13,2
10220,20120,家电,view,1750273405,1564.55,2
10402,20069,手机,cart,1750205432,5550.29,1
10406,20153,图书,view,1750357592,34.06,3
10210,20129,运动户外,view,1750276226,758.37,1
10024,20058,数码配件,view,1750270616,485.35,1
10015,20117,运动户外,cart,1750349976,1148.4,3
10181,20132,美妆,cart,1750236096,613.29,1
10498,20036,运动户外,view,1750362472,687.53,1
10328,20030,手机,cart,1750209549,5605.98,2
10128,20098,数码配件,view,1750207924,316.75,2
10041,20093,美妆,buy,1750348063,455.51,1
10402,20175,图书,view,1750211396,48.16,2
10480,20005,手机,view,1750217441,6705.38,2
10417,20014,运动户外,buy,1750294263,910.2,3
10335,20142,数码配件,cart,1750359808,345.78,3
10235,20188,手机,view,1750266643,7807.15,1
10359,20015,手机,view,1750284350,5074.21,2
10438,20019,手机,cart,1750224483,7804.01,1
10401,20076,图书,buy,1750315431,145.16,2
10033,20043,家电,view,1750295689,1596.13,3
10344,20169,数码配件,cart,1750246400,228.44,1
10380,20045,运动户外,cart,1750338296,467.48,3
10044,20094,图书,view,1750288956,109.73,3
10133,20161,手机,cart,1750356509,4943.96,1
10020,20063,手机,view,1750272883,3395.17,3
10121,20156,运动户外,view,1750297586,1168.62,2
10069,20130,美妆,buy,1750314787,183.99,2
10351,20008,图书,view,1750339093,131.88,3
10360,20152,手机,view,1750355454,4427.05,3
10047,20041,图书,cart,1750336215,59.42,3
10490,20173,美妆,cart,1750231126,303.49,2
10038,20072,图书,view,1750242592,,3
10286,20083,美妆,buy,1750254615,714.26,1
10489,20058,家电,cart,1750243531,1091.87,2
10009,20020,美妆,buy,1750333040,486.81,2
10029,20149,图书,view,1750230683,44.23,1
10243,20156,美妆,cart,1750299968,354.85,2
10273,20062,图书,view,1750336916,71.59,3
10443,20072,手机,view,1750257249,7276.2,3
10087,20060,家电,view,1750340611,4857.45,1
10243,20063,图书,view,1750278004,126.03,1
10380,20068,美妆,view,1750297302,460.47,3
10328,20167,数码配件,buy,1750249884,106.24,1
10478,20128,运动户外,view,1750365553,572.89,1
10014,20105,家电,view,1750313533,4661.47,1
10003,20064,运动户外,view,1750267712,363.23,2
10190,20121,数码配件,view,1750328010,412.79,2
10167,20061,家电,buy,1750258765,1491.06,3
10008,20181,美妆,view,1750295079,626.82,2
10108,20102,美妆,buy,1750213376,684.52,1
10136,20059,家电,cart,1750323905,1070.99,2
10153,20045,手机,view,1750238864,3133.68,3
10387,20004,图书,view,1750239801,138.84,3
10208,20112,运动户外,view,1750274912,771.39,2
10271,20149,家电,cart,1750277564,3667.78,1
10142,20180,美妆,view,1750223995,272.7,1
10098,20069,美妆,view,1750237226,764.85,3
10376,20159,运动户外,cart,1750327656,948.41,3
10307,20010,美妆,view,1750372501,397.19,2
10068,20137,美妆,view,1750371195,437.45,1
10246,20166,手机,cart,1750220926,3487.96,2
10260,20097,手机,view,1750269523,5546.48,3
10275,20030,运动户外,cart,1750209477,373.42,1
10078,20011,美妆,view,1750329496,428.14,3
10145,20107,图书,view,1750278856,44.49,1
10110,20079,家电,view,1750366271,3365.89,1
10257,20165,家电,view,1750333916,2440.33,2
10092,20066,运动户外,cart,1750270926,655.99,2
10012,20193,运动户外,view,1750232757,247.9,3
10259,20051,数码配件,view,1750229240,204.92,1
10425,20132,图书,view,1750213934,76.16,1
10108,20138,美妆,view,1750357482,471.87,2
10329,20024,美妆,cart,1750337313,442.43,2
10188,20034,家电,cart,1750279605,1063.26,2
10094,20162,图书,buy,1750358900,101.36,3
10104,20021,家电,view,1750360528,3011.87,2
10007,20164,运动户外,cart,1750305284,255.98,3
10066,20182,美妆,buy,1750359397,680.57,1
10495,20095,数码配件,view,1750372301,108.86,1
10190,20116,家电,buy,1750286192,4734.84,2
10365,20199,手机,cart,1750373989,6563.44,2
10255,20191,数码配件,buy,1750321481,235.18,3
10008,20019,运动户外,view,1750341067,993.11,3
10477,20105,数码配件,cart,1750313397,146.86,3
10116,20003,手机,cart,1750290145,7348.64,3
10266,20017,美妆,view,1750358357,546.05,1
10098,20050,美妆,buy,1750351672,180.34,2
10484,20195,美妆,view,1750370621,260.76,2
10297,20019,美妆,view,1750325550,533.14,1
10396,20121,运动户外,view,1750309927,622.52,3
10163,20136,家电,view,1750304171,4127.75,2
10375,20079,图书,cart,1750367927,93.15,2
10140,20153,美妆,view,1750330285,160.13,3
10267,20101,美妆,view,1750240227,667.06,1
10036,20024,手机,view,1750210892,6224.02,1
10073,20195,手机,cart,1750311702,3889.53,3
10072,20168,运动户外,view,1750288617,595.11,1
10307,20058,图书,view,1750233027,96.2,2
10198,20044,数码配件,cart,1750352927,392.52,3
10129,20040,运动户外,view,1750208475,832.47,3
10245,20037,数码配件,view,1750370255,370.93,2
10311,20116,数码配件,view,1750276338,455.09,1
10059,20018,美妆,view,1750372863,700.47,2
10278,20013,美妆,view,1750315828,771.02,2
10102,20126,美妆,view,1750340138,533.41,1
10295,20148,手机,buy,1750324504,4726.66,1
10319,20142,数码配件,view,1750221563,384.32,1
10486,20002,美妆,view,1750258715,737.06,1
10340,20036,图书,view,1750302616,76.16,3
10150,20116,运动户外,view,1750260551,697.71,2
10156,20173,美妆,cart,1750292567,191.06,3
10205,20015,运动户外,view,1750223044,406.82,1
10473,20141,图书,cart,1750361893,96.74,1
10178,20008,图书,view,1750224464,138.62,3
10196,20006,美妆,view,1750212623,707.22,2
10222,20141,手机,buy,1750361124,7956.42,1
10088,20133,运动户外,cart,1750307832,1196.45,3
10286,20014,运动户外,view,1750276352,697.54,2
10433,20179,家电,cart,1750228419,4591.69,2
10275,20071,手机,cart,1750265162,3851.39,2
10235,20161,运动户外,view,1750269020,856.43,3
10182,20103,手机,view,1750256501,4741.32,2
10208,20128,数码配件,view,1750299802,114.98,2
10492,20095,数码配件,view,1750304351,381.17,2
10129,20121,家电,view,1750351662,1042.08,1
10152,20114,美妆,view,1750341794,449.45,3
10012,20196,家电,view,1750325714,2190.14,2
10121,20147,图书,buy,1750223668,73.98,1
10358,20079,美妆,view,1750372312,282.22,3
10219,20006,家电,view,1750266806,3680.72,1
10105,20134,数码配件,view,1750320509,437.28,2
10374,20049,运动户外,view,1750356868,455.67,1
10069,20129,数码配件,view,1750293114,333.3,2
10194,20046,运动户外,view,1750375703,216.51,2
10185,20013,家电,view,1750235764,3844.03,1
10098,20030,图书,view,1750219607,70.55,2
10081,20049,数码配件,view,1750374662,383.44,1
10074,20188,图书,cart,1750228499,85.19,1
10373,20040,美妆,view,1750256025,635.6,3
10339,20013,美妆,view,1750370212,542.25,1
10191,20132,数码配件,view,1750331344,468.95,3
10324,20004,家电,cart,1750357038,3382.79,3
10466,20191,数码配件,view,1750220840,257.36,2
10213,20156,图书,view,1750214481,97.05,2
10314,20004,手机,buy,1750363437,6466.98,2
10443,20112,数码配件,cart,1750290169,468.7,2
10466,20117,美妆,view,1750330172,781.77,1
10381,20095,手机,view,1750261656,5869.4,3
10366,20035,手机,view,1750338313,3643.45,3
10317,20078,家电,view,1750209967,2047.28,1
10143,20018,手机,view,1750345242,6789.22,2
10383,20191,手机,view,1750240296,5410.15,3
10215,20021,数码配件,buy,1750250093,286.84,3
10360,20161,美妆,view,1750359579,144.19,2
10323,20055,运动户外,cart,1750300374,672.92,2
10014,20016,数码配件,view,1750301426,119.81,2
10216,20183,家电,view,1750333315,2292.65,3
10491,20016,手机,cart,1750255907,7491.25,1
10438,20145,美妆,view,1750251287,203.49,3
10034,20172,家电,cart,1750242475,2427.26,3
10182,20077,运动户外,view,1750302989,697.85,3
10269,20055,家电,view,1750374910,4621.8,2
10432,20079,图书,view,1750342752,40.36,3
10466,20049,图书,cart,1750312897,84.85,2
10357,20057,美妆,view,1750244355,123.68,3
10099,20017,家电,view,1750237018,1039.23,3
10006,20134,图书,cart,1750348017,26.41,1
10029,20075,数码配件,view,1750286195,231.4,2
10466,20009,手机,cart,1750233927,4692.09,3
10304,20068,手机,view,1750205195,3052.69,3
10472,20084,美妆,view,1750315022,576.3,2
10143,20130,数码配件,view,1750271289,484.79,2
10110,20082,运动户外,view,1750344100,412.15,3
10231,20108,数码配件,buy,1750305488,219.62,3
10178,20043,图书,view,1750262277,62.96,1
10071,20197,图书,cart,1750355290,77.55,2
10209,20141,家电,view,1750243570,2918.05,1
10219,20131,美妆,view,1750336395,724.77,1
10079,20017,数码配件,buy,1750252331,205.22,1
10499,20092,运动户外,view,1750372262,749.42,2
10082,20179,家电,view,1750289507,2252.89,1
10041,20037,手机,view,1750370840,3043.37,1
10272,20147,图书,view,1750211726,117.7,3
10190,20171,运动户外,cart,1750316753,841.6,1
10172,20050,数码配件,view,1750358809,209.93,2
10460,20018,运动户外,view,1750303798,,1
10006,20119,数码配件,view,1750287921,383.67,3
10154,20067,手机,view,1750282929,3465.67,2
10009,20065,美妆,view,1750258535,405.09,3
10033,20140,运动户外,view,1750342156,727.15,2
10035,20189,图书,view,1750295594,97.43,3
10408,20188,图书,view,1750370408,51.82,3
10005,20157,数码配件,view,1750362329,168.1,2
10407,20097,手机,buy,1750352776,4215.79,2
10401,20157,家电,view,1750329772,2003.9,2
10214,20178,图书,view,1750225603,103.23,1
10133,20087,家电,view,1750321290,3060.85,2
10284,20175,运动户外,buy,1750367550,272.71,1
10125,20032,数码配件,cart,1750327765,424.67,2
10408,20104,图书,view,1750345798,133.16,1
10438,20073,家电,cart,1750215414,4255.9,3
10336,20081,手机,buy,1750208023,4618.44,2
10173,20018,图书,view,1750265123,34.73,2
10151,20070,图书,view,1750289346,56.97,3
10330,20056,数码配件,view,1750284207,150.85,1
10025,20146,图书,view,1750327836,131.76,1
10382,20078,家电,view,1750219303,1937.17,2
10114,20168,图书,view,1750255852,68.34,3
10381,20041,图书,view,1750358237,81.4,3
10481,20179,数码配件,view,1750245807,228.18,3
10283,20115,家电,cart,1750310532,1480.15,1
10386,20003,数码配件,view,1750369742,269.96,2
10074,20003,美妆,view,1750349511,556.15,1
10165,20004,美妆,cart,1750326715,788.96,2
10188,20040,家电,view,1750324247,4727.87,1
10077,20107,数码配件,view,1750269617,281.96,2
10434,20086,运动户外,view,1750377119,769.22,3
10089,20103,运动户外,view,1750292612,525.9,1
10175,20116,手机,view,1750300167,4461.68,3
10020,20100,手机,view,1750309586,3702.48,1
10053,20188,数码配件,cart,1750211930,378.2,3
10183,20074,手机,view,1750265439,5207.22,3
10358,20182,家电,view,1750298042,1590.26,1
10221,20074,运动户外,view,1750305938,545.63,1
10314,20012,手机,view,1750225354,4521.45,3
10327,20141,图书,view,1750325075,35.74,2
10178,20187,图书,view,1750320746,91.65,1
10275,20199,图书,cart,1750228539,61.05,3
10111,20024,数码配件,cart,1750325478,431.35,3
10223,20114,手机,buy,1750284533,6356.28,1
10213,20171,运动户外,view,1750257355,515.42,3
10058,20081,数码配件,cart,1750307529,214.05,2
10326,20009,数码配件,view,1750341527,113.87,1
10392,20198,数码配件,buy,1750323666,64.96,3
10108,20049,美妆,buy,1750254576,344.44,1
10384,20171,运动户外,view,1750221793,648.43,1
10156,20141,数码配件,view,1750268325,224.66,3
10190,20014,运动户外,cart,1750252814,1027.94,2
10199,20015,数码配件,buy,1750354002,,3
10311,20001,家电,view,1750355140,4914.1,1
10195,20157,图书,view,1750330483,81.51,1
10034,20029,手机,cart,1750255188,5130.52,3
10378,20081,手机,cart,1750343918,5645.91,1
10386,20030,手机,view,1750336359,4304.02,1
10245,20076,运动户外,cart,1750237206,962.96,2
10236,20147,运动户外,view,1750316359,735.73,2
10103,20176,美妆,view,1750329266,754.02,2
10006,20113,图书,buy,1750298051,65.49,2
10282,20034,家电,cart,1750290558,4013.62,2
10000,20022,手机,cart,1750372258,4592.26,3
10218,20105,运动户外,view,1750297544,858.94,1
10463,20096,图书,view,1750344573,62.67,3
10229,20114,数码配件,cart,1750211560,296.66,3
10454,20099,数码配件,buy,1750343368,412.67,2
10171,20188,家电,view,1750281335,2937.72,2
10086,20054,运动户外,view,1750210378,246.47,1
10040,20194,图书,buy,1750279840,22.13,1
10122,20007,图书,view,1750284223,80.7,3
10330,20167,家电,view,1750341900,2515.9,3
10297,20058,手机,view,1750234836,6402.66,1
10372,20127,图书,view,1750319285,101.86,1
10416,20031,家电,view,1750277018,1066.58,2
10177,20092,美妆,view,1750215660,131.53,2
10062,20006,图书,view,1750372761,24.41,3
10483,20001,数码配件,view,1750210856,331.79,2
10164,20084,数码配件,view,1750375407,66.71,2
10488,20133,图书,view,1750268237,60.01,2
10186,20105,运动户外,view,1750375056,939.1,3
10382,20035,手机,buy,1750376613,4126.32,2
10208,20159,家电,view,1750332526,2613.8,1
10226,20044,家电,view,1750338490,2300.83,3
10431,20041,手机,view,1750262715,5619.89,1
10388,20052,图书,view,1750282600,119.21,3
10047,20109,美妆,view,1750371537,290.5,3
10223,20008,美妆,cart,1750269755,384.88,3
10002,20086,数码配件,view,1750213939,68.28,2
10371,20113,图书,view,1750348657,137.93,1
10174,20074,图书,cart,1750349015,133.49,3
10445,20176,美妆,view,1750287684,542.38,1
10098,20129,图书,view,1750233502,94.8,3
10115,20194,运动户外,view,1750322192,779.55,1
10269,20010,手机,view,1750359461,3069.56,3
10446,20049,手机,cart,1750344602,7848.17,3
10367,20162,手机,view,1750369087,3089.09,3
10252,20121,图书,view,1750252151,34.12,3
10316,20142,手机,view,1750270960,3505.74,2
10414,20074,图书,buy,1750245029,70.06,2
10094,20030,运动户外,view,1750296335,354.79,1
10272,20091,运动户外,view,1750360383,641.38,3
10379,20189,运动户外,view,1750247214,970.28,3
10023,20155,图书,buy,1750372277,122.93,3
10115,20152,图书,view,1750350387,67.3,1
10150,20091,美妆,view,1750323119,453.93,1
10337,20152,运动户外,buy,1750228275,852.03,2
10049,20074,运动户外,view,1750277609,624.3,1
10205,20091,运动户外,buy,1750274282,1026.98,2
10497,20128,运动户外,view,1750214470,617.39,2
10334,20186,图书,cart,1750317558,68.1,2
10078,20196,图书,buy,1750335931,108.68,3
10069,20041,美妆,view,1750313350,732.05,3
10026,20109,数码配件,view,1750272158,493.71,1
10270,20161,美妆,view,1750234816,501.35,1
10049,20193,美妆,cart,1750271460,490.39,3
10291,20017,数码配件,view,1750210283,242.86,3
10246,20076,家电,cart,1750321255,4231.9,1
10263,20132,数码配件,view,1750247996,196.37,2
10078,20019,家电,cart,1750205437,3680.47,3
10386,20193,运动户外,view,1750286324,875.87,2
10189,20126,图书,cart,1750205691,136.16,1
10046,20074,运动户外,view,1750254943,390.34,2
10460,20061,家电,view,1750227426,2365.95,3
10360,20031,家电,view,1750244760,4778.63,1
10353,20185,家电,view,1750299194,4755.42,2
10471,20177,手机,cart,1750296962,5878.2,2
10487,20165,家电,cart,1750241857,3513.72,2
10351,20182,图书,view,1750346663,72.26,3
10188,20027,美妆,view,1750374467,733.32,3
10415,20073,家电,view,1750328220,2754.41,1
10255,20080,家电,view,1750213350,1822.09,3
10221,20021,美妆,view,1750332913,532.81,3
10371,20170,手机,cart,1750311416,4241.15,2
10240,20163,家电,view,1750312128,1975.37,1
10268,20095,运动户外,view,1750319872,921.0,2
10000,20121,运动户外,cart,1750337604,535.74,3
10033,20122,手机,view,1750305673,7222.62,3
10445,20051,运动户外,view,1750281928,657.8,3
10078,20163,美妆,view,1750275182,502.62,3
10235,20155,数码配件,view,1750314135,82.82,2
10333,20077,图书,view,1750310519,84.34,2
10376,20185,数码配件,view,1750205999,416.74,3
10348,20163,图书,view,1750319917,104.39,3
10097,20069,数码配件,view,1750254971,134.03,1
10081,20136,运动户外,view,1750258904,913.16,1
10454,20020,运动户外,view,1750268586,214.81,2
10476,20063,手机,buy,1750344787,5772.89,1
10414,20075,家电,view,1750229922,3616.74,3
10191,20060,手机,view,1750346502,5014.07,1
10252,20094,家电,view,1750220088,1540.69,1
10408,20039,数码配件,view,1750365914,287.83,3
10037,20183,图书,buy,1750297497,29.36,2
10013,20003,美妆,cart,1750347452,494.36,1
10391,20030,图书,view,1750227498,53.81,2
10346,20154,数码配件,cart,1750303780,59.67,2
10309,20185,手机,view,1750266582,7230.16,3
10385,20152,运动户外,view,1750214728,489.7,1
10208,20068,运动户外,buy,1750242431,853.02,2
10356,20069,运动户外,view,1750242707,805.12,2
10461,20004,手机,view,1750243182,5751.31,2
10088,20114,美妆,view,1750268950,654.45,2
10055,20090,手机,buy,1750220619,3626.86,3
10093,20007,图书,view,1750330646,62.0,3
10092,20008,数码配件,view,1750308263,343.22,1
10339,20014,美妆,view,1750214543,466.42,3
10084,20104,数码配件,view,1750315595,209.22,3
10444,20006,运动户外,view,1750344627,574.17,1
10244,20071,运动户外,view,1750350854,962.8,3
10021,20114,家电,view,1750264053,1167.89,2
10290,20014,家电,view,1750323650,3743.61,1
10484,20164,图书,cart,1750255920,95.21,3
10271,20082,手机,view,1750211659,7770.25,1
10305,20038,图书,cart,1750307338,116.06,1
10121,20133,运动户外,cart,1750370603,682.38,1
10127,20056,美妆,buy,1750339454,444.71,2
10112,20091,美妆,view,1750344853,466.4,3
10426,20080,数码配件,view,1750325870,153.97,1
10272,20146,数码配件,view,1750250442,198.58,1
10335,20126,数码配件,cart,1750240237,143.25,3
10441,20190,运动户外,view,1750290776,374.65,2
10129,20158,手机,view,1750270027,5963.29,3
10131,20074,美妆,buy,1750333067,725.04,2
10084,20078,图书,view,1750345572,31.09,2
10422,20009,图书,view,1750347951,54.87,1
10481,20106,手机,view,1750355267,6145.87,1
10349,20086,美妆,buy,1750261602,,2
10389,20066,运动户外,buy,1750268286,1035.84,2
10080,20061,图书,view,1750300614,103.01,3
10486,20130,手机,view,1750347446,7590.57,1
10472,20145,数码配件,view,1750335819,67.41,3
10324,20152,运动户外,buy,1750219011,817.07,3
10068,20106,家电,view,1750229701,4158.18,3
10147,20147,手机,cart,1750358825,6829.42,3
10447,20185,数码配件,view,1750266790,136.83,1
10015,20092,图书,view,1750274174,95.49,1
10306,20085,手机,view,1750212924,4561.91,1
10104,20177,数码配件,view,1750259535,495.04,2
10164,20120,家电,view,1750248415,4743.78,1
10487,20078,运动户外,view,1750225053,767.05,2
10200,20009,美妆,view,1750309292,632.37,1
10196,20148,家电,view,1750218558,1377.96,3
10425,20028,家电,view,1750329412,1031.21,1
10184,20095,美妆,view,1750357389,521.45,2
10321,20009,图书,view,1750216911,116.0,2
10264,20012,手机,view,1750299690,6184.2,1
10362,20046,数码配件,view,1750207844,453.19,1
10099,20150,图书,view,1750265814,77.33,3
10341,20049,图书,view,1750264000,74.24,2
10319,20131,数码配件,view,1750318098,262.33,1
10213,20115,图书,view,1750375759,34.23,1
10277,20112,家电,cart,1750343017,4225.14,2
10161,20194,运动户外,buy,1750313383,254.32,2
10438,20084,美妆,view,1750357136,217.97,1
10156,20052,家电,view,1750321138,2783.0,2
10421,20129,手机,view,1750301061,5899.88,2
10250,20067,手机,view,1750238486,3958.21,3
10365,20192,运动户外,cart,1750366840,824.04,2
10096,20078,美妆,cart,1750247585,637.9,2
10017,20056,手机,view,1750341806,5322.95,3
10326,20096,美妆,buy,1750360716,747.17,3
10448,20197,手机,view,1750270145,6643.48,1
10382,20134,运动户外,buy,1750234507,517.25,1
10096,20146,手机,view,1750235211,6616.59,1
10000,20171,图书,cart,1750300288,85.1,2
10215,20062,运动户外,view,1750258248,274.36,2
10131,20064,手机,buy,1750273926,5349.81,1
10259,20038,数码配件,cart,1750312244,50.25,2
10124,20108,数码配件,view,1750288025,457.11,3
10081,20025,手机,view,1750206088,5377.93,1
10282,20171,图书,view,1750228592,35.89,2
10170,20011,运动户外,cart,1750212383,289.34,2
10058,20149,手机,view,1750234515,7384.19,1
10031,20076,美妆,view,1750262905,249.25,1
10160,20141,美妆,buy,1750375187,542.03,1
10283,20085,运动户外,view,1750288135,,2
10105,20029,数码配件,view,1750315396,479.76,2
10104,20171,手机,view,1750375183,5848.68,3
10438,20165,图书,view,1750309345,36.88,3
10227,20186,手机,cart,1750349753,7365.74,1
10187,20169,图书,view,1750278242,74.75,1
10069,20051,图书,cart,1750223075,42.43,1
10317,20062,图书,cart,1750281252,81.49,3
10463,20188,运动户外,buy,1750343256,344.49,1
10289,20119,家电,view,1750373678,4371.84,2
10086,20104,图书,view,1750225570,29.53,2
10369,20161,数码配件,view,1750340726,74.67,3
10361,20038,图书,view,1750365594,111.22,1
10471,20040,家电,view,1750307274,3757.78,2
10055,20120,家电,view,1750279936,4014.26,2
10112,20107,图书,view,1750266042,118.96,1
10012,20164,运动户外,cart,1750287237,470.34,1
10439,20064,运动户外,view,1750280295,523.58,1
10017,20117,手机,view,1750376049,4065.97,1
10181,20078,家电,view,1750316287,2162.4,3
10460,20159,家电,view,1750207914,4027.66,2
10112,20007,数码配件,view,1750372303,357.77,2
10228,20096,数码配件,view,1750289008,426.02,2
10170,20017,美妆,view,1750342920,178.03,1
10294,20172,手机,view,1750289396,6477.5,3
10188,20095,图书,view,1750335428,83.5,1
10425,20032,家电,view,1750376344,1891.59,3
10464,20004,数码配件,view,1750362868,244.41,2
10078,20126,手机,view,1750299237,5132.86,1
10145,20073,图书,cart,1750331595,29.95,2
10406,20125,手机,view,1750352520,3020.49,1
10181,20163,运动户外,view,1750235097,1111.94,3
10498,20150,图书,view,1750322158,92.41,2
10285,20167,美妆,view,1750249142,534.11,3
10249,20004,手机,view,1750297679,6939.21,1
10353,20033,数码配件,view,1750244950,464.77,3
10313,20023,手机,view,1750244991,5234.56,2
10195,20144,运动户外,view,1750258667,596.73,3
10322,20094,数码配件,view,1750280302,451.28,1
10070,20070,运动户外,buy,1750361254,294.85,2
10247,20091,图书,view,1750371591,109.7,2
10145,20124,家电,cart,1750365078,3051.2,1
10105,20021,数码配件,buy,1750376800,498.6,1
10262,20014,运动户外,view,1750236975,401.38,1
10295,20100,美妆,cart,1750357516,422.24,2
10069,20014,数码配件,view,1750246792,299.48,1
10469,20152,家电,buy,1750307081,1741.51,2
10192,20052,运动户外,view,1750260948,202.31,3
10067,20148,图书,buy,1750237118,135.95,2
10493,20101,家电,view,1750273273,3797.22,1
10304,20193,家电,view,1750375903,1697.88,3
10051,20112,运动户外,view,1750375339,401.55,2
10369,20031,家电,view,1750251959,4451.67,1
10362,20020,美妆,cart,1750207910,605.7,3
10284,20195,图书,view,1750267310,77.11,2
10404,20171,图书,view,1750324165,104.43,1
10473,20082,数码配件,cart,1750294552,179.37,1
10333,20193,美妆,view,1750291309,496.6,1
10008,20013,美妆,cart,1750355448,101.53,2
10250,20014,图书,view,1750348297,116.09,2
10430,20147,运动户外,view,1750363889,1167.76,1
10331,20033,运动户外,view,1750332873,983.7,1
10297,20163,运动户外,view,1750263134,653.83,3
10434,20082,美妆,view,1750223528,395.59,1
10183,20008,数码配件,view,1750231976,157.71,1
10178,20198,美妆,cart,1750376662,151.56,1
10197,20157,手机,view,1750254010,5377.12,2
10127,20076,美妆,view,1750310969,707.92,3
10019,20190,图书,buy,1750280388,128.2,3
10471,20162,美妆,cart,1750241351,219.37,3
10410,20140,家电,view,1750213550,4424.41,3
10421,20173,运动户外,cart,1750289145,723.72,3
10327,20183,运动户外,view,1750355669,968.14,2
10064,20008,家电,view,1750269956,4335.06,2
10181,20035,手机,buy,1750352087,7874.73,2
10240,20116,数码配件,view,1750237278,328.09,1
10368,20002,手机,view,1750349999,7731.63,1
10023,20018,家电,view,1750206510,1216.34,3
10383,20155,数码配件,view,1750232773,80.42,3
10430,20022,家电,view,1750347263,,2
10454,20103,图书,cart,1750269379,90.78,3
10082,20134,手机,view,1750375199,6189.75,2
10469,20104,美妆,cart,1750229891,480.61,1
10318,20141,家电,view,1750355496,3684.57,2
10184,20045,运动户外,view,1750286892,1042.31,2
10438,20142,手机,view,1750208799,5441.39,1
10315,20194,图书,buy,1750289186,139.37,3
10098,20014,数码配件,view,1750273953,434.33,3
10061,20050,美妆,view,1750338801,187.02,1
10285,20109,美妆,view,1750375694,225.44,3
10476,20007,家电,view,1750240525,2288.04,3
10021,20068,数码配件,view,1750349853,266.56,1
10458,20189,图书,view,1750262257,115.72,2
10211,20178,手机,buy,1750282076,5130.84,1
10125,20062,图书,cart,1750266366,124.89,1
10412,20067,美妆,view,1750304762,640.26,2
10498,20143,运动户外,view,1750373786,693.42,3
10424,20151,美妆,view,1750265860,635.89,1
10041,20005,手机,view,1750317718,7934.58,3
10097,20118,手机,buy,1750359539,7946.04,2
10448,20056,图书,cart,1750268999,23.32,2
10030,20030,家电,cart,1750271812,4364.09,3
10157,20005,手机,view,1750225030,5464.47,2
10111,20156,手机,cart,1750354808,4074.55,3
10401,20066,美妆,view,1750345952,389.92,3
10246,20130,家电,cart,1750279981,4584.62,2
10121,20155,数码配件,view,1750230096,264.57,2
10272,20073,家电,cart,1750283068,2795.06,1
10293,20113,图书,view,1750330152,55.1,1
10397,20096,家电,view,1750289018,4157.36,1
10470,20175,运动户外,buy,1750355672,1034.48,3
10472,20079,数码配件,view,1750262168,372.43,2
10206,20122,运动户外,view,1750211151,319.65,2
10109,20137,家电,buy,1750213766,3992.15,3
10439,20032,图书,view,1750363486,125.65,1
10277,20194,家电,view,1750288901,4901.21,1
10450,20196,数码配件,view,1750313435,322.02,3
10055,20139,美妆,view,1750290427,325.28,3
10374,20184,运动户外,buy,1750345998,944.12,1
10402,20043,美妆,view,1750253414,306.1,1
10056,20012,图书,view,1750371482,140.45,2
10427,20151,手机,buy,1750290214,7606.09,2
10481,20171,运动户外,cart,1750352643,480.61,1
10290,20056,手机,view,1750335456,4967.79,2
10113,20095,数码配件,cart,1750214089,355.8,1
10380,20143,手机,view,1750369340,4287.47,1
10384,20108,图书,cart,1750369726,65.38,3
10307,20119,手机,view,1750354460,5393.78,1
10340,20099,图书,cart,1750318411,55.33,2
10476,20148,图书,view,1750217651,20.72,1
10197,20110,手机,cart,1750281579,3187.05,3
10420,20050,运动户外,view,1750368186,558.79,2
10320,20020,运动户外,view,1750345175,411.06,2
10178,20059,图书,view,1750278738,72.82,3
10384,20178,数码配件,view,1750308691,436.85,2
10218,20020,家电,view,1750226598,2688.21,1
10276,20106,数码配件,view,1750291674,261.73,3
10436,20125,手机,view,1750249531,5535.71,3
10015,20133,手机,cart,1750251168,4920.29,3
10491,20072,美妆,view,1750235602,489.81,2
10378,20192,数码配件,view,1750267783,60.12,1
10060,20075,图书,buy,1750223317,77.1,2
10053,20185,图书,view,1750276764,76.27,2
10167,20077,运动户外,cart,1750306322,1170.64,1
10025,20133,手机,view,1750264752,6453.91,1
10335,20064,美妆,view,1750310182,508.76,2
10475,20085,手机,view,1750303301,4536.45,1
10064,20033,运动户外,view,1750277692,1120.63,2
10099,20055,数码配件,view,1750373524,214.46,3
10073,20074,数码配件,buy,1750285621,131.01,1
10191,20002,美妆,view,1750222445,229.65,1
10170,20169,家电,cart,1750276065,3530.86,3
10272,20189,美妆,view,1750360958,637.2,3
10376,20005,家电,cart,1750289895,2830.23,3
10186,20005,手机,cart,1750283269,4330.77,3
10022,20190,数码配件,buy,1750206101,59.01,3
10390,20147,美妆,view,1750347515,337.83,2
10427,20148,运动户外,view,1750356853,1170.49,1
10180,20001,美妆,cart,1750336694,492.24,2
10326,20089,数码配件,view,1750268738,480.91,2
10107,20055,运动户外,view,1750329932,873.57,2
10334,20095,图书,cart,1750258743,81.1,2
10161,20009,数码配件,view,1750243601,161.7,2
10301,20086,手机,view,1750323965,7275.01,1
10492,20069,运动户外,view,1750321812,738.23,2
10451,20150,运动户外,view,1750316238,657.73,3
10205,20112,运动户外,cart,1750226194,892.07,3
10077,20029,手机,view,1750247708,7470.64,2
10015,20127,图书,view,1750374837,94.99,3
10326,20077,家电,view,1750356678,2740.91,2
10095,20164,手机,view,1750322109,4775.18,2
10146,20054,数码配件,view,1750375875,332.76,2
10001,20048,美妆,cart,1750359783,657.55,3
10009,20033,美妆,cart,1750216965,390.97,3
10433,20104,图书,cart,1750329965,122.06,2
10124,20171,手机,view,1750322838,4777.19,2
10080,20021,手机,view,1750209589,4825.95,3
10484,20030,手机,view,1750271921,7813.56,3
10139,20134,图书,view,1750367567,127.99,3
10325,20104,数码配件,cart,1750289674,194.32,1
10149,20148,图书,view,1750333410,101.89,2
10287,20015,图书,buy,1750298368,91.44,2
10360,20019,美妆,view,1750328898,568.37,2
10339,20042,美妆,view,1750293473,269.42,3
10128,20171,图书,buy,1750292346,20.42,1
10437,20046,数码配件,cart,1750207385,478.41,3
10238,20113,运动户外,view,1750328046,1128.54,1
10057,20018,数码配件,view,1750242263,362.98,2
10197,20047,运动户外,view,1750350633,872.25,2
10210,20196,手机,buy,1750276287,5776.61,1
10401,20138,美妆,cart,1750310465,787.76,1
10389,20156,家电,view,1750364741,2694.68,3
10044,20044,手机,cart,1750326614,3937.0,2
10096,20195,美妆,cart,1750250014,284.94,3
10278,20163,数码配件,buy,1750279634,411.79,1
10022,20175,美妆,view,1750331139,139.64,3
10409,20086,运动户外,cart,1750263503,632.35,2
10460,20014,运动户外,cart,1750342557,667.03,2
10390,20109,家电,view,1750280278,1424.68,3
10334,20171,手机,view,1750317083,4947.96,3
10043,20194,图书,view,1750328200,128.73,1
10026,20095,图书,view,1750230780,64.75,2
10281,20167,数码配件,view,1750329693,242.19,3
10096,20101,手机,view,1750259367,5548.12,1
10462,20085,运动户外,view,1750221396,221.13,1
10035,20141,家电,cart,1750356716,3998.12,1
10108,20190,家电,view,1750283351,4083.15,1
10054,20080,家电,cart,1750250829,2728.78,2
10191,20050,数码配件,view,1750228468,298.49,3
10218,20111,运动户外,view,1750364917,838.71,3
10184,20185,手机,view,1750354841,6471.33,2
10068,20014,运动户外,buy,1750222670,239.43,1
10316,20064,数码配件,view,1750361969,257.97,1
10129,20087,图书,view,1750296256,66.44,1
10054,20182,手机,view,1750254231,3137.47,1
10377,20075,数码配件,cart,1750220413,387.21,2
10096,20009,数码配件,buy,1750318233,492.74,3
10335,20041,数码配件,view,1750280843,147.58,1
10086,20094,数码配件,view,1750298450,374.45,3
10293,20010,美妆,cart,1750246485,300.89,3
10118,20117,数码配件,view,1750330456,159.05,1
10207,20143,图书,view,1750289866,101.89,1
10333,20124,美妆,view,1750251805,671.41,2
10412,20077,运动户外,cart,1750225593,883.78,2
10153,20146,数码配件,view,1750246319,83.58,2
10034,20158,手机,buy,1750256669,4650.03,1
10078,20180,运动户外,view,1750277655,806.32,3
10066,20089,美妆,view,1750338762,641.82,1
10342,20007,美妆,view,1750351168,376.2,3
10412,20151,运动户外,cart,1750267869,687.42,3
10033,20135,数码配件,cart,1750275159,286.92,3
10096,20110,手机,cart,1750319147,7275.15,2
10168,20175,家电,view,1750335311,2920.51,3
10168,20157,运动户外,buy,1750282018,283.47,1
10150,20057,运动户外,view,1750248157,1071.99,3
10070,20085,运动户外,cart,1750304650,1157.2,2
10002,20054,家电,cart,1750287832,2126.79,2
10313,20121,家电,view,1750241690,3055.17,1
10031,20189,图书,view,1750206884,30.07,2
10286,20107,手机,view,1750278155,3673.26,1
10081,20047,美妆,view,1750251994,139.36,2
10042,20131,图书,view,1750281111,140.01,3
10390,20164,运动户外,view,1750212654,557.6,1
10104,20135,数码配件,view,1750221341,144.06,3
10000,20128,手机,view,1750289551,3569.01,3
10060,20197,图书,view,1750263847,77.58,1
10269,20046,家电,view,1750221997,3777.62,3
10179,20004,美妆,view,1750228989,,2
10223,20177,图书,view,1750335785,23.61,1
10005,20023,手机,view,1750321533,3518.27,1
10102,20174,运动户外,view,1750330910,1033.82,3
10009,20017,美妆,view,1750206292,689.02,1
10070,20083,美妆,cart,1750249837,302.6,2
10089,20155,家电,view,1750349399,4195.6,3
10225,20004,家电,buy,1750273239,1637.17,1
10157,20029,手机,view,1750304747,4043.58,2
10227,20000,图书,cart,1750310407,97.16,1
10404,20085,家电,buy,1750227084,2252.37,2
10125,20081,家电,view,1750277347,3887.47,2
10443,20173,手机,view,1750212910,5785.56,1
10208,20068,图书,view,1750287593,30.78,3
10096,20030,家电,buy,1750354792,3830.93,2
10073,20197,数码配件,buy,1750369200,452.42,2
10114,20090,手机,cart,1750311291,3755.51,3
10190,20183,家电,cart,1750276635,3811.13,2
10494,20092,运动户外,view,1750290608,617.14,2
10169,20126,数码配件,cart,1750244034,199.53,2
10306,20155,运动户外,view,1750249139,1037.39,1
10447,20015,图书,view,1750219715,53.92,2
10203,20053,数码配件,cart,1750335932,348.32,2
10055,20180,手机,cart,1750293276,6800.41,2
10207,20139,手机,cart,1750335609,3796.8,1
10040,20019,手机,view,1750230263,5790.38,2
10031,20081,手机,view,1750224628,5781.69,3
10014,20161,运动户外,view,1750297630,1062.81,2
10061,20180,手机,view,1750348560,5007.47,2
10154,20191,图书,cart,1750280741,54.14,1
10283,20150,图书,buy,1750240818,56.27,3
10208,20108,图书,cart,1750334216,117.33,3
10319,20154,手机,view,1750295645,3302.93,1
10493,20112,手机,view,1750319685,3619.29,3
10186,20016,数码配件,view,1750251141,490.75,2
10497,20175,数码配件,view,1750321256,327.84,1
10441,20148,图书,view,1750352502,28.16,3
10129,20177,数码配件,view,1750206262,117.44,2
10126,20167,运动户外,view,1750376079,278.6,1
10291,20125,手机,view,1750274183,3389.04,1
10113,20002,运动户外,view,1750263947,672.41,3
10198,20016,美妆,view,1750312571,427.27,3
10012,20188,手机,view,1750236650,4564.44,2
10270,20049,手机,view,1750334381,3146.48,2
10088,20121,手机,view,1750324640,7158.56,2
10214,20089,手机,cart,1750206364,5684.42,1
10443,20086,运动户外,buy,1750251728,753.6,3
10277,20005,图书,buy,1750319304,67.14,1
10446,20155,数码配件,view,1750331210,464.44,1
10473,20199,运动户外,view,1750229006,331.23,3
10480,20054,美妆,view,1750349826,679.31,1
10202,20185,图书,view,1750258618,35.25,1
10073,20172,美妆,view,1750299795,205.73,1
10024,20199,运动户外,buy,1750367895,945.32,2
10100,20146,数码配件,view,1750326399,240.27,2
10175,20101,美妆,view,1750355855,466.71,1
10426,20028,家电,view,1750360253,1179.76,3
10116,20150,图书,cart,1750369439,109.45,2
10165,20110,数码配件,cart,1750346226,290.03,1
10040,20159,手机,view,1750294516,6871.04,2
10428,20009,家电,view,1750229975,1864.71,3
10343,20090,手机,cart,1750243786,5698.59,2
10423,20176,运动户外,cart,1750223114,238.48,2
10365,20192,美妆,view,1750376182,133.09,2
10119,20028,美妆,view,1750302228,143.59,2
10096,20186,数码配件,view,1750232484,447.29,2
10144,20044,手机,view,1750224955,7495.05,2
10215,20194,美妆,view,1750311196,787.79,2
10228,20050,数码配件,cart,1750255357,465.66,2
10312,20100,手机,view,1750303291,4798.73,3
10129,20127,运动户外,view,1750220689,344.29,3
10351,20010,家电,view,1750299063,4492.37,1
10376,20081,数码配件,buy,1750306304,461.17,3
10317,20127,图书,view,1750326195,77.1,1
10471,20005,美妆,cart,1750230201,448.61,3
10136,20066,家电,view,1750235539,2150.03,1
10323,20061,手机,view,1750289371,5185.09,3
10336,20132,图书,view,1750267936,149.0,3
10272,20136,数码配件,view,1750206324,62.29,2
10116,20027,运动户外,view,1750286898,901.56,3
10305,20037,美妆,view,1750364503,596.24,3
10367,20042,美妆,view,1750277130,126.71,3
10093,20116,美妆,view,1750206193,361.07,2
10167,20148,图书,view,1750218153,99.38,3
10441,20189,图书,cart,1750219921,126.79,2
10202,20045,运动户外,view,1750343675,688.57,3
10340,20197,手机,view,1750273713,5277.23,2
10148,20165,手机,buy,1750217321,3021.92,2
10401,20048,美妆,cart,1750235803,727.97,3
10182,20038,数码配件,buy,1750333497,197.5,2
10412,20070,图书,view,1750337954,137.38,1
10151,20126,数码配件,view,1750211186,268.12,2
10073,20157,家电,view,1750205499,3005.49,2
10364,20148,家电,view,1750208246,1894.78,2
10400,20000,美妆,view,1750223927,475.37,2
10273,20159,图书,cart,1750291170,35.22,1
10041,20135,图书,view,1750319544,31.94,3
10495,20068,数码配件,view,1750295377,392.35,1
10211,20029,美妆,view,1750367948,245.78,3
10100,20114,美妆,view,1750274853,471.42,1
10044,20007,数码配件,view,1750280688,386.9,1
10081,20112,家电,view,1750205649,3852.74,2
10016,20018,图书,view,1750276849,25.42,3
10072,20058,图书,view,1750363058,75.62,1
10013,20182,家电,cart,1750311536,1616.1,3
10432,20157,数码配件,view,1750352060,398.44,3
10156,20078,数码配件,view,1750326819,151.76,3
10222,20035,家电,view,1750301696,4742.69,1
10131,20054,家电,view,1750218230,2501.9,2
10337,20043,运动户外,view,1750319864,1011.2,1
10403,20154,家电,view,1750237069,4252.07,1
10375,20076,运动户外,view,1750366188,1045.32,1
10375,20077,家电,view,1750223023,3140.81,3
10046,20100,家电,cart,1750280078,2557.48,1
10106,20181,运动户外,view,1750296535,1167.92,3
10107,20175,美妆,view,1750287406,560.45,3
10264,20029,数码配件,buy,1750315087,175.98,3
10204,20038,手机,view,1750357802,6770.74,2
10078,20012,手机,buy,1750265803,4907.37,3
10154,20121,手机,view,1750356565,6086.85,2
10270,20143,运动户外,cart,1750216955,439.85,1
10475,20171,家电,view,1750259900,1622.62,1
10484,20198,家电,view,1750267535,3100.61,1
10246,20111,美妆,view,1750242856,102.85,2
10018,20154,手机,view,1750245054,6568.54,2
10345,20044,手机,view,1750286152,3121.25,1
10435,20118,数码配件,buy,1750317191,467.99,3
10025,20034,图书,view,1750375801,125.53,1
10216,20155,运动户外,view,1750287238,360.19,2
10153,20006,美妆,view,1750316636,392.93,1
10153,20189,运动户外,view,1750332079,556.92,1
10173,20109,数码配件,view,1750342651,299.64,1
10091,20113,家电,view,1750352712,4417.78,2
10432,20050,手机,view,1750357050,6985.71,3
10337,20045,家电,view,1750370187,2999.94,3
10479,20019,运动户外,view,1750308654,723.64,1
10180,20095,手机,view,1750368726,5535.04,3
10130,20037,运动户外,cart,1750343055,603.77,3
10449,20188,家电,view,1750315848,3600.68,3
10480,20103,数码配件,view,1750309381,56.2,3
10297,20031,美妆,buy,1750246645,144.31,2
10274,20153,数码配件,view,1750247642,377.11,2
10272,20057,家电,view,1750289348,2065.04,3
10491,20166,手机,view,1750322656,6881.21,3
10416,20147,家电,view,1750365008,2141.94,3
10075,20081,运动户外,buy,1750261670,642.87,1
10176,20049,手机,view,1750274111,5655.86,3
10183,20051,美妆,view,1750295435,482.25,3
10318,20085,图书,view,1750324351,88.99,3
10130,20114,数码配件,view,1750276031,418.97,3
10362,20149,家电,view,1750288245,2665.91,3
10048,20052,运动户外,buy,1750371104,657.87,1
10054,20065,运动户外,view,1750223214,299.96,3
10153,20116,数码配件,view,1750315555,240.06,3
10354,20042,美妆,view,1750372563,139.28,3
10199,20081,数码配件,view,1750263145,357.69,3
10307,20150,手机,view,1750207058,6624.0,3
10355,20063,家电,view,1750373205,1691.91,2
10372,20136,美妆,buy,1750232827,268.85,1
10117,20112,运动户外,cart,1750343081,1074.49,2
10262,20134,手机,view,1750292260,7476.67,2
10045,20168,运动户外,view,1750266386,836.6,3
10301,20053,美妆,view,1750279171,600.08,1
10355,20064,手机,cart,1750306432,6343.28,1
10399,20001,图书,view,1750270868,98.3,1
10407,20131,家电,cart,1750347568,2987.12,1
10188,20077,运动户外,view,1750297037,1007.2,3
10309,20031,数码配件,view,1750213195,245.62,3
10317,20099,图书,cart,1750320282,139.81,3
10128,20129,图书,cart,1750208352,72.13,1
10048,20103,图书,view,1750306038,,1
10024,20191,手机,view,1750338755,6489.86,3
10265,20141,图书,cart,1750237624,64.58,2
10117,20147,图书,view,1750273760,59.09,2
10463,20088,数码配件,cart,1750250550,230.86,3
10143,20048,家电,view,1750326231,1219.33,1
10441,20135,家电,buy,1750366252,2680.09,2
10199,20190,手机,view,1750287226,3117.35,2
10156,20173,手机,view,1750265980,3818.2,3
10486,20148,运动户外,view,1750266822,725.61,3
10347,20086,家电,cart,1750363612,4337.26,3
10133,20159,运动户外,view,1750271092,558.15,2
10399,20007,美妆,view,1750352386,394.89,2
10147,20100,运动户外,buy,1750299277,260.4,2
10335,20015,图书,view,1750218380,103.39,3
10070,20039,图书,view,1750225562,104.74,3
10232,20105,图书,cart,1750312388,95.35,1
10333,20026,运动户外,view,1750374545,565.63,2
10298,20103,手机,view,1750316986,3385.75,2
10153,20104,图书,cart,1750214335,102.77,3
10089,20145,运动户外,view,1750214305,804.87,3
10333,20034,手机,view,1750317440,5986.46,2
10198,20112,图书,cart,1750289492,97.07,2
10160,20051,图书,buy,1750269973,141.61,1
10025,20142,手机,view,1750275255,7425.43,2
10120,20190,家电,view,1750282949,4476.74,3
10300,20052,美妆,view,1750374331,675.58,2
10211,20090,家电,cart,1750348959,1522.13,3
10062,20080,数码配件,buy,1750256574,255.99,1
10450,20103,运动户外,cart,1750233375,398.3,2
10435,20065,运动户外,view,1750309621,974.13,3
10067,20112,手机,view,1750369216,5237.17,3
10252,20030,美妆,view,1750222029,625.71,1
10409,20060,运动户外,view,1750271077,868.95,1
10458,20191,美妆,view,1750210684,123.47,2
10001,20100,图书,view,1750315038,147.24,2
10397,20104,家电,view,1750285174,3301.23,3
10107,20097,运动户外,view,1750298157,1117.61,1
10285,20033,图书,buy,1750333340,56.98,3
10048,20182,图书,view,1750208699,149.48,1
10139,20058,数码配件,view,1750297168,307.86,1
10217,20002,美妆,cart,1750348830,732.25,3
10043,20016,美妆,view,1750372392,351.41,3
10416,20077,运动户外,buy,1750253898,763.78,1
10268,20045,图书,cart,1750289511,107.5,1
10077,20165,数码配件,cart,1750247972,428.24,1
10215,20034,手机,cart,1750276569,3494.85,3
10381,20128,家电,view,1750369211,3635.47,1
10097,20111,数码配件,buy,1750278003,256.09,2
10235,20156,美妆,cart,1750242936,259.08,3
10281,20131,美妆,view,1750342504,575.37,2
10148,20060,运动户外,view,1750218901,931.46,2
10411,20096,运动户外,buy,1750371599,329.48,3
10303,20144,运动户外,cart,1750330845,1113.51,1
10483,20155,美妆,cart,1750282347,247.76,1
10423,20177,数码配件,cart,1750369378,234.53,3
10065,20089,手机,view,1750320744,5982.18,3
10233,20135,图书,view,1750337932,42.59,1
10456,20161,数码配件,view,1750371537,79.71,2
10086,20058,家电,view,1750315862,3011.05,2
10078,20017,数码配件,view,1750217989,322.0,1
10204,20094,图书,view,1750294554,29.29,3
10278,20186,图书,view,1750228024,94.49,2
10336,20154,数码配件,cart,1750296745,152.87,2
10253,20015,图书,buy,1750263246,104.59,2
10303,20009,家电,buy,1750327325,2100.93,3
10379,20103,手机,view,1750375799,3100.54,1
10129,20075,手机,buy,1750290987,4196.7,3
10083,20149,美妆,view,1750322712,325.87,3
10275,20015,美妆,cart,1750290297,741.47,3
10186,20011,手机,cart,1750237177,4046.36,1
10045,20074,数码配件,view,1750223509,336.73,1
10386,20178,运动户外,view,1750338720,352.19,1
10182,20128,图书,view,1750349929,119.86,3
10267,20026,数码配件,view,1750324266,258.98,1
10295,20194,运动户外,view,1750321178,1055.73,1
10321,20011,数码配件,view,1750210032,340.39,3
10099,20029,运动户外,buy,1750261767,584.83,1
10077,20008,运动户外,view,1750376968,1131.67,1
10271,20052,家电,view,1750205669,2812.02,2
10338,20188,数码配件,view,1750333535,164.9,1
10161,20053,运动户外,view,1750372778,1198.75,1
10043,20164,运动户外,view,1750334464,717.11,3
10237,20192,图书,view,1750254820,146.17,3
10133,20169,数码配件,view,1750255961,426.11,2
10460,20048,数码配件,cart,1750283585,414.84,2
10191,20003,图书,view,1750358476,132.63,3
10355,20191,美妆,view,1750299780,454.86,2
10277,20078,美妆,cart,1750248205,207.53,2
10017,20178,家电,cart,1750314745,1071.42,2
10011,20090,手机,view,1750287023,6617.5,1
10179,20199,运动户外,buy,1750347247,646.33,3
10122,20187,运动户外,buy,1750291698,561.12,3
10245,20078,家电,view,1750374564,1819.11,2
10221,20158,数码配件,buy,1750260679,152.47,3
10372,20102,图书,cart,1750305180,62.83,1
10050,20110,数码配件,cart,1750326642,387.25,2
10487,20199,图书,view,1750210146,38.52,1
10070,20057,手机,view,1750285459,,3
10479,20081,数码配件,cart,1750341587,210.55,3
10047,20131,运动户外,view,1750236421,205.0,3
10018,20021,家电,buy,1750375677,1909.22,1
10261,20130,美妆,cart,1750365773,235.3,3
10083,20078,手机,view,1750334808,4078.83,2
10154,20098,数码配件,view,1750327395,378.58,3
10052,20174,数码配件,buy,1750335331,357.65,2
10106,20037,美妆,cart,1750253901,369.36,1
10356,20160,运动户外,buy,1750329509,876.32,2
10303,20175,家电,view,1750296003,3987.44,1
10134,20192,美妆,view,1750346111,655.25,2
10442,20116,家电,cart,1750290041,1105.15,2
10068,20025,数码配件,view,1750375457,93.66,2
10010,20135,图书,view,1750234957,54.8,3
10142,20049,美妆,view,1750287525,561.83,3
10191,20037,数码配件,buy,1750375626,391.89,2
10386,20137,家电,view,1750349729,3676.53,2
10377,20041,手机,buy,1750241790,7739.27,2
10068,20036,运动户外,buy,1750297794,274.46,2
10022,20153,家电,view,1750291677,2656.12,1
10180,20139,美妆,view,1750233585,324.35,3
10292,20048,家电,view,1750235886,3585.25,1
10008,20141,家电,view,1750323533,3125.01,1
10270,20045,手机,view,1750276598,5895.26,2
10386,20162,美妆,view,1750225030,400.74,3
10092,20028,运动户外,cart,1750303480,928.2,1
10453,20011,手机,cart,1750275662,3272.96,1
10016,20115,图书,buy,1750205064,119.93,1
10153,20081,运动户外,view,1750304018,542.16,3
10404,20043,图书,view,1750373200,74.5,2
10327,20193,图书,cart,1750241308,134.71,3
10148,20001,美妆,view,1750226712,781.91,1
10376,20186,图书,view,1750365837,87.55,1
10266,20016,美妆,view,1750365221,270.56,2
10421,20137,运动户外,cart,1750286226,385.82,3
10327,20017,运动户外,view,1750230405,1063.81,2
10105,20021,图书,view,1750326134,128.87,1
10471,20082,手机,view,1750282483,6880.15,1
10380,20057,数码配件,view,1750343260,477.92,1
10034,20052,美妆,cart,1750356524,392.5,1
10118,20000,手机,buy,1750303846,7015.43,1
10013,20060,图书,cart,1750218033,82.27,2
10013,20158,运动户外,view,1750262538,803.9,2
10265,20030,运动户外,view,1750275367,776.18,1
10139,20065,手机,view,1750372515,7199.27,3
10293,20146,运动户外,view,1750257944,630.74,1
10363,20052,数码配件,view,1750320972,178.29,1
10118,20094,数码配件,buy,1750217563,224.26,3
10237,20149,运动户外,view,1750222947,620.19,1
10033,20022,家电,view,1750262206,4720.63,1
10168,20142,数码配件,view,1750340348,270.54,2
10009,20153,美妆,view,1750346137,694.66,3
10121,20130,数码配件,view,1750324146,399.96,2
10400,20086,数码配件,view,1750307484,288.96,3
10144,20147,美妆,view,1750271289,223.88,3
10450,20124,家电,buy,1750214172,1937.33,3
10445,20108,美妆,view,1750272261,729.57,2
10222,20039,图书,view,1750235119,66.14,1
10370,20120,家电,view,1750377256,4431.58,1
10256,20038,手机,cart,1750341608,4909.29,1
10267,20119,图书,view,1750344970,40.72,1
10358,20199,图书,cart,1750364478,72.74,3
10003,20017,手机,view,1750314937,5246.9,2
10425,20168,手机,view,1750248753,6350.54,3
10396,20197,家电,view,1750354237,2494.8,2
10353,20154,美妆,view,1750227290,788.37,1
10105,20142,手机,cart,1750221245,7148.39,2
10084,20036,手机,view,1750268057,3372.8,2
10213,20185,数码配件,cart,1750320169,61.85,3
10120,20004,手机,view,1750278573,6668.3,3
10131,20072,图书,view,1750348017,65.13,1
10337,20134,图书,view,1750366340,118.88,2
10196,20040,家电,view,1750229211,3258.53,3
10018,20009,美妆,buy,1750246883,535.57,2
10129,20189,数码配件,view,1750336011,59.5,2
10011,20153,美妆,view,1750341805,395.92,1
10080,20067,图书,view,1750372227,30.49,2
10329,20023,美妆,view,1750327115,171.98,3
10353,20077,家电,cart,1750205313,2113.22,2
10261,20168,运动户外,view,1750294528,1169.07,3
10391,20192,数码配件,cart,1750245059,205.09,2
10124,20144,美妆,view,1750330529,536.15,2
10306,20108,美妆,view,1750289288,782.48,3
10266,20023,运动户外,view,1750213577,1198.47,1
10446,20154,手机,view,1750341095,4827.5,2
10440,20006,手机,view,1750364409,5947.39,2
10382,20072,家电,cart,1750364910,3745.04,2
10139,20106,美妆,buy,1750373953,393.54,1
10328,20098,数码配件,view,1750295563,484.37,3
10001,20121,家电,view,1750361846,2451.59,3
10007,20011,手机,view,1750310579,3681.43,1
10249,20084,家电,view,1750239899,3491.05,1
10138,20002,运动户外,buy,1750328918,686.33,1
10123,20078,数码配件,view,1750248165,187.67,2
10308,20084,数码配件,view,1750299279,327.65,3
10227,20009,图书,view,1750271926,110.24,3
10009,20032,家电,view,1750205896,3090.35,1
10468,20045,手机,view,1750329918,7288.47,2
10211,20058,数码配件,view,1750301965,94.84,1
10111,20051,家电,view,1750299827,4051.24,2
10007,20005,家电,view,1750328152,4740.38,2
10291,20129,手机,view,1750334553,4078.54,1
10476,20028,手机,view,1750288627,7486.14,1
10361,20118,美妆,buy,1750277875,254.26,1
10459,20167,图书,view,1750258412,32.48,3
10252,20096,图书,cart,1750355822,82.73,2
10013,20188,图书,buy,1750206500,41.55,2
10239,20195,家电,cart,1750208028,2495.14,2
10437,20067,美妆,view,1750290277,583.55,3
10241,20156,数码配件,view,1750340727,451.96,1
10468,20189,数码配件,cart,1750346634,68.75,1
10341,20059,数码配件,view,1750295842,214.39,3
10148,20123,运动户外,cart,1750323238,776.54,1
10235,20083,运动户外,cart,1750372518,357.23,2
10305,20040,数码配件,buy,1750304553,375.78,1
10477,20112,数码配件,view,1750239659,208.43,3
10166,20064,家电,view,1750226477,4022.93,2
10019,20191,运动户外,view,1750226913,220.09,2
10215,20078,家电,cart,1750322564,3543.64,3
10342,20062,手机,buy,1750283637,4075.14,1
10134,20175,图书,buy,1750293265,77.7,2
10392,20147,美妆,view,1750315275,587.62,1
10128,20117,美妆,view,1750320033,265.46,3
10409,20036,数码配件,view,1750212932,53.56,3
10421,20063,图书,view,1750357714,43.96,3
10293,20085,美妆,buy,1750244130,658.67,3
10245,20132,家电,buy,1750307126,4475.53,2
10188,20033,运动户外,view,1750255984,563.77,3
10043,20038,运动户外,cart,1750280336,588.92,2
10085,20066,手机,view,1750305318,4638.46,1
10043,20061,家电,view,1750376976,3166.61,1
10329,20087,图书,cart,1750275271,128.05,1
10374,20151,数码配件,view,1750236787,380.21,1
10445,20130,数码配件,view,1750303387,83.83,1
10377,20108,美妆,view,1750375768,514.83,1
10389,20198,数码配件,view,1750214483,202.94,2
10144,20088,美妆,cart,1750244636,239.78,3
10050,20066,家电,view,1750357424,1582.81,3
10241,20078,美妆,view,1750253438,314.29,2
10293,20177,数码配件,view,1750232537,272.91,1
10407,20028,家电,view,1750208068,1762.6,2
10050,20073,运动户外,view,1750375327,851.34,2
10265,20031,家电,view,1750357176,,2
10119,20086,数码配件,view,1750288451,113.08,1
10199,20038,数码配件,view,1750205238,326.5,3
10404,20136,数码配件,cart,1750340850,391.86,2
10247,20100,手机,view,1750205750,3458.81,2
10069,20141,手机,view,1750258365,6722.76,3
10340,20067,运动户外,view,1750313326,979.96,3
10056,20191,手机,view,1750351168,4668.47,3
10381,20147,数码配件,view,1750276101,401.92,1
10038,20027,运动户外,view,1750256810,312.93,1
10471,20013,运动户外,cart,1750334391,913.96,2
10288,20171,运动户外,view,1750263429,759.07,1
10442,20076,美妆,view,1750336999,578.76,1
10017,20115,图书,view,1750267895,135.95,1
10439,20166,数码配件,buy,1750332781,306.5,2
10219,20027,运动户外,view,1750251088,987.1,1
10312,20191,数码配件,view,1750213436,391.66,1
10243,20088,数码配件,cart,1750326081,262.64,1
10351,20031,数码配件,view,1750264673,479.15,1
10459,20136,手机,view,1750367097,4932.23,3
10303,20155,运动户外,view,1750219810,207.37,1
10297,20094,美妆,view,1750333072,193.05,3
10282,20016,手机,view,1750285650,6755.98,1
10073,20116,美妆,view,1750287300,198.39,3
10109,20076,数码配件,view,1750344539,,2
10179,20054,数码配件,cart,1750262116,60.88,1
10425,20009,图书,view,1750323689,64.73,1
10031,20079,运动户外,view,1750231780,1088.19,1
10233,20133,数码配件,view,1750215946,93.59,1
10281,20175,手机,view,1750252214,6294.06,2
10024,20115,手机,view,1750249337,7337.21,1
10330,20194,家电,view,1750261247,1072.02,3
10278,20168,运动户外,buy,1750353090,376.63,3
10225,20078,数码配件,cart,1750361235,90.94,2
10056,20059,手机,view,1750277479,,2
10179,20041,数码配件,view,1750266723,439.39,2
10231,20115,手机,buy,1750333493,5476.66,1
10381,20108,手机,view,1750217531,4411.69,3
10342,20070,美妆,view,1750318545,485.98,3
10476,20155,家电,view,1750296768,4549.68,1
10286,20101,家电,buy,1750234169,2449.68,2
10063,20012,美妆,view,1750222687,192.43,1
10454,20014,图书,cart,1750303855,94.9,1
10231,20035,运动户外,view,1750300007,1078.49,3
10288,20014,手机,cart,1750231144,7738.05,1
10212,20116,家电,view,1750308558,1117.27,2
10257,20074,家电,view,1750358545,4459.2,1
10017,20055,图书,buy,1750229274,82.11,3
10174,20094,家电,view,1750314797,3527.06,2
10416,20131,图书,view,1750263073,93.25,2
10228,20051,家电,view,1750299670,3069.91,2
10225,20137,图书,view,1750358952,98.65,2
10083,20172,数码配件,view,1750349666,55.25,2
10290,20083,手机,view,1750332763,6408.32,2
10434,20028,手机,view,1750340987,4550.4,1
10369,20052,美妆,view,1750206225,373.93,1
10245,20156,家电,view,1750301837,4074.15,2
10401,20150,数码配件,cart,1750280940,376.83,2
10109,20184,美妆,view,1750230406,212.94,3
10253,20177,手机,cart,1750210372,7574.29,1
10087,20020,家电,view,1750296041,1379.69,1
10071,20111,数码配件,view,1750206626,469.09,2
10380,20170,美妆,view,1750332360,515.68,2
10029,20137,手机,view,1750356416,4717.73,1
10171,20075,运动户外,cart,1750370998,661.48,2
10308,20029,手机,view,1750307416,3470.72,3
10393,20124,家电,view,1750339857,3694.56,3
10342,20050,图书,buy,1750317858,115.34,2
10435,20160,运动户外,view,1750371643,943.47,3
10176,20145,美妆,view,1750207462,769.77,1
10138,20077,手机,view,1750350475,7849.18,2
10193,20021,手机,cart,1750305320,7142.02,3
10185,20063,图书,view,1750282225,83.43,1
10217,20020,图书,view,1750327749,38.55,1
10163,20128,美妆,buy,1750282246,754.92,2
10160,20106,家电,view,1750356966,2186.37,2
10430,20115,图书,view,1750218149,92.79,1
10012,20123,家电,view,1750316612,4590.93,3
10295,20142,数码配件,view,1750287410,261.71,2
10088,20035,图书,view,1750241237,78.38,3
10323,20046,图书,view,1750214767,101.79,3
10041,20181,手机,view,1750273238,7702.06,2
10402,20031,手机,view,1750317680,3582.14,3
10209,20185,图书,view,1750256733,39.61,2
10228,20173,手机,view,1750220331,3561.73,2
10349,20053,手机,view,1750292782,4815.03,2
10274,20160,家电,view,1750271543,1321.05,3
10441,20166,手机,view,1750253744,3932.38,3
10278,20022,手机,buy,1750222957,4732.14,2
10250,20170,图书,view,1750306608,24.11,1
10309,20182,运动户外,view,1750348812,551.0,2
10207,20001,数码配件,view,1750254064,101.13,3
10320,20193,家电,view,1750311257,4391.3,3
10139,20165,美妆,buy,1750347191,118.41,1
10279,20156,数码配件,view,1750297585,347.43,2
10033,20109,手机,view,1750305140,3304.53,2
10308,20123,运动户外,view,1750330500,608.79,2
10391,20066,图书,view,1750305047,126.16,1
10017,20070,图书,cart,1750297334,92.16,1
10056,20163,美妆,view,1750284938,554.14,1
10111,20028,数码配件,view,1750327616,119.86,1
10004,20118,数码配件,view,1750318027,126.78,1
10409,20164,手机,view,1750292604,4721.76,1
10413,20112,图书,view,1750244941,107.9,2
