,0,1,2,3,4,5,6,7,8
0,LTB,S100A9,RPL13,CD74,CCL5,LST1,NKG7,FCER1A,PF4
1,RPS27A,S100A8,MALAT1,CD79A,NKG7,COTL1,GNLY,HLA-DQA1,GNG11
2,RPS3A,LYZ,RPS3A,HLA-DRA,B2M,FCER1G,GZMB,HLA-DPB1,SDPR
3,RPL13,TYROBP,RPS27A,CD79B,GZMA,AIF1,CTSW,HLA-DPA1,PPBP
4,GIMAP7,FTL,LTB,HLA-DPB1,CST7,FTH1,PRF1,HLA-DRB1,NRGN
5,GIMAP5,FCN1,LDLRAP1,HLA-DQA1,CTSW,SAT1,GZMA,CST3,GPX1
6,AQP3,S100A6,MAL,HLA-DRB1,GZMK,FTL,CST7,HLA-DRA,SPARC
7,MAL,CST3,MT-CYB,HLA-DPA1,LYAR,CTSS,FGFBP2,CD74,RGS18
8,FYB,LGALS2,ACAP1,TCL1A,GZMM,CST3,B2M,HLA-DMA,OAZ1
9,B2M,LGALS1,TRABD2A,LINC00926,MALAT1,OAZ1,CD247,GPX1,GP9
10,MALAT1,FTH1,GIMAP5,HLA-DMA,KLRG1,FCGR3A,SPON2,LYZ,HIST1H2AC
11,ACAP1,GPX1,AQP3,LTB,PRF1,S100A4,FCGR3A,H2AFY,CD9
12,SRSF5,S100A4,SELL,HLA-DMB,GZMH,NPC2,GZMM,CLEC10A,CCL5
13,SELL,AIF1,SCGB3A1,HVCN1,MT-CYB,TYROBP,CCL4,HLA-DMB,ACTB
14,ITM2A,OAZ1,GIMAP7,SNHG7,HOPX,ACTB,SRGN,FCGRT,ITGA2B
15,LDLRAP1,LST1,FYB,IRF8,APOBEC3G,LGALS1,HOPX,IL1B,AP001189.4
16,PPP1R2,CTSS,RP11-18H21.1,FCRLA,SAMD3,S100A6,GZMH,LGALS2,TUBB1
17,ARL6IP5,SAT1,SRSF5,LIMD2,CCL4,IFI30,CCL5,LGALS1,CLU
18,SRP9,FCER1G,CISH,HLA-DOB,RPS27A,HLA-DPA1,IGFBP7,FTH1,MPP1
19,GPR183,COTL1,RIC3,PKIG,GIMAP7,PYCARD,FCER1G,ALDH2,NCOA4
20,CORO1B,NPC2,C16orf54,SMIM14,CD247,HLA-DRB1,AKR1C3,SRGN,FERMT3
21,TRABD2A,MS4A6A,SNHG7,P2RX5,FGFBP2,SRGN,APOBEC3G,VAMP8,SAT1
22,TNFRSF4,PYCARD,ATP6V0E2,CD72,TIGIT,LYZ,PDIA3,FCER1G,TMEM40
23,CD247,LGALS3,DENND2D,RPL13,GZMB,ABI3,TYROBP,LST1,PTCRA
24,ILF3-AS1,TALDO1,ITM2A,SPIB,SH2D1A,FCN1,ACTB,PYCARD,TREML1
25,PASK,FCGRT,NOG,IGLL5,TMBIM6,HLA-DRA,PRSS23,AIF1,CA2
26,CD96,NCF2,MAGEH1,KIAA0125,C9orf142,S100A9,ZAP70,GSN,PGRMC1
27,STK17A,SRGN,MDS2,RPS3A,MT-CO1,HLA-DPB1,XCL1,PHACTR1,ODC1
28,SSBP1,HLA-DRA,FUS,BLNK,KLRB1,LGALS3,PSMB8,ACTB,SRGN
29,NDUFA12,CDA,DNAJA3,SWAP70,MT-CO2,FGL2,SAMD3,TYROBP,SEPT5
30,CRIP2,IFI30,CCDC66,CD19,STK17A,CD74,PLEKHF1,COTL1,ACRBP
31,FAM107B,ACTB,LYRM4,LAT2,ZAP70,CDA,HAVCR2,IFI30,F13A1
32,ATP5H,TNFSF13B,ZNF626,RPS27A,PRR5,MT-CO1,CCL3,SERPINF1,MMD
33,CCNG1,HLA-DRB1,ZCCHC11,SELL,ARL6IP5,FCGRT,GPR56,CNPY3,SNCA
34,EIF3D,ALDH2,BEX4,PRKCB,SNRPB,C5AR1,ABI3,RGS1,TALDO1
35,TNFRSF25,MT-CO1,TAF1D,ARHGAP24,GYG1,ARRB2,C5orf56,MS4A6A,DYNLL1
36,RNF139,LINC00936,CD247,C16orf74,PTGDR,BLVRA,C9orf142,RAB7A,LY6G6F
37,CISH,CD74,ARRDC3,PARP1,PDIA3,TNFSF13B,CAP1,TMEM219,CMTM5
38,IL16,FPR1,XXbac-BPG299F13.17,MZB1,S100A4,NCF2,PTGDR,TNFSF13B,GP1BA
39,SUCLG2,ASGR1,USP20,BTK,ACTB,TNFSF10,LYAR,ENHO,MYL9
40,REXO2,CNPY3,PASK,RNASEH2B,GNLY,TNFRSF1B,FCRL6,SAT2,RP11-367G6.3
41,IL27RA,SERPINB1,CARS,DRAM2,MT-ND5,BLOC1S1,ARPC4,C16orf13,PTGS1
42,NSA2,VAMP8,RBM48,PPP1R14A,TMED4,STX11,SERPINB1,ATP5C1,TPM1
43,SIVA1,FOLR3,STK17A,IGJ,FCRL6,OAS1,TMEM50A,PQBP1,MARCH2
44,PNRC1,ATP6V1F,PITPNA-AS1,NT5C,SRGN,FCGR2A,GIMAP7,RNF181,PARVB
45,FUS,BLVRA,RPUSD2,FCRL2,CDC42EP3,TALDO1,TBCB,PRDX3,C2orf88
46,DENND2D,PLBD1,SCAPER,C15orf57,CD160,H2AFY,PSMC4,SUMO3,CLEC1B
47,SRSF3,CCL3,CAMK2G,GUCD1,BTN3A2,LINC00936,MALAT1,CAT,AC147651.3
48,GIMAP2,S100A12,CRIP2,CD82,MFSD10,UBE2L6,RBM39,NCF2,GAS2L1
49,TCEAL8,STX11,C16orf58,STK17A,PCSK7,C20orf27,SRSF3,TNFAIP2,TSC22D1
50,HNRNPH3,H2AFY,RIOK2,RASGRP2,GADD45B,CAP1,CD160,YWHAE,PLA2G12A
51,ICAM2,HLA-DMA,FKBP5,KIAA0040,CDC37,CAPZA2,SELL,NPC2,MFSD1
52,ICOS,HLA-DPA1,CITED4,RP5-887A10.1,GIMAP5,MARCKSL1,BTN3A2,PPT1,NT5C3A
53,CCT7,IL8,NEMF,ODC1,TMEM50A,ATP6V1F,RALY,DNAJC15,TMEM50A
54,NOP58,HLA-DPB1,LRBA,ZNF92,ACAP1,FPR1,ITGB7,MBOAT7,CLDN5
55,ITGB7,JUND,POLR2I,TNFRSF13C,RAB9A,CAPZB,STK17A,SDHB,HGD
56,THYN1,ATP5D,KIAA1430,ARL4A,JAKMIP1,UQCRC1,SCP2,OAZ1,SCGB1C1
57,RIC3,SAT2,GALT,BACE2,PILRB,RXRA,KLRC1,SAT1,C6orf25
58,WTAP,IL1B,PRAF2,CAMK1D,DENND2D,IFI35,DEF6,FTL,MAP3K7CL
59,C14orf166,FGL2,RP11-349A22.5,CDC40,GPR56,VAMP5,NDUFB8-1,TALDO1,FTH1
60,IL23A,DYNLT1,NARG2,GGA2,PLEKHF1,ZYX,RAMP1,ATP6V1F,TMEM91
61,TTC3,FCGR1A,LUC7L3,P2RY10,CAP1,PSMA7,CD47,BLOC1S1,GSN
62,ATP6V0E2,ARRB2,KLHL24,PHACTR1,ORAI1,S100A8,RAB7A,FKBP3,VDAC3
63,PPP6C,TNFAIP2,TTPAL,RP11-428G5.5,HDAC1,DYNLT1,TMBIM6,TMEM208,VAPA
64,AKTIP,G0S2,CBX5,EIF1AY,HNRNPM,BTK,CAPZB,LYPLA1,RBBP6
65,GPR171,TMEM219,DUS3L,SRSF5,GPR171,CASP4,ACP1,ALKBH7,STX11
66,LSM14A,C5AR1,UBIAD1,MALAT1,PSMA7,CNPY3,CCDC12,BTK,RP11-879F14.2
67,HDAC1,FCGR2A,PSMG2,CHI3L2,MMADHC,SERPINB1,LMAN2,S100A6,ITGB3
68,C4orf3,TMEM205,DNMT3A,ITSN2,SRSF3,GPX1,KLRG1,C17orf62,FAXDC2
69,ZAP70,TNFSF10,MRPS33,BBX,FAM173A,NAPRT1,KLRB1,LGALS3,ESAM
70,SMDT1,C20orf27,NMNAT3,MT-CO2,C5orf56,PRDX1,RBM3,SERPINB1,ALOX12
71,DEF6,PSMA7,YPEL2,ADD1,PRNP,LAMTOR5,CYB5B,TMEM14C,HIST1H2BJ
72,SCGB3A1,OSCAR,CGRRF1,PAX5,RCN2,SDHB,MT-CO1,HAVCR2,DMTN
73,UBAC2,UBE2L6,FBXO21,RIC3,RNF125,RNF181,ARL6IP5,MPC2,UBAC2
74,ATF7IP2,RILPL2,ACOT13,PCDH9,ITGB7,IFIT1,DENND2D,CAPZA2,SENCR
75,SLFN5,RETN,RGS14,LUC7L3,WTAP,MPP1,KIR3DL2,DYNLL1,FHL1
76,ZNF32,CASP4,ZNF75A,CEPT1,RPS3A,CSNK2B,MAF1,UBE2L6,SLC40A1
77,FNTA,SF3B5,FHL1,NEMF,CHMP4A,HLA-DMA,SH2D1A,TBCB,XPNPEP1
78,KARS,ZYX,FXN,MT-CO1,PRSS23,DYNLL1,LAT2,LUC7L3,TMEM219
79,ACP1,NAPRT1,MINA,SIAH2,CPNE2,PPT1,LIMD2,MLEC,PACSIN2
80,SF3B1,BLOC1S1,ZFYVE28,MACROD2,PSMB6,HLA-DQA1,ARHGDIA,IGFBP7,PVALB
81,GBP1,RNF7,SETD1B,KCNG1,PSMB8,LGALS2,S100B,SMIM12,ARHGAP6
82,VPS28,GRB2,MED9,ACADM,MOB2,APOBEC3B,HNRNPM,MT-ND5,PDZK1IP1
83,XXbac-BPG299F13.17,UBE2D1,NUDT16L1,PAWR,PTPN7,TREX1,RCN2,ZYX,CTTN
84,ALKBH7,CRTAP,RP5-1073O3.7,AIM2,CAPN12,ATP5C1,SRP9,RNF7,FSTL1
85,TMBIM6,HLA-DMB,RABL2B,EIF3D,SPON2,RILPL2,SNAPIN,C12orf45,C19orf33
86,PRNP,DYNLL1,SAMD12,PHF14,VDAC3,CD79B,TIGIT,ABI3,ANKRD9
87,C14orf1,RNF181,PLD6,FAM96A,RPS19BP1,CAT,SNRPB,POLR2E,B2M
88,GGNBP2,ZNF467,AKTIP,SNX10,HSPB11,RAB7A,SF3B5,BLNK,FTL
89,MRP63,VAMP5,TBCK,RABEP2,TOR1A,LSM6,LGALS1,ISOC2,GMPR
90,PPP2CA,TNFRSF1B,PDZD4,RP11-164H13.1,TAF12,PSMB8,TMBIM4-1,CSNK2B,TMEM140
91,RGS1,UQCRC1,IL23A,TAF1D,RCHY1,RELT,JTB,PLBD1,AGPAT1
92,RP11-589C21.6,PPT1,TRIM14,NT5C3A,ARPC4,SNX10,CARHSP1,NCKAP1L,LDLRAP1
93,CCND2,TREX1,LRRC8C,AL928768.3,RGS14,NCKAP1L,PTPN7,STK32C,COTL1
94,RP11-18H21.1,NDUFB10,IP6K1,RELB,MAEA,OSCAR,RNF213,PFDN2,DIAPH1
95,C16orf13,OAS1,PCNX,MFF,ATP6V0E1,ICAM2,CSNK2B,TAF10,CAPZA2
96,EMB,SMARCD3,MPP6,PNRC1,SHARPIN,SH3GLB1,GNPTAB,SNX5,SPOCD1
97,SH2D1A,CSNK2B,RP11-468E2.4,MRPS18A,SMARCA4,CORO1B,FERMT3,BABAM1,SEC14L5
98,EIF5B,IL17RA,ZMAT3,RBBP6,GNPTAB,PSMB6,SDHAF2,RBM39,LCN2
99,MTERFD2,LTB4R,C12orf45,CHD2,NPRL2,TBCB,PLEKHJ1,IRF8,GATA2
100,RNF113A,IFI35,TRAPPC12-AS1,GRAP,HENMT1,RER1,FAM96B,TMEM205,ATP9A
101,TMED4,RAB34,SLC2A13,MARCKSL1,CARHSP1,SMAP2,MRPS12,MRPL21,AC137932.6
102,NDUFB8-1,MBOAT7,GRAP,CPNE5,ITSN2,RNF213,VDAC3,SAMD9L,SCN1B
103,VAPA,TXNDC17,ZNF682,SLC50A1,BTN3A1,LMAN2,PSMA7,FERMT3,SMIM5
104,ATP5C1,FCGR1B,POMT1,NFATC1,POLR2K,TXNDC17,DERL1,FGL2,LGALSL
105,CMTM7,NDUFA2,MALT1,PWP1,ARID4A,CNIH4,AATF,CRTAP,ENKUR
106,SH3KBP1,PARL,RP11-314N13.3,TNFRSF17,IL16,ARHGDIA,MVD,FKBP5,PRKAR2B
107,THOC7,TMEM14C,ANKS1B,SMDT1,FAM63B,MT-ND5,HENMT1,ZC3H15,GFI1B
108,DPY30,IGFBP7,NNT-AS1,NEIL1,LPIN1,ATP6V0E1,CRELD2,PITHD1,CTNNAL1
109,BOLA3,SRA1,OBSCN,METTL21A,SSBP1,ARAP1,SH3GLB1,EIF2B1,SPHK1
110,AP3M2,PTAFR,TOP1MT,SYVN1,TMEM242,YWHAE,AHSA1,CTNNBIP1,CAPZB
111,CSNK1A1,JTB,CTD-2015H6.3,MAP3K8,SMCHD1,G0S2,SNX17,SNRPB,MBNL1-AS1
112,NARS,RXRA,RP11-400F19.6,SKAP2,STUB1,CCDC12,GADD45B,MARCKSL1,RPS19BP1
113,LIMD2,NRGN,SH3BGRL2,SMAP2,SLBP,VAMP8,PLEKHA1,ARRB2,CST3
114,PIK3R1,GSN,AC005614.3,FAM212A,GPKOW,SRA1,CHMP4A,NAPRT1,C4orf3
115,EWSR1,MYO9B,THEM4,TCF12,TARSL2,SNX5,PPIE,GADD45B,LINC01003
116,ZC3H15,SNX10,RP5-827C21.4,PNPLA8,BAG5,ATP5H,RPS19BP1,FCN1,ERV3-1
117,BEX4,SDHB,CCDC3,TCEA2,MLLT6,TNFAIP2,LUC7L3,TRAPPC3,ZYX
118,RBM39,MPP1,RBL1-1,ACBD3,SRP9,RNF7,MRPL51,PPP1R14A,RABIF
119,THEM4,SGK1,CCDC163P,ZCCHC10,CLEC2B,PCMT1,SPPL2A,ITGB7,PRKCD
120,CWC15,PPIF,TGFBRAP1,IRF9,NDUFB8-1,NDUFA2,UBE2L6,GUSB,PRKCB
121,CHD2,CTNNBIP1,PGM2L1,ZCCHC11,DCAF5,TMBIM4-1,C17orf62,RPL7L1,CCNG1
122,XPOT,TPD52L2,F5,HDAC9,DIDO1,PLBD1,RPN2,MED28,BTK
123,PSMD14,TMEM91,RHBDD3,MYCBP2,SCP2,RASGRP2,CLEC2B,PAFAH1B1,FAM212B-AS1
124,GALT,PLA2G7,RP13-270P17.1,MAF1,DEXI,EPN1,DYNLL1,SNW1,PEAR1
125,HNRNPM,ATP5H,SCAI,CCDC12,CPSF3L,MS4A6A,RMDN3,FAM173A,PARD3
126,PITHD1,ALKBH7,EOGT,UIMC1,SLA,ARPC4,LBR,CCT7,RP11-185E8.1
127,NUDT16L1,CD93,FN3KRP,ICOSLG,AHSA1,POLR3K,PILRB,IFI44,CABP5
128,SNHG12,QSOX1,C6orf25,CCDC91,DERL1,GNS,ICAM2,SCP2,NPPA-AS1
129,LRCH4,AP003733.1,CTB-113I20.2,BNIP2,FUS,GUSB,MAP3K8,LINC00936,HRASLS
130,MAGEH1,VPS28,MNAT1,SMCHD1,SMIM12,ATP5D,KIR2DL3,ILF3,SERPINE1
131,RRS1,CYP27A1,DNAJC27,TTC14,TMEM222,OTUB1,RER1,LAT2,RP11-359I18.5
132,DIMT1,RBM3,RP11-378J18.3,HOOK2,MPC2,CMTM7,GIMAP5,C9orf142,SYTL4
133,C16orf80,PRKACA,FCGBP,ATP10D,STX4,MT-CO2,SARS,IFT20,C15orf26
134,UBIAD1,TMEM208,ACTR6,ECHDC1,CWC27,GRB2,ARL2BP,UQCRC1,VIL1
135,MLLT10,GALK1,AC093323.3,MIS18BP1,ATP6V0E2,MYO9B,CCDC115,NCOA4,SAMD14
136,NR3C1,CXCL2,EID2,TMEM80,XCL1,MRPL21,NT5C,RRAGC,TDRP
137,PSMG2,EMILIN2,LAMP3,SAMD9L,SYTL2,ALDH2,POLR2E,ACADVL,AC007879.7
138,EIF1AY,SMAP2,LZTS2,HIST1H2AC,ISOC1,PRDX3,F2R,RRS1,SEPT4
139,HERPUD2,CD163,URB2,PLRG1,RNF113A,HLA-DMB,PCMT1,GRB2,ASAP2
140,SLC40A1,PRKCD,CRTC1,PPIG,PDCD1,POLR2E,HDAC1,C14orf166,RSPH9
141,CCDC91,MID1IP1,PBLD,MZT1,LMAN2,RALY,HBA1,TOMM40,LINC00984
142,KIF5B,MT-CO2,ARVCF,LINC01013,P2RY10,IFIT2,CTBP2,RALY,hsa-mir-1199
143,DEXI,RGS18,ZNF587B,ZNF718,PCNX,PRKCB,PDZD11,SNX17,TNS1
144,ISCA2,APOBEC3B,MZT1,NEK8,CASC4,FERMT3,MTCH2,RBM3,NT5M
145,LPIN1,RER1,COL6A2,CXXC1,CDKN2A,PRKCD,PCNA,USP33,TGFB1I1
146,CD47,GMPR,URGCP,DENND5B,CD47,FAM32A,STUB1,COMMD4,PLA2G4C
147,CSRNP1,PARVB,EARS2,RP11-727F15.9,RBM4,MRPL51,TCP1,NT5C,RP11-142C4.6
148,ARL2BP,IFI44,SARDH,JAZF1,ALG5,C1QA,DIAPH1,RBPJ,C1orf198
149,API5,UBXN1,LINC00342,DNAJC10,S100A6,CTNNBL1,GSN,DNTTIP1,ACADVL
150,FKBP5,PRDX3,C16orf52,UTP6,STOML2,SMIM7,CAPN12,VDAC3,SH3BGRL2
151,NONO,DNAJC7,HOOK2,ZNF493,BZRAP1-AS1,NCOA4,OTUB1,CCDC22,EGFL7
152,PQBP1,YWHAE,SNTA1,KPNA1,NDUFB10,TMEM141,TMEM141,FAM96B,ARG2
153,RBM4,GBGT1,RPS6KL1,GNG3,ISY1,SNX17,RNF125,GLTP,AC092295.7
154,RCN2,ALDH1A1,DRAXIN,IDH1,USP19,ZNF106,ZBP1,TXNDC17,TBXA2R
155,PPIG,MFSD1,RP11-527L4.5,ANKRD54,FAM107B,TNNI2,IFI35,PCMT1,PLBD1
156,ADPRM,PFDN2,CAMK2N1,TMBIM4-1,THUMPD3,VPS28,TIMMDC1,TCEAL8,F11R
157,PITPNA-AS1,COLGALT1,RP11-432I5.1,PRKD2,ALKBH4,RAB2A,IFT20,TMEM55A,FAM212A
158,FKBP3,CORO1C,WDR91,ZNF397,TTC14,MTIF3,ACAT2,EIF3D,PRUNE
159,EAPP,IFIT2,C8orf44,ZNF75A,DNAJB14,CKS1B,VAMP8,MRP63,SUMO3
160,MRPS33,LAT2,U2SURP,ZBED5-AS1,ACD,BCL2A1,ATP5C1,PRKCD,ARHGAP18
161,MAF1,PQBP1,INTS2,MARCH6,DUS3L,LYPLA1,RNF187,SRSF3,RASGRP2
162,TAF1D,SKAP2,AP3M2,AC113189.5,GBP1,RBM3,YTHDF2,PMF1,PPP1R14A
163,SURF1,LAMTOR5,CTD-2368P22.1,ERV3-1,TSPAN15,ZNF593,PTGDS,SURF1,MADD
164,PAXIP1-AS1,ZNF106,RPH3A,C5orf15,XRRA1,NDUFA12,CIAPIN1,THOC7,TBC1D15
165,CCDC66,HBEGF,SPATA7,BLM,BOLA3,TLE4,EAPP,DDT,BNIP2
166,GLRX3,RARA,TTN-AS1,TCL1B,RER1,DRAM2,NUDT5,RNASEH2B,ACP1
167,CD82,SNCA,PBRM1,MRPL1,OAT,TMEM189,PDHB,SNRNP27,SIAH2
168,RFC1,FAM127A,DHX34,METTL8,BBS2,HDLBP,TMEM9B,C14orf1,UNC45A
169,ORAI1,CHN2,XRRA1,CKS1B,COPS4,CCDC124,MFSD10,S100A9,GRB2
170,NIT2,RASGRP4,CYP46A1,RGL2,MRPL43,TMEM9B,NCR1,LTV1,PKIG
171,RDH14,OAS3,ASB15,RP5-821D11.7,PHF14,UBXN1,TAF12,RAD23A,BZRAP1-AS1
172,TTC1,PSMB8,GJC3,PPP1R2,SLC25A12,PRDX4,ACADM,MFSD1,UIMC1
173,RPN2,KCNK6,AC073641.2,SNRPB,PPIL4,OAS3,NFU1,TIMM10B,ICAM2
174,ACAT2,ARAP1,NLGN2,ITPA,TMEM9B,SNX20,ATP6V0E1,ZNF593,TMEM9B
175,YTHDF2,C12orf10,RP11-554A11.8,SDCCAG8,DHX15,GYG1,ADD1,PSMB8,C17orf59
176,RAD23A,IFT20,RP13-143G15.4,RP11-421L21.3,RBM3,PFDN2,TINF2,MTCH2,BET1
177,PPA2,DNTTIP1,YEATS2-AS1,CCDC174,ITM2A,PPP2R3C,CCDC124,HDAC2,SNX9
178,TCP1,CLEC10A,YJEFN3,DDX1,RBM39,IGFBP7,ATXN10,STX16,SLBP
179,C12orf10,NKIRAS2,CTD-2506J14.1,SHOC2,POLR2I,DESI1,TMEM208,SPIB,N4BP2L1
180,CDC123,DRAM2,TP63,CAT,HMBOX1,MARCH2,STOML2,NAT9,HDAC5
181,PDIA3,TMEM55A,FAM83C-AS1,RP5-1028K7.2,ORMDL2,NUDT1,SNRNP35,RAB34,SPG20
182,ARL2,CD9,CHRM3,CTC-378H22.1,DPY30,TIMM17A,TMEM165,POLDIP2,CORO1C
183,IFI27,EIF2AK4,CCDC40,RP11-960L18.1,C3orf38,TMEM219,PPA2,MRPL51,CARHSP1
184,VPS26B,PLCB2,NKX3-1,RCE1,CCNG1,CORO1C,MOB2,SLC39A1,HDGF
185,PRDX1,PRDX1,RP1-102G20.5,TREML2,FOPNL,PLAGL2,PCSK7,LAMTOR5,VPS28
186,C21orf33,MPV17,MIR1-2,FAM107B,CDC123,ANAPC13,ABT1,HDDC3,TMEM55A
187,SPG20,MVB12A,RP11-302F12.10,MED30,C1orf50,C4orf3,IRF9,SRA1,PTGDR
188,CYB5B,PHACTR1,RP11-503E24.3,MRVI1-AS1,VPS13A,CCDC115,CDC37,NOC4L,DCAF8
189,SPSB2,DENND5A,RP11-535M15.1,7SK-2,CISD1,SMPDL3A,PSMB6,FCGR2A,FOPNL
190,GOLT1B,CDV3,CTD-2358C21.4,MPP6,COL6A2,PSMC4,NAA20,OTUB1,CRLS1
191,KIAA1430,IRF8,RP11-532F6.5,POLD2,TIMM22,DOK3,WHAMM,PDHB,CORO7
192,PTPN7,ATP6V0E1,CTD-2283N19.1,KCNQ1OT1,THEM4,SLC39A1,FAM107B,CTSS,FYB
193,ERI3,HDGF,RGPD8,NR2C1,WHAMM,ELOF1,HDAC2,POLD2,TBPL1
194,RP5-1073O3.7,FRAT1,CTD-2325A15.5,CHD7,STX18,RASGRP4,FNBP4,SF3B5,CD82
195,PRPF31,TNNI2,RP11-304L19.2,LINC00662,CD96,UBE2D1,ACAP1,NKIRAS2,SCP2
196,HPRT1,GNS,VIPR1,TASP1,FAM43A,SIVA1,ACADVL,SMDT1,MPC2
197,SDHAF2,FOSL2,MRPL1,CDC123,DIMT1,APH1B,CCT7,PACSIN2,POLR2E
198,SNW1,MAT2A,SREBF1,USP8,ANKHD1,PLCB2,KLF13,JKAMP,ARL6IP5
199,BBX,DOK3,AEBP1,LINC00494,FCGR3A,GLB1,MMADHC,POLR2I,RP11-885N19.6
200,DDB2,ZNF593,ATAD3C,RP11-219B4.7,PEX19,RFXANK,PITHD1,PRDX4,DCSTAMP
201,COPS4,NAT9,FBXL14,TBXA2R,RPN2,VPS25,MCM3,BEX4,KB-1460A1.3
202,UBXN1,NFIC,RP11-178G16.4,ANKAR,RP5-1028K7.2,MED28,CCND2,RFXANK,PRSS27
203,ARL16,BTK,ACVR2A,IDI1,VPS13C,ARL4A,ATP6V1F,CD72,CHST8
204,PCSK7,MT-ND5,TTC28,PLD6,ABI3,IRF8,ZNF276,ADSL,RGS6
205,SNX20,FCAR,SAMD4B,BCDIN3D,ECSIT,MAP3K8,GYG1,CLEC4C,RP11-355N15.1
206,SLBP,GAS2L1,RBM4,SCAPER,NUP54,CDV3,BEX4,PARL,RP11-879F14.1
207,WNK1,MRPL21,RP11-661P17.1,PACS1,RNF187,MIS18BP1,C19orf52,STX18,LEFTY1
208,MPHOSPH10,NCKAP1L,RP11-755B10.3,STAU1,TMEM87A,RETN,PPP2CA,NDUFA10,RP11-88H9.2
209,MAPK1IP1L,CSRNP1,CTB-31O20.9,LYPLA1,DEF6,IL1B,FKBP3,LSM6,AC012499.1
210,TCEAL4,MANBA,AC005224.2,RABL2A,PDHB,RAB1B,BTN3A1,KIF5B,SLC24A3
211,TMEM87A,TRIM8,RP11-274B21.8,TINF2,ADSL,SKAP2,RFC2,AATF,PDE6H
212,WIBG,NCOR2,RP11-46H11.12,RNF26,ELL,KLF11,ASB8,TMEM165,CREB3L1
213,SEC31A,GPR35,ITCH-AS1,EML6,ADAM10,SNAPIN,CSNK1A1,RILPL2,RP11-152L20.3
214,UBE2E1,IFIT1,RP11-147L13.8,PAICS,TNFRSF25,DIAPH1,RPUSD3,TIMMDC1,PF4V1
215,ATAD1,CHIC2,TMEM44,ZNF263,METTL3,ALKBH7,RAB8B,ATXN10,RTN2
216,MOCS2,CTD-2267D19.2,RHCE,ELP6,GIMAP2,MID1IP1,COMMD4,HMGXB4,PDGFA
217,FNBP4,SURF1,RP11-983P16.4,CAPN12,R3HDM2,SIK1,KIF5B,LYRM4,MEF2C-AS1
218,TDG,CCL2,AC022201.5,GIT2,R3HDM1,SGK1,PRR5L,GALK1,MYCT1
219,PRKD2,PMF1,GLB1L3,TMX2,RPL39L,VAPA,TM7SF3,PPP2R3C,RP11-672A2.6
220,DHX9,GLTP,RP11-488C13.5,TOP1MT,LINC00662,NDUFB10,RAB2A,VPS25,ELOVL7
221,LYRM2,DICER1,RP11-589C21.6,AEBP1,C14orf1,HAGH,TIMM10B,ZNF467,TRAPPC3L
222,BTN3A2,CMTM7,ZNF559,POLR3E,NFU1,TMEM208,MARCH5,GTF2B,DLK1
223,MRS2,LINC01003,PDIA5,HDAC5,ILF3,DNAJC15,MNAT1,MAF1,CTD-2184C24.2
224,LSM6,CDC42EP3,ADAL,HEMK1,WDR45,FAM127A,C1orf35,UTP6,GCKR
225,RNASEH2B,PICALM,UBE2K,ZNF45,RP11-70P17.1,C17orf62,ISY1,RPS19BP1,PTPRN
226,RBBP6,JARID2,SERAC1,RP11-430B1.2,F2R,SUMO3,PSMD14,TMEM242,MAP2
227,ANAPC13,MRPL51,RP11-398C13.6,LAMTOR5,ATXN1L,CSRP1,SSBP3,NUDT1,LTBP1
228,MLLT6,TAF6L,PIGL,NFU1,RP4-612B15.3,JUND,BNIP2,S100A4,RP11-830F9.5
229,SARS,ELL,OSBPL7,PDCD2L,BOLA1,DDT,MRPL42,CSNK1A1,MAP1A
230,SRPR,FERMT3,ZUFSP,KLHL24,C17orf59,IL17RA,NDUFA12,YTHDF2,TAL1
231,NUDT5,LRRK2,OMG,TSPAN33,SF3B1,SNW1,VTI1B,ACADM,CTD-2541M15.1
232,XRRA1,MTCH2,RP11-77H9.2,RP11-554J4.1,C9orf69,PAFAH1B1,ATP5SL,PRKACA,GLS2
233,ABT1,MLTK,ZNF425,NOL11,HNRNPH3,KARS,SNX5,NONO,BEND2
234,LRRC8C,PPBP,ACVR2B,TMEM87B,PSMD14,ASGR1,WDR55,NEMF,MEIS1
235,AHSA1,CAPZA2,TACR2,MED9,DOCK10,MTCH2,CCL4L1,RNF187,MEG3
236,CARS,CTNNB1,AC068580.6,AATF,ZC3H15,GID8,RP11-792A8.4,SKAP2,MT-CYB
237,PEX16,CEACAM4,RP11-178L8.7,ABHD17B,NUPL2,TRIM8,SUMO3,FAM120A,RP4-781K5.2
238,MRPL1,DESI1,PPT2-EGFL8,MED28,TLE4,APOBEC3G,EMG1,PSMC4,LNP1
239,NUDT1,DHRS4,KRTAP5-AS1,ATXN1L,PIK3R1,EMILIN2,GGNBP2,C20orf27,RP11-215G15.5
240,PRKACB,RELT,KCNH3,INTS12,CLPX,VTI1B,PPP1R8,RAB1B,CLIP2
241,GRPEL1,RP11-139H15.1,RP11-247A12.2,TSSC1,NXT2,CSRNP1,YWHAE,NUPL2,SDCBP2
242,PPIE,SIK1,PLIN5,EFCAB4A,PGM1,SNRPB,GLRX3,SGK1,RAB6B
243,LBR,TRAPPC3,DEXI,ACD,PRDX1,PSMG2,SH3KBP1,SMIM14,LY6G5B
244,POLD2,TRPM4,LTV1,FAM43A,TSSC1,PARL,HPRT1,PDIA3,GPR55
245,PCMT1,TMEM189,TRIM23,CASC4,TGFBRAP1,DNTTIP1,SRPR,GARS,ASB8
246,ZNF276,TMEM199,IDUA,DIDO1,RCL1,SF3B5,NPRL2,MT-CO1,INPP5A
247,PMF1,RABL6,ZNF718,VTI1A,CCL4L1,TMED5,XXbac-BPG299F13.17,CD47,TTC30A
248,NME3,SPHK1,PYGO2,VPS13A,EAPP,GALK1,CTNNBL1,ECHDC1,PBLD
249,RBM7,NFKBIL1,RP4-800J21.3,SETX,HMGXB4,LAMP2,GBP4,MAT2A,HOMER2
250,FXN,SLC22A18AS,ACD,RP11-219B17.1,PEX16,LRCH4,RNF113A,CAP1,UBE2C
251,LMAN2,CIDEB,KCNJ14,PMEPA1,TNFRSF9,ITPA,SLBP,ATP5D,EML6
252,NARG2,KCNE1,CTD-2227I18.1,C7orf26,UNC45A,SMIM12,VAPA,VTI1B,THBS1
253,TRIP11,IDH1,RP11-10K16.1,HCFC2,CLU,NT5C,ITPA,SNCA,ZNF841
254,RPL7L1,CR1,TEX12,PELI1,ATAD1,DNAJC7,SHARPIN,CDC37,TIMM17A
255,KIF3A,SUMO3,VIL1,MYO1E,NOL11,GBP1,MLLT6,NDUFA2,RAB38
256,GARS,GUSB,LNP1,CDK16,PURA,PIGX,CD96,MRPL43,CDC42BPB
257,MCM3,SLC27A1,NEUROD2,UBE2E1,CEP128,RP11-139H15.1,WDR45,PPA2,TOR1A
258,AGA,RELB,CTC-454I21.3,ZRANB3,TMEM177,GIMAP2,TMEM18,PSMB6,TRIM16L
259,STX4,RIT1,RP13-314C10.5,TMEM222,LBR,CDC42EP3,PRPF31,SAMM50,AL928768.3
260,LARS,TCEA2,CACNA1C-AS1,HELQ,GTPBP6,CCT7,NDUFB10,NME3,EOGT
261,GTF2B,CCDC124,SUOX,ARID4A,AAGAB,NAA20,ARRB2,SMARCA4,C9orf3
262,MARCH6,LPGAT1,NEDD4,SENP2,RP11-66N24.3,JKAMP,DCP2,DIAPH1,WIBG
263,TMEM116,SMARCA4,DHX8,BANP,ERV3-1,C10orf32,DPY30,DERL1,TSPAN33
264,CAPZB,HDLBP,SEPT11,PTPRN2,GOSR2,NAT9,DHX15,LILRA4,MOB2
265,PCNA,USP7,ORC2,AP003419.16,ABCC10,PDHB,GOSR2,RELT,TSPAN15
266,SNAP47,TMEM141,RFC5,RFC2,RBM25,ORMDL2,SMIM7,TMEM87A,ANKAR
267,TMEM18,RGL2,ING5,PJA1,KIAA1430,PLEKHJ1,TXNDC17,PARVB,ISY1
268,FOPNL,GGA3,RP11-727F15.9,IGFBP4,MTERFD2,ABHD5,UBXN4,ELP6,CPNE5
269,FHL1,DAGLB,C9orf3,ZNF747,CYB5B,DCP2,RNF139,CYB5B,SIRT1
270,UBA5,PRRG4,YEATS2,ARRDC3,LYPLA1,PRKACA,PHF5A,DDX46,CDKN2A
271,SCFD1,ATP5C1,RP11-138A9.2,POMT1,NR2C2AP,DDX46,PRDX3,MRPS23,GUSB
272,CCDC22,AGO4,SMTN,RUNDC1,CNEP1R1,ZMAT5,NONO,SSBP1,NECAB3
273,PRPS2,REEP3,RP11-324I22.4,SAFB2,NUDCD1,SARS,PSMC6,SIRT6,F2R
274,TSSC1,ANKRD22,ZNF594,U2SURP,BRAT1,IFI44,ALG5,SNHG7,ZNF628
275,MED30,STK32C,RP11-502I4.3,C21orf33,INVS,GSTZ1,LRCH4,ATP6V1C1,TBCK
276,USP5,NELFB,LY6G5B,FBXO33,RNF14,GRPEL1,LRRC59,KCNK6,ORAI1
277,CWC27,MAP3K7CL,U73166.2,AL928742.12,RDH14,FAM96B,PRKACB,CCDC124,AC113189.5
278,IDI1,TMEM234,PLXNA1,RP11-159H10.3,PGRMC2,LRRC59,LAMP2,GGNBP2,PSMC4
279,SAFB2,AC005082.12,RP11-294J22.6,CD47,PRUNE,MRP63,EIF2S1,MARCH2,FADS1
280,BZRAP1-AS1,CPQ,SYP,ZNF404,PHF12,MBOAT7,HBP1,KARS,RABL2A
281,TBPL1,FYB,NIPSNAP3B,POLR3K,PRR5L,PITPNM1,PAFAH1B1,SCFD1,CTD-2267D19.2
282,CHMP4A,ATG7,RP11-408A13.4,DNAJC15,OSBPL7,LYPD2,SPTSSB,NAA20,REXO2
283,BOLA1,CTNND1,C2CD4D,MYOM2,MRM1,CD47,SEC31A,SIN3A,C16orf58
284,NUP54,S100P,CTD-2302E22.4,CRTC1,PI4KB,CWC15,PPP2R3C,DNAJC7,GGA3
285,GADD45B,SNAPIN,SMYD4,SCFD1,USP30,SAMD9L,BAZ2A,RBBP6,CSNK1A1
286,CEP68,ICOSLG,WDR44,RP11-932O9.7,HBA1,TIMMDC1,TIMM22,MRPS12,TMEM87B
287,EFCAB14,C16orf13,PAICS,ANKRD50,SNAPIN,CPQ,NDUFA2,DDX17,C9orf37
288,MDS2,MED28,TMEM177,POLR2K,EWSR1,CHMP4A,TMEM138,CSRNP1,PLAGL2
289,RBM25,PELI1,ADPRM,SPIN1,RHEBL1,CCL3,RIOK2,OAS1,MRPL51
290,RASGRP2,ARSD,OAT,RBM48,AKTIP,MFSD1,C14orf1,FN3KRP,BLZF1
291,YIPF5,F13A1,IQCE,ATG16L1,CIDEB,WDR45,FBXW4,PLEKHB2,C4orf33
292,MFF,EVA1B,MOCS2,RP11-145M9.4,RHBDD3,RARA,ECSIT,PRDX1,CNEP1R1
293,USP36,GMPPA,UBAC2,CEP128,SDHAF2,GBP4,PRR5,YPEL3,KLHL6
294,PSMC6,BABAM1,RP11-545I5.3,C1orf186,EFCAB14,ATXN10,GOLT1B,TINF2,PEX26
295,TMEM50A,MAP3K8,LGALSL,DNAJC27,ZNF32,RPS19BP1,MRE11A,ZBP1,STX4
296,YTHDC1,CTBP2,IPO9-AS1,ZNF594,INTS12,EWSR1,TMX2,ASGR1,USP20
297,MALT1,PSMB6,SLC4A8,ZNF468,DIAPH1,GLRX3,ELOF1,PLEKHJ1,DHRS4
298,NPHP3,MDP1,RNF14,RP11-162G10.5,IFI27,SAT2,VPS25,LMAN2,DUSP10
299,ZNF836,RBPJ,PPIL4,CDC42BPB,RP11-367G6.3,SHARPIN,IDI1,DRAM2,USP38
300,POLR3E,DDT,TMX3,KRBOX4,ARL16,MRPL19,TCEAL8,ISY1,FCGR1B
301,EXOC4,PCYT1A,FBXO33,C8orf44,HERPUD2,PHACTR1,DLST,STK11IP,MIS18A
302,DNAJB14,ELANE,SLC25A14,FNBP4,MRPS23,GPS1,YPEL3,RPUSD3,TNNI2
303,DDX17,TNRC18,LSM14B,PDIK1L,LRBA,PLEKHB2,C16orf13,LTB4R,KLF11
304,PIGU,SLC35A2,TBXA2R,SNHG12,NFAT5,PUM1,BIRC5,HDAC9,MZB1
305,ARHGDIA,FAAH,AC074138.3,RWDD4,SMARCC2,MRPL43,FN3KRP,THUMPD3,TRIP12
306,SNRNP27,MTIF3,ZNF175,ARPP19,PRPF31,TMEM165,SLA,N4BP2L1,RFC5
307,PRAF2,SLC16A5,TRIT1,TMEM60,MUM1,SPPL2A,ECHDC1,RPN2,ACOT13
308,TARSL2,HDAC9,S100B,INVS,TMED5,SCP2,LYRM2,UBE2D1,TMEM116
309,WHAMM,ARL4A,ENTPD3-AS1,DDX17,KLC4,JTB,CDV3,CRLS1,ZBED5-AS1
310,MPC2,EPN1,RP1-28O10.1,ZNF232,ATG16L1,TCP1,ZMAT5,NFIC,C16orf13
311,ZNF567,SLC39A1,RP11-496I9.1,RELT,STAU2,CORO7,FBXO4,TOP2B,MTIF3
312,DOCK10,GPR84,ZNF653,HMG20A,ACOT13,GFER,TMED5,MID1IP1,NSMAF
313,TOMM40,HP,LINC00886,SAAL1,PLRG1,KCNK6,B4GALT4,SMIM7,ARMC7
314,PLEKHA1,SMPDL3A,TEX2,RMDN3,RRS1,ASB8,BOLA3,NF1,RPUSD4
315,SLC4A7,AGPAT1,FSTL1,UBA5,PRAF2,KIF5B,LPGAT1,NDUFA12,ASXL2
316,TOP2B,SMIM12,AP001462.6,ARMC7,SPG7,C1QB,MED30,PICALM,ST7L
317,PAICS,FADS1,RP11-219B17.1,CD9,WIBG,C14orf166,SLC35A1,FBXO25,TCTA
318,GRAP,CDK19,ZNF528,SNX5,RP3-325F22.5,PTAFR,EMB,KLHL6,PDK2
319,ENTPD3-AS1,SH3GLB1,MADD,TTC28,IL4I1,NKIRAS2,BRWD1,CBX5,RP11-349A22.5
320,UBE2K,LSM6,TMEM234,NXT2,CDK19,TRAPPC3,TFAM,TMEM141,KCNK6
321,LTV1,C4orf33,UBE2D4,SIRT1,ABHD17B,HAVCR2,CDC123,PBRM1,B4GALT4
322,RCL1,ABHD5,NSMAF,RABL2B,ARIH2OS,UBE2E1,TRAPPC3,UBE2Q1,PTAFR
323,TFAM,RAB1B,SPG20,LRRK2,RPUSD4,RAB34,PRKD2,MPP1,RIT1
324,CLYBL,ARHGAP18,PURA,RP11-175K6.1,ACTR6,MRPS12,ZC3H15,SNX9,SAMD4B
325,DNAJA3,PCMT1,TNFRSF25,PKD2L2,TAOK2,SNX9,ELP5,CTBP2,NCOR2
326,NOL11,PRDX4,CHERP,DISP1,RAB6B,KCNQ1OT1,RP5-1028K7.2,SRP9,CDK16
327,SNHG7,ACPP,KIAA1429,RIOK1,BLZF1,WNK1,COPS4,USP38,RMND5A
328,SNX9,TMTC2,PRKAR2B,PGRMC2,MVD,IL8,UQCRC1,CCDC115,CDC16
329,ELP5,SLC19A1,RP11-142C4.6,RBM7,U2SURP,ZNF688,CHERP,C1orf35,EIF2AK4
330,POLDIP2,ZSWIM6,UBE2C,MTRF1,OTUB1,PHF5A,PGRMC1,STOML2,KIAA0125
331,TOR1A,CAT,C1orf198,RP11-110I1.14,YTHDF2,PARVB,MRPS23,CIAPIN1,TRIP11
332,MLLT11,IQCE,RP11-385F7.1,RP11-420A6.2,TMEM138,SMIM14,STK38,CDC40,TRUB2
333,SIAH2,ZFX,PROK2,ZNF433,C9orf37,TPD52L2,DDX17,PRPF8,NDUFS1
334,PSMC4,CCP110,RP1-315G1.3,RP11-77H9.2,SAMD9L,HCCS,MAP2K7,RER1,GMPPA
335,ZBP1,YWHAG,CTB-152G17.6,CTC-260E6.6,AC074138.3,TMEM205,TLE4,FRAT1,PHACTR4
336,INIP,GLB1,PLCL1,RP11-356N1.2,ZNF493,HDAC5,FXN,CORO1C,NFIC
337,NEMF,WDFY3,MRPL19,C10orf25,AC113189.5,GADD45B,WTAP,NIT1,MICU1
338,GPATCH4,PROK2,NIT1,RP4-800J21.3,RPL7L1,SWAP70,SLFN5,PLCB2,UCK1
339,SCP2,ECHDC1,SIN3A,FMO4,ZNF195,FAM96A,API5,SHARPIN,FAM120A
340,HOOK2,KLF13,CTD-2639E6.9,MTERFD2,NME6,SAMM50,LSM14A,RARS,MDP1
341,SNRNP35,ZNF503,CTF1,SLC2A13,C14orf80,MRPS23,DDX1,CSRP1,MOCS2
342,OTUB1,ECSIT,CHST8,RPL39L,RAD23A,MICU1,IRAK4,NFE2L2,JARID2
343,DNAJC15,MRP63,CACNA1F,SETD1B,ARMC7,TM7SF3,HDDC3,MTIF2,KPNA1
344,PRPF8,KIAA1429,RP11-88H9.2,GRB2,CEP120,CTC-378H22.1,C10orf32,PSMG2,FAM173A
345,SNX14,ZNF263,RP11-783K16.13,GPATCH4,TMEM62,TRIM14,NME3,OAS3,IP6K1
346,RBM5,PLAGL2,SLC24A3,PDE6B,RALY,NDUFA10,STX4,CWC27,NFATC1
347,ASB8,MICU1,NUPR1,FAM98A,TANGO6,YPEL2,UBLCP1,TCEAL4,WDR55
348,PDXDC1,PDIA5,C11orf85,TRAPPC12-AS1,GLYCTK,SH3KBP1,MPV17,DNASE1L3,USP5
349,DDX56,RAB8B,RP3-337O18.9,LONRF1,EDC3,OXLD1,RHEBL1,ZNF503,DYNLL2
350,DSCR3,DHX34,RAB6C,CDKN2A,TTC1,BAZ2A,MAEA,MRPL42,DDB2
351,HDAC2,SETD5,RP11-700J17.2,SMTN,ARL2BP,CELF1,GID8,CIDEB,PRKACA
352,URGCP,SMARCC2,CCNB3,RP11-324I22.4,HPRT1,BABAM1,RABEP2,GSTZ1,QRICH1
353,MID1IP1,CELF1,PF4V1,ARHGAP11A,N4BP2L1,FOSL2,CCDC174,BNIP2,RFC2
354,RIOK1,ZNF561,CTC-548K16.1,LINC00957,CASC3,RGS18,LMF2,PRKCB,ARRDC3
355,ACTR6,RIN2,RP11-91A18.4,VSIG10L,AQP3,NKAP,TMEM242,NT5C3A,VTI1B
356,ST3GAL2,FAM96B,LBX2,RP11-408A13.4,ZFYVE28,NCOR2,SF3B1,DIS3,MFF
357,ZNF688,TEX2,CTA-331P3.1,NIPSNAP3B,MED30,ISOC2,PRAF2,C12orf10,NOC4L
358,FBXO21,SENCR,FAM225A,BET1,RIT1,COLGALT1,SMC2,JTB,GPKOW
359,SDCCAG8,NIT1,PRSS27,ZBP1,CLYBL,CTNNBIP1,RDH14,MMADHC,IGLL5
360,SUV420H2,KLHL6,RTN2,GPR183,PJA1,TMEM199,ZNF688,EIF2AK4,PPIF
361,SDAD1,RABIF,RP1-59D14.1,LIX1L,THOC7,AP003733.1,RAB1B,STX11,ACD
362,TOP1MT,PKN2,PCDH9-AS1,MARCH5,ABHD12,PPBP,CHI3L2,B4GALT4,HAVCR2
363,ING5,HAVCR2,CTA-989H11.1,TTC3,SNX5,HMGCL,CKS1B,PGM2,VPS13C
364,RPUSD3,KIAA0196,RP1-111C20.3,NFAT5,SNX17,RNF187,MRS2,IL17RA,GNPTAB
365,ACTL6A,RP11-701P16.5,CREB3L1,SNX9,CAPZB,TAF10,TIMM17A,ADD1,CGRRF1
366,KRBOX4,CXCL3,AC096559.1,RP11-390B4.5,FOSL2,STK32C,NOP58,EMILIN2,C3orf38
367,MAP2K7,SLC22A4,MYBPC3,CTD-2012K14.7,RIOK1,EIF2AK4,ELP6,TMEM9B,APH1B
368,ERCC6L2,RPH3A,RP11-65N13.8,ZNF567,SLC35A2,NABP1,C21orf33,NDUFB8-1,ATP6V1F
369,NSMAF,PACSIN2,RP11-481J2.2,ZCCHC9,CTC-444N24.11,C21orf33,TTC14,MTIF3,CCDC94
370,TIMM22,LSM14B,AL161784.1,ZNF175,NNT-AS1,FH,PCYT1A,HMBOX1,IL17RA
371,NR2C2AP,FAM120A,LINC01132,EARS2,TUBG2,PICALM,PARP1,TIMM17A,JKAMP
372,LRBA,NABP1,PDF,LINC00342,ZNF747,HIST1H2AC,PEX19,NDUFB10,ARAP1
373,RP11-706O15.1,PTGES2,CST11,HCCS,WDR55,PDIA3,FNTA,TCEA2,TAF10
374,ST7L,RPUSD4,RP11-379F4.4,ZBTB10,ZBP1,TCTA,CLSTN3,RMND5A,PICALM
375,PEMT,RAB21,LINC01122,DPH6,CTNNBL1,SLC50A1,NR2C2AP,CHMP4A,SNX14
376,PCNX,C17orf62,RP11-816J6.3,NR3C1,VMAC,TMX2,C1GALT1C1,RFC1,LUC7L
377,DDX46,ARPC4,PRSS22,LPGAT1,AC002331.1,THAP2,RNF7,SYVN1,DNAJB14
378,TMEM14C,SETX,ACTA2-AS1,CRIP3,CASC8,PDZD11,CASP4,PTCRA,TMEM189
379,BAZ2A,C2orf76,SYNGR3,LINC00886,TTPAL,RABIF,DNAJC2,SPG7,PHACTR1
380,MRPL42,RP4-684O24.5,JMJD7,RP11-1000B6.3,GDF11,CA2,CRLS1,MAEA,CASC4
381,RNF125,TMEM102,RP11-355N15.1,TGFB1I1,PUS7,TAF12,TRIT1,USP7,RELB
382,UBLCP1,SERPINF1,MYZAP,RP11-432I5.1,CLSTN3,DENND5A,LRBA,SH3KBP1,TCEAL4
383,PACS1,ATP6V1C1,MNS1,RBM26-AS1,ANAPC4,GINM1,SCFD1,TRUB2,FAM127A
384,NAA25,UBE2D4,LOX,LYRM4,MED7,RRAGC,TRUB2,ST3GAL2,FN3KRP
385,ALG5,MLEC,RP11-516C1.1,ZNF626,USP5,UBE2D4,FAM43A,ISG20L2,SETX
386,VDAC3,ST3GAL2,AC017002.2,ZNF333,PPIE,CRTAP,SEPT11,TRIM14,RELT
387,MYCBP2,RP11-398C13.6,RP11-879F14.1,AKAP8,GFER,SLC6A6,ATP5D,TNFSF10,TMEM199
388,C1orf35,WNT5B,RP11-1136J12.1,PIGL,RBM48,CYTH2,CISD1,CPSF3L,SWAP70
389,CGRRF1,RP4-781K5.2,KB-1980E6.3,RP11-142C4.6,PXMP4,NDUFB8-1,ARMC7,AHSA1,ISG20L2
390,NUPL2,AK4,LINC00618,CTB-152G17.6,FASTKD1,PMF1,NR3C1,EIF1AY,GZMB
391,ZCCHC9,RNASE3,RP11-231D20.2,SNX17,FRMPD3,EIF2S1,YES1,ITSN2,MARCH6
392,PGM2L1,HCCS,SYNPO,TYW5,C1GALT1C1,C9orf69,XPNPEP1,FOSL2,NBR1
393,PHF5A,SSBP3,CGN,NUDCD1,AC093323.3,ARL6IP5,SMIM12,MAP3K7,DOCK10
394,OXLD1,NF1,RP11-76E12.1,TANGO6,RP11-430B1.2,MDP1,RFC5,ZNF106,C1orf50
395,MAEA,PRELID2,RP4-761J14.8,USP30,KRBOX4,ERI3,SAMD9L,CAMK2G,AKTIP
396,WDR37,RP13-270P17.3,KCNG2,TRIM16L,FBXO25,NRGN,GZMK,AKAP8,P2RX5
397,NABP1,RP11-1055B8.7,KB-1460A1.3,FH,SMARCD1,PSMC6,SNX14,SETD5,SLC50A1
398,DDX1,SEPT4,DCSTAMP,MIS18A,KLRC1,FCGR3B,NXT2,LSM14A,BRWD1
399,TMED5,VSIG10L,TMEM56,RP11-488C13.5,TSC22D1,CTBP2,RP11-139H15.1,STUB1,UBE3A
400,PARP1,FZD2,RGS6,CEP120,PHACTR4,ASXL2,HMGCL,GOT2,RFC1
401,ANKHD1,CNEP1R1,ACTN1-AS1,UBE3A,PEMT,C5orf15,BZRAP1-AS1,DUS3L,SPSB2
402,SURF6,BLM,PDIA2,RP11-1096G20.5,ZNF468,HVCN1,DNAJB14,CEPT1,RXRA
403,TBC1D23,F5,ARHGDIG,CGN,RP11-308N19.1,SURF1,FAM32A,SF3B1,THYN1
404,PLEKHA3,VTI1B,RP11-382A18.2,ZNF560,ABCG2,EAPP,DDX56,INTS12,LRBA
405,NME6,TINF2,HBA2,PCDH9-AS1,CLIP1,VPS26B,TTC1,UBXN4,BOLA3
406,ARMCX5,RP11-145M9.4,RP11-203B7.2,RP11-481J2.2,MTERFD1,ACADVL,INIP,STX4,ZBP1
407,CITED4,VTI1A,RP11-152L20.3,RP1-59D14.1,RIOK2,EMG1,MFF,GGA2,HDLBP
408,PYGO2,MMP9,PDE6H,RP11-285J16.1,SEPT11,REEP3,GARS,SMAP2,RAB1B
409,USP33,MIS18BP1,CTC-498J12.3,RP11-343J3.2,MLLT11,CTD-2267D19.2,PPIG,NFKBIL1,SPPL2A
410,SNRPB,SLC48A1,CELF6-1,ACTA2-AS1,KIR3DL2,ZNF330,ISOC2,HNRNPH3,OTUB1
411,BET1,RNF168,ZNF132,MYZAP,UBA5,HDGF,COL6A2,DENND1C,PCNA
412,PLRG1,CITED4,CCDC11,RP11-216P16.2,DPH6,HDAC2,DENND1C,PIGF,CCND2
413,EIF2S1,KLF11,AARD,RP11-96C23.15,CHI3L2,COMMD10,TMEM199,NEIL1,MAP3K8
414,ADSL,GOSR2,RP11-317G6.1,CTA-989H11.1,ZFAND4,FAM173A,TOR1A,CORO1B,EPN1
415,POLR2I,NME3,KLRC3,RP4-555D20.2,CHPF2,IFT20,ARSG,FAM96A,LAMP2
416,RBPJ,SPPL2A,CTD-2033C11.1,RP11-354M20.3,CTD-3214H19.4,LYRM2,ORAI1,FXN,HDDC3
417,MOB2,CTC-428G20.6,AC103801.2,RP4-761J14.8,DMPK,RBM7,ST20,UBAP2,CORO1B
418,HBP1,TNS1,RP11-242F4.2,MREG,DMTN,RIT1,SPG7,PSMD14,RRAGC
419,TBC1D15,APH1B,MREG,RP4-545C24.1,RP11-162G10.5,TCEA2,NCOA4,DOCK10,CYTH2
420,USP20,RNF187,RP11-304M2.5,CACNA1F,WDR91,MLTK,VPS26B,GNPAT,PLEKHB2
421,PLA2G12A,FAM120C,RP4-545C24.1,TMEM56,EXOC4,ADD1,FAM173A,RARA,ISOC2
422,COMMD10,VIPR1,TUBB8,SEMA3D,DDI2,ATXN3,PLRG1,SDPR,TMEM60
423,TMEM60,FRY-AS1,RP11-216P16.2,RP11-317G6.1,IDI1,MANBA,RBM7,DMAP1,PASK
424,RGS14,LONRF1,AC015849.2,LINC00618,ZNF263,SMARCA4,MAPK1IP1L,NFU1,FAM32A
425,GINM1,PUM1,AC012499.1,SYNPO,NUDT16L1,KDM3B,CHIC2,DDX1,COMMD4
426,TMEM138,IFFO1,RP11-885N19.6,PTGES3L,ATG7,PIGF,PHF14,GOLT1B,TOMM40
427,CASC3,DENND6A,MOGAT1,LINC01118,NECAB3,DEDD,MRPL19,SIAH2,CARS
428,TMX2,ZNF350,CTC-297N7.1,RP11-382A18.2,RP11-390B4.5,NUDT5,GUSB,RP11-349A22.5,ARPC4
429,C3orf38,AP002954.4,ZNF560,ZNF132,COLGALT2,UTP6,HAGH,TTC3,ZNF688
430,GNPAT,CYP1B1-AS1,AP000282.2,AC096559.1,CTNNAL1,MAPK1IP1L,GALT,WDR55,CTNNBIP1
431,TMEM222,TTC18,RP11-1096G20.5,RP11-65N13.8,AP4S1,PCGF1,JARID2,HPRT1,MZT1
432,UBXN4,STK38,LINC01118,RP11-197N18.7,PDIK1L,NFU1,ALKBH4,MIS18BP1,YTHDC1
433,PLEKHJ1,DPY19L4,RP11-344N10.5,NIT2,DMAP1,RBM25,C14orf80,MPV17,C16orf80
434,GBP4,ST20,MICALCL,EXOC4,BCDIN3D,PPP2CA,NKAP,SDAD1,GFER
435,CTNNB1,YPEL3,RP11-271M24.2,N4BP2L1,AKAP8,LIMD2,SENCR,C9orf37,PDZD11
436,CELF1,INTS2,RP11-197N18.7,ANKRD27,NBR1,HMGXB4,TAF10,XXbac-BPG299F13.17,UBE2K
437,AC093323.3,CWC15,RP11-354M20.3,UBXN4,NFIC,SMCHD1,SPRTN,PILRB,PAFAH1B1
438,QRICH1,SDCCAG8,SEMA3D,LRRIQ3,TMEM116,FCGR1B,UBE2E1,CARS,CHIC2
439,SCAI,REPS2,GPC2,TRMT61A,PIGL,FAM120A,PRNP,HCCS,PPP2CA
440,TRAPPC3,SAMD4B,SPATA13-AS1,PITPNA-AS1,ZNF333,HELQ,C4orf3,CA2,CIAPIN1
441,TRUB2,PRPF8,RP11-285J16.1,BRAT1,CAMK2N1,MZT1,FBXO25,CARHSP1,SAMM50
442,MINA,STT3A,RP4-555D20.2,ARRDC4,ZNF653,STK11IP,RPL39L,CCL3,DNTTIP1
443,GOT2,VPS25,CCDC38,PDIA5,AP001462.6,NFKBIL1,TBPL1,DDB2,CKS1B
444,PGM2,GLYCTK,FAM71A,PSMC6,MGA,LSM14A,RAB9A,ZMAT5,IL1B
445,DCAF5,RNF213,RP11-384C4.7,SLC48A1,BAG4,CDC37,BET1,PPIF,NFE2L2
446,CAMK2G,ST7L,PTGES3L,MMD,INTS2,GTF2B,ZNF32,NKAP,HBP1
447,NDUFS1,SERAC1,RP11-96C23.15,TRIM23,SPTSSB,GMPR,ABHD17B,PRNP,WDR45
448,SAAL1,C18orf21,RP11-343J3.2,BMP8B,TBC1D15,TMEM80,PLEKHA3,CCNG1,SH3GLB1
449,RFC5,RP11-10K16.1,LEFTY1,WDR52,ZNF276,PPP1R8,MTERFD1,RNF113A,DESI1
450,PIGX,AURKC,TRIM16L,RP11-230C9.4,LUC7L,PKN2,GIMAP2,ACTL6A,TAF12
451,PTGES2,CTC-444N24.6,ZRANB3,LA16c-431H6.6,POLR3E,MPC2,AC093323.3,XPNPEP1,CPSF3L
452,N4BP2L1,AC007879.7,ZNF121,RASGRF1,TRIP12,CHIC2,BBX,ORAI1,TMEM14C
453,BABAM1,CCDC153,ZNF841,ITCH-AS1,AGA,ADAM10,POLDIP2,BLVRA,ZNF106
454,ZCCHC11,DCP2,TCL1B,TEX9,FBXO33,DICER1,FOPNL,BBX,HSPB11
455,PRR5,CECR5,TUBG2,QPCTL,TRMT61A,ACRBP,C17orf59,NUDT16L1,MAEA
456,STK38,CLIP1,AP003419.16,MEF2C-AS1,C2orf76,NBR1,TMED4,CD2AP,EIF1AY
457,DUSP10,SLC35A1,C14orf1,FAM27A,RP11-385F7.1,PCYT1A,ZMAT3,SDHAF2,RP11-231D20.2
458,CSRP1,ARRDC4,TNRC18,UBE2E2-AS1,PROK2,ADSL,CTNNBIP1,ZCCHC10,RP11-285J16.1
459,ARPP19,NFE2L2,RP11-421L21.3,AC009505.2,GIT2,STUB1,EWSR1,CCDC66,RP11-242F4.2
460,RFNG,BRAT1,EPB41L4A,RP11-147L13.8,ZNF121,MVB12A,PRDX4,NR3C1,NKX3-1
461,TASP1,GPS1,BMP8B,SULT1C2,PDZD4,LMF2,ATP6V0E2,IL8,RP4-555D20.2
462,UBE3A,RP1-111C20.4,CTD-2184C24.2,RP5-1073O3.2,PEX26,DNAJC2,RNF168,YPEL2,LINC01118
463,CDC37,PALLD,CYP1B1-AS1,RP11-830F9.5,SLC4A7,PSMD14,DHX9,GIT2,RP13-143G15.4
464,SCAPER,CAMK2G,ELOVL7,WARS2,PTGDS,C1orf35,VPS28,CRELD2,RP11-503E24.3
465,GPKOW,SHOC2,FAM27A,RBM5,QSOX1,DERL1,FOSL2,LUC7L,CCNB3
466,DYNLL2,RP1-266L20.2,AC105053.4,GDF11,PCNA,MARCH5,RFXANK,PNPLA8,KB-1980E6.3
467,SETD5,CTD-3214H19.4,MGAM,GOLGB1,GOLT1B,SPG7,CXCR1,PARP1,AARD
468,EHMT2,ASAP2,RP11-672A2.6,DIS3,CHD7,YWHAG,KIAA0196,PSMC6,CTD-2325A15.5
469,OAT,CLIP2,KCNN3,URGCP,UBAP2,CLU,DCAF8,PLA2G12A,CTD-2283N19.1
470,GZMM,ABCC10,RASGRF1,SPATA6,PDXDC1,PACSIN2,MIS18BP1,DNAJA3,RP11-382A18.2
471,SUMO3,TTN-AS1,AC140481.2,MADD,ZNF92,SLA,UBE2C,CHIC2,CYP46A1
472,VPS13C,ARHGAP24,AC093901.1,NNT-AS1,GID8,CHN2,ABHD12,TMED5,RP11-76E12.1
473,TBCB,ADIPOR2,GIPC2,NBR1,RUNDC1,RP11-468E2.4,PKN2,CCDC12,CTD-2506J14.1
474,TMEM9B,SLC6A6,MEF2C-AS1,CTD-2012J19.3,RGS1,C18orf21,DDX46,CASC4,RP1-111C20.3
475,RARS,RP11-488C13.5,MIR4523,SCIN,TUBB8,FYB,LYPLA1,VAMP5,TP63
476,STX18,C16orf74,CASC8,RP11-977G19.12,AC015849.2,DDB2,UBAP2,PRPS2,JMJD7
477,CHIC2,GNPAT,RP11-53B2.3,AC068580.6,LOX,LRRK2,EIF2B1,GLB1,ASB15
478,DENND1C,CORO7,PTPRN,KRTAP5-AS1,CTC-498J12.3,EFCAB14,GPATCH4,CHD7,RP11-379F4.4
479,NFE2L2,FEM1B,GCKR,RP4-773N10.4,PRSS22,SUCLG2,HIST1H1B,MZB1,CELF6-1
480,RP11-70P17.1,PXMP4,RP11-424I19.2,NCKAP1,SYNGR3,PGM2,NOL11,EIF2S1,SEMA3D
481,TIGIT,CXCL10,LTBP1,RP11-490M8.1,LINC01132,ISY1,OXLD1,SNX20,RP11-317G6.1
482,RP11-138A9.2,CTB-113I20.2,UBE2E2-AS1,NUDT12,GPC2,STAU1,GNPAT,ARL2,CTC-498J12.3
483,ATXN7L3B,SLC25A14,AC022532.1,CCDC62,CTC-548K16.1,YIPF5,DTX3,TMEM50A,GJC3
484,CEP164,BMPR2,RP11-122G18.5,BEND2,CCDC38,AATF,ORMDL2,FEM1A,GPC2
485,USP38,hsa-mir-1199,RP5-1073O3.2,TACR2,RP11-242F4.2,RARS,FUS,CHD2,RP11-816J6.3
486,C7orf26,OTOF,PEAR1,HRASLS,HBA2,METTL21A,RCL1,MED7,RP1-102G20.5
487,HMG20A,ZNF436,AC002331.1,RP11-211G3.2,PDF,NIT1,REXO2,MVD,CACNA1F
488,TMEM140,C5AR2,LA16c-431H6.6,PPT2-EGFL8,CST11,PTGS1,PALLD,PHF5A,MYZAP
489,PLEKHB2,IPO9-AS1,RP11-557C18.4,CTD-2541M15.1,CTD-2033C11.1,GPR35,AAGAB,DNAJC2,MNS1
490,ANTXR2,BAG4,PARD3,FRMPD3,KLRC3,SIAH2,CPSF3L,CDC123,YEATS2-AS1
491,RIOK2,DNAJC2,RP11-510J16.5,RP11-178L8.7,RP11-516C1.1,ECSIT,VPS13A,KIAA0196,RP4-545C24.1
492,RMDN3,TPM1,ERBB3,CCDC163P,RP11-76E12.1,POLR2I,ARL2,GYG1,CGN
493,LMF2,RP5-827C21.4,TEX9,NPPA-AS1,AP003419.16,UBE2Q1,NUDT16L1,GPR183,RP11-516C1.1
494,ZFYVE28,NDUFA10,KCNAB1,RAB12,ZNF841,TMEM14C,ACTR6,DYNLT1,LOX
495,CEP85L,IQCH-AS1,QPCTL,CHERP,UIMC1,PPIF,THOC7,ARPC4,SYNPO
496,CRELD2,RP11-162G10.5,PKD2L2,LILRA4,TRIM23,NME3,DNMT3A,PLRG1,LINC00618
497,DEDD,CLEC1B,RBFOX3,RP1-111C20.4,WARS2,NFE2L2,DNAJC10,SPG20,FAM225A
498,ISOC1,SREBF1,MYCT1,IP6K1,LIX1L,SIRT6,CDC40,SIK1,CTA-331P3.1
499,STX16,HOMER2,RP11-230C9.4,ZNF799,RP11-792A8.4,PPA2,ILF3,NUDT5,RP11-384C4.7
500,CCDC115,DRAXIN,RFX4,C9orf3,POMT1,PELI1,GPS1,SAAL1,PCDH9-AS1
501,ATG16L1,ATP8B3,RP11-185E8.1,SMC2,CPQ,SEC31A,UCK1,CRIP3,TMEM56
502,TTC14,CD274,RP11-830F9.5,RCN2,CCND2,HPRT1,ERI3,PI4KB,RAB6C
503,FAM210B,NT5M,KCNA5,NSMAF,FBXO4,IDI1,CCDC94,HSPB11,RP11-783K16.13
504,RPUSD2,RP11-1000B6.3,LINC00610,FASTKD1,SULT1C2,GFI1B,EHMT2,EGFL7,RP11-700J17.2
505,MTIF2,ACTN1-AS1,PDGFA,LUC7L,SHPK,TRMT61A,GLYCTK,SWAP70,RP11-203B7.2
506,DIS3,PDIA2,WDR52,SUOX,AC140481.2,COMMD4,TMEM140,HMGCL,C11orf85
507,FH,LBX2,PIWIL2,HIST1H4I,GIPC2,GOSR2,PDZD4,PITPNA-AS1,RP11-271M24.2
508,AKAP8,CELF6-1,SHPK,TEX12,RP11-983P16.4,S100B,CLPX,TASP1,SPATA13-AS1
509,HDDC3,JMJD7,DLK1,RP11-215G15.5,RP11-510J16.5,HNRNPM,TADA2A,OSBPL1A,RP11-554A11.8
510,PPIL2,RP11-700J17.2,SULT1C2,RP11-308N19.1,AC009505.2,SHOC2,SLC50A1,ARL4A,RGPD8
511,TIMM10B,MNS1,AC009505.2,VIL1,MIR4523,MPV17,STAMBP,LRRC8C,RP11-197N18.7
512,ZNF561,CTA-331P3.1,MAP2,RP13-314C10.5,ERBB3,JAZF1,CXXC1,CELF1,AC017002.2
513,CECR5,CTF1,TTC18,NEDD4,RHCE,CEACAM4,ARL16,NCOR2,RP11-216P16.2
514,FN3KRP,RP11-91A18.4,AP002954.4,NEUROD2,PIWIL2,FRAT1,DCAF5,SLC35A1,LBX2
515,NPRL2,RP11-1136J12.1,TRAPPC3L,TMPRSS11E,AC105053.4,FADS1,MARCH2,TMBIM6,VPS26B
516,DPY19L4,RP11-203B7.2,RP11-175K6.1,IFT81,GCKR,RBBP6,TPD52L2,NOL11,RP4-761J14.8
517,CRLS1,LINC01122,RP11-138I1.2,RAD51B,PDGFA,TPM1,RPL7L1,SNX10,CCDC38
518,THAP2,RP11-231D20.2,FAM212B-AS1,VMAC,RBFOX3,NFATC1,METTL3,ADAM10,LINC01122
519,JKAMP,RP1-111C20.3,RP11-217B7.2,CUL4B,AC022201.5,ZC3H15,CELF1,TREML2,MYBPC3
520,HAGH,MYBPC3,DIO1,AC092295.7,DIO1,RBPJ,USP7,NSMAF,MICALCL
521,PDZD11,CTD-2639E6.9,CABP5,TARSL2,TASP1,STK38,NDUFS1,BAG5,RP11-91A18.4
522,KPNA1,CTC-297N7.1,RP11-804A23.4,FBXO4,ZCCHC9,C4orf33,ANAPC4,ANTXR2,RP11-304M2.5
523,MVB12A,RP11-304M2.5,C9orf37,RP4-612B15.3,MKLN1,ARSD,MCM10,SHOC2,RP11-535M15.1
524,SMARCD1,AP000282.2,BLM,EID2,PLEKHA3,CDK16,MLLT11,TCTA,KLRC3
525,BTN3A1,RAB6C,TARSL2,STT3A,CIAPIN1,CDC123,CAPZA2,HDLBP,ACTN1-AS1
526,NFATC1,KCNG2,PEX19,ZNF682,THAP2,PI4KB,DMAP1,NDUFS1,LINC01132
527,CORO7,RP3-337O18.9,EDC3,RP11-706O15.1,ABT1,GIT2,ABI2,APOBEC3G,CHRM3
528,RPUSD4,FAM71A,IGFBP4,LTV1,ACTL6A,PF4,NARS,ATP5SL,AL161784.1
529,CD2AP,MOGAT1,THYN1,ARHGAP6,GPATCH4,SDPR,RABL6,HDAC1,RP11-65N13.8
530,SPEN,RP11-783K16.13,ESAM,MCM10,KIF3A,DSCR3,COLGALT2,IFIT1,AC073641.2
531,RAB2A,AC017002.2,DISP1,MYH10,ATP6V1C1,MAT2A,RAB21,RXRA,MOGAT1
532,CLEC2B,NUPR1,GDF11,RP11-502I4.3,PPP2R3C,U2SURP,SMARCD1,P2RX5,RP11-302F12.10
533,PJA1,FAM225A,IRF9,RP13-753N3.1,SAMM50,CLIP1,TYW5,CES4A,MREG
534,RP11-554J4.1,SPATA13-AS1,FAM209A,SDCBP2,SPIN1,RNF25,EDC3,EPN1,RP11-532F6.5
535,ZBTB10,ATP10D,MAP1A,RPA4,SOX13,RNF14,GTPBP6,GYS1,CTD-2033C11.1
536,PWP1,UCK1,AL928742.12,FCGBP,RAB12,ARID4A,ADIPOR2,NME6,RP11-343J3.2
537,RP11-421L21.3,PRUNE,SERPINE1,DMPK,ZNF425,HMBOX1,ZNF92,CDC16,RP11-344N10.5
538,RWDD4,CCL4L1,NUDT12,ATP9A,SCIN,QRICH1,SRA1,EFCAB14,RP11-96C23.15
539,NAA20,EID2,RP4-684O24.5,RP11-252A24.3,NCKAP1,SNCA,CBX5,RGS18,ACTA2-AS1
540,ZCCHC10,TSPAN33,SPOCD1,KDM4A-AS1,RP11-977G19.12,WDYHV1,LTV1,GINM1,AC096559.1
541,RABIF,CA2,CLECL1,CLIP2,RP11-196G11.2,TMEM60,USP33,ABHD12,RP11-354M20.3
542,ABHD12,GNG11,CTD-2541M15.1,RP11-378J18.3,NRN1L,TBPL1,PNPLA8,KLC4,TUBB8
543,C16orf54,KCNA5,RP11-110I1.14,RP11-493L12.4,CCDC3,CXCL2,PI4KB,MKLN1,AC103801.2
544,LRIG2,GLB1L3,CTD-2012J19.3,SYP,CLECL1,FCGR1A,MRPS18A,PTGES2,FAM71A
545,ZNF528,MIR4523,TAL1,U73166.2,ACVR2B,CXCL10,SDCCAG8,MDP1,CCDC11
546,ZNF75A,AC093901.1,RP11-159H10.3,IQCH-AS1,RP11-544A12.4,RBM5,MUM1,TTC1,HBA2
547,ADAL,DIO1,RP11-196G11.2,RP11-532F6.3,FAM98A,TMEM50A,CWC27,NFAT5,ARHGDIG
548,GTPBP6,EPB41L4A,CCDC62,SAMD1,NAA25,ATP6V1C1,DUS3L,DICER1,PDIA2
549,CRTC2,SHPK,NCKAP1,ZNF350,NEFH,GMPPA,RAB38,C15orf57,ZNF560
550,CASC7,RP11-53B2.3,RAB12,VAPA,FMO4,PDK2,RRS1,PPP1R8,RP3-337O18.9
551,RP11-349A22.5,RP11-217B7.2,SEC14L5,ZNF528,LILRA4,SPG20,PURA,C5orf15,SYNGR3
552,PHACTR4,TRAPPC3L,C10orf25,EIF5B,ZNF799,CDC16,THUMPD3,RNF213,RP11-304L19.2
553,IRAK4,LINC00610,RP11-490M8.1,SNX14,ARG2,ZCCHC9,ATXN1L,TFAM,FAM83C-AS1
554,CXXC1,KCNAB1,RP4-773N10.4,LRBA,PDE6B,NT5C3A,ERV3-1,TNRC18,CST11
555,TMBIM4-1,CTD-2184C24.2,SCIN,RP11-400F19.6,SLC20A2,C14orf80,RASGRP2,TMEM62,PRSS22
556,ELP6,RP11-424I19.2,GLS2,DDI2,SDAD1,CLEC2B,UBE3A,VPS28,KCNG2
557,DCAF8,RP11-122G18.5,BEND2,XXbac-BPG299F13.17,TMEM102,FKBP3,ZNF468,QSOX1,MIR1-2
558,PTPRN2,ERBB3,MEIS1,CR1,USP7,STAMBP,PWP1,JARID2,YJEFN3
559,TMEM87B,RP11-557C18.4,RP11-977G19.12,BMPR2,ZNF567,HBP1,JAZF1,RABIF,CCDC40
560,DLST,PTGS1,RP11-211G3.2,TTC8,FAAH,CDC40,C12orf45,GPR35,PTGES3L
561,CHD7,ACRBP,NPPA-AS1,SLC4A8,CCDC115,GSN,MICU1,PTGS1,AC015849.2
562,CCDC174,SLC2A13,HRASLS,ZNF436,CCDC174,PACS1,S100A4,SLC40A1,RP11-1096G20.5
563,PDIK1L,UBE2Q1,ZNF433,LGALSL,DNAJA3,CRELD2,NIT2,PHF12,CTC-297N7.1
564,MKLN1,F11R,NRN1L,ZNF587B,RP13-270P17.3,DDX56,USP5,MPHOSPH10,NLGN2
565,ARRDC3,SAMD1,MEG3,YPEL3,KCNJ14,NECAB3,N4BP2L1,CDV3,NUPR1
566,RNF168,WDYHV1,LCN2,ISG20L2,CTC-444N24.6,MLEC,LPIN1,HBEGF,RP1-59D14.1
567,GIT2,ANKRD9,LRRC24,LRRC59,AK4,TINF2,LIN52,EMB,PDF
568,DHX8,RFNG,RP11-356N1.2,AC074138.3,AURKC,LINC01003,AP4S1,ANAPC13,CTF1
569,ORC2,SENP2,SYTL4,FBXW4,AC010894.5,NFAT5,SAFB2,EMG1,RP11-481J2.2
570,ANKRD27,SIN3A,RP11-359I18.5,DCAF8,RP11-932O9.7,IRAK4,GPKOW,SMARCD1,CTC-548K16.1
571,C19orf52,LAMP2,SOX13,BLZF1,TMPRSS11E,UBXN4,ZNF195,BMPR2,RP11-1136J12.1
572,MTRF1,FBXL14,RP11-544A12.4,DHX34,CTC-454I21.3,RELB,AAR2,TMEM199,CTD-2358C21.4
573,STAMBP,RP11-178G16.4,FRMPD3,CHPF2,NEUROD2,FAM210B,MT-CO2,TLE4,AP000282.2
574,C17orf59,TUBG2,CTC-260E6.6,AP4S1,LONRF1,POLDIP2,TMEM62,RBM4,CTD-2639E6.9
575,LAMP3,TTC28,BHLHE40-AS1,RCHY1,AC092295.7,GLTP,PIGU,PPP2CA,ZNF132
576,UQCC1,ZNF433,RP11-420A6.2,PHACTR4,WDR44,C1orf50,TMX3,FPR1,CTA-989H11.1
577,DMAP1,BHLHE40-AS1,CASC7,MNAT1,ATXN10,AHSA1,NF1,FBXO21,OAS3
578,TMX3,RP11-977G19.12,ABI2,RPS6KL1,RRAGC,PTGES2,SNW1,RGL2,FCGR2A
579,STT3A,TACR2,RFC1,POLA1,FRY-AS1,THUMPD3,TRMT61A,ITPA,AC022532.1
580,SPRTN,RP11-544A12.4,ARSG,SNTA1,NELFB,ATG7,CYTH2,SLC50A1,RP11-804A23.4
581,MRPL51,LRRC24,CEP120,ZNF653,DUSP10,SETD1B,PRPF8,MLTK,LINC00610
582,TBCK,PLIN5,ZNF561,DRAXIN,TMEM87B,ZNF467,MIS18A,USP5,MIR4523
583,HCFC2,KCNH3,ALOX12,HP,CRLS1,PBRM1,ANKRD27,QRICH1,SULT1C2
584,RNF25,CCDC62,LILRA4,ARHGAP19,GGNBP2,RAB21,HEMK1,MYCBP2,TTC18
585,RALY,FAM209A,RAB38,CD274,MINA,RABL6,SPG20,IL16,RP11-147L13.8
586,METTL3,SCIN,ARG2,TEX2,RWDD4,RAD23A,CCDC22,CUL4B,AC093901.1
587,POMT1,PPT2-EGFL8,PALLD,CXCR1,BCL2A1,AIM2,CTC-444N24.11,PLA2G7,RP5-1073O3.2
588,RAD51B,RP11-356N1.2,CEP68,CTC-428G20.6,SRPR,NIT2,GIT2,MZT1,AC005224.2
589,RASD1,NRN1L,EIF2B1,RP1-28O10.1,NONO,ABT1,PDCD2L,AKR1C3,RP11-424I19.2
590,ZMAT3,RP11-211G3.2,CTC-444N24.11,FEM1A,PITPNM1,EIF1AY,ATAD1,IRF9,FAM27A
591,P2RY10,RP11-196G11.2,NPHP3,RP5-827C21.4,PBRM1,AGA,TCTA,CXCL2,CASC8
592,HMGCL,RP11-359I18.5,CCDC153,PDK2,RBM5,ENHO,CDC42EP3,U2SURP,RP11-557C18.4
593,DNMT3A,OMG,RP11-932O9.7,ST20,RP11-141B14.1,SPEN,COMMD10,TRIM8,RBFOX3
594,PGRMC2,YEATS2,SUCLG2,HIST1H2BJ,GPR55,RCE1,STAU2,LRRC59,RP11-138I1.2
595,UTP6,CHERP,SAMD14,INTS2,RP13-753N3.1,ARPP19,GUCD1,CLYBL,AC105053.4
596,IDUA,GSTZ1,RP4-781K5.2,WDR37,CTD-2302E22.4,CLEC10A,PPIL2,WNK1,AC009505.2
597,SIRT1,CES4A,HIST1H4I,ZUFSP,RP11-408A13.4,CRTC2,MARCH6,DYNLL2,PIWIL2
598,PDCD1,NMNAT3,RP11-215G15.5,GYS1,C1QC,ATXN7L3B,RPUSD2,LYRM2,RP11-46H11.12
599,MTIF3,IL1RAP,AC010894.5,KDM3B,C1orf186,SPRTN,LAMTOR5,C21orf33,CYP1B1-AS1
600,FAM32A,PUS7,C15orf26,SMARCD1,U73166.2,GNG11,NUPL2,ORC2,RFX4
601,FAAH,R3HDM2,ANKRD50,PPP2R1B,ARHGAP11A,TMEM18,ZBTB10,BET1,GIPC2
602,NOG,IFT81,AC007879.7,TNRC18,PLXNA1,SLC2A13,SETX,NR2C2AP,DIO1
603,NR2C1,RP13-270P17.1,GATA2,ZNF628,KDM4A-AS1,TIMM22,SLC39A1,ACAT2,ERBB3
604,RFPL2,CTC-454I21.3,AURKC,ATXN7L3B,RP11-493L12.4,PRPF31,SLC25A12,STK38,RP11-983P16.4
605,ZBED5-AS1,AC010894.5,CTC-444N24.6,BAG4,RP11-502I4.3,SRP9,OAS1,STAMBP,RP11-510J16.5
606,PHF12,ABCG2,RP11-308N19.1,TPM2,LINC00957,CDK19,PACS1,UIMC1,KCNA5
607,FBXO33,TDRP,WNT5B,WBP2NL,RP11-252A24.3,MRPS33,U2SURP,ECSIT,GLB1L3
608,FERMT3,RP11-215G15.5,AK4,RP11-385F7.1,C8orf44,ELP5,SNX10,CLU,SHPK
609,CISD1,HIST1H4I,RNASE3,THBS1,IQCH-AS1,CARS,ATF7IP2,DHX9,AP002954.4
610,MTERFD1,LNP1,TMPRSS11E,CTD-2368P22.1,RAB8B,RNF168,SAMM50,AP003733.1,AC022201.5
611,PIGF,CDK16,TDRP,DOK3,RP11-532F6.3,SYCE1,TMEM222,ACD,AC002331.1
612,RP11-5C23.1,C8orf44,IFT81,ZNF559,IQCE,DENND1C,ADAL,CDK19,BMP8B
613,ZNF195,BCL2A1,ABCG2,DHX8,F11R,ARHGAP18,RBM25,FAM43A,AC140481.2
614,CCDC94,GYS1,MGA,SDAD1,IL24,LAT2,EXOC6,ERI3,RP11-217B7.2
615,C12orf45,PIGF,DTX3,C17orf59,URB2,PGRMC1,GNS,GMPR,RP11-230C9.4
616,FBXO4,FAM210B,NUP54,SNRNP27,OBSCN,MFSD10,MPC2,UBXN1,PKD2L2
617,ZNF350,ELP5,ZNF799,MRM1,FBXW4,ABHD12,EVA1B,ZUFSP,CTB-31O20.9
618,ABCC10,CORO1B,AAR2,TBC1D23,RP11-400F19.6,MKLN1,JKAMP,RIOK2,KCNN3
619,PURA,AIM2,LIX1L,CORO1C,MRPL19,TMEM242,TBC1D15,CASC7,RP11-53B2.3
620,ZNF232,NEFH,ACPP,PIGU,MOCS2,REXO2,ARRDC3,PDZD11,QPCTL
621,SAMD4B,ZNF404,RP3-325F22.5,CHST8,NUDT5,UQCC1,HDGF,IDH1,LA16c-431H6.6
622,ZNF121,ORC2,TMTC2,RP1-102G20.5,CECR5,C16orf13,SMYD4,GALT,RP11-175K6.1
623,EIF2B1,FAM63B,RP11-5C23.1,CCDC11,PRKACB,SCFD1,CPQ,METTL8,WDR52
624,STAU2,TBC1D23,LYSMD4,ASB15,UBE3A,TNRC18,PMF1,MMD,RP11-755B10.3
625,ABI2,MRE11A,MTRF1,RP11-271M24.2,SURF6,C1GALT1C1,VAMP5,JUND,KCNAB1
626,ARID4A,RMND5A,DIDO1,RP11-152L20.3,WDYHV1,CCDC94,CD2AP,CCDC94,AC005614.3
627,CEP120,RP11-324I22.4,RP1-266L20.2,AC015849.2,RP11-545I5.3,PIK3R1,BLM,TMEM189,ITCH-AS1
628,RP5-827C21.4,RP11-252A24.3,VSIG10L,RP11-554A11.8,IPO9-AS1,CASC3,TOMM40,DNMT3A,RP11-274B21.8
629,UCK1,NIPSNAP3B,AC137932.6,RP11-879F14.1,C5AR2,KLHL6,SYTL2,NUP54,RHCE
630,EMG1,LINC00957,RP11-141B14.1,CTD-2358C21.4,ZNF436,C7orf26,C16orf54,HLA-DOB,EPB41L4A
631,NAPA-AS1,LY6G5B,RAB6B,AC073641.2,TRIM14,GBGT1,DDT,HENMT1,RP11-661P17.1
632,PCGF1,MYH10,RP11-252A24.3,RP11-1136J12.1,CTD-2537I9.12,CCDC22,MADD,ALG5,MGAM
633,IL24,SYP,C1orf186,KCNG2,RIN2,LSM14B,FH,TM7SF3,TMEM44
634,VMAC,RPA4,C1QC,YJEFN3,INPP5A,REPS2,R3HDM1,MLLT10,RP11-122G18.5
635,CR1,ZNF594,DMPK,MOGAT1,TTC30A,SRPR,TDG,KLF11,UBE2E2-AS1
636,DDT,U73166.2,RPA4,GPC2,PBLD,FEM1A,ZNF330,AAR2,TEX9
637,MIS18A,RP11-294J22.6,RP11-493L12.4,C11orf85,ARVCF,ACBD3,TSSC1,DHRS4,RASGRF1
638,ISG20L2,RP13-753N3.1,SDCBP2,RP11-783K16.13,EARS2,TAF6L,FAM120A,DIMT1,CCDC62
639,NUDCD1,SPARC,ATP9A,AC012499.1,LINC00342,UBLCP1,SPEN,TRIP12,PPT2-EGFL8
640,RNF187,CHPF2,SCN1B,SLC24A3,ZNF175,CEP85L,MAP3K7,TNNI2,CTD-2012J19.3
641,MRM1,CUL4B,ASAP2,AC017002.2,CMTM5,GLYCTK,ODC1,FAM127A,RP11-490M8.1
642,DNAJC2,SPATA6,PVALB,SPATA13-AS1,CES4A,ANAPC4,RIT1,PDXDC1,RP11-110I1.14
643,IFFO1,CRTC2,KDM4A-AS1,JMJD7,UBAC2,RP11-349A22.5,ADAM10,R3HDM2,NRN1L
644,AAR2,OSBPL1A,FZD2,RP11-231D20.2,CCP110,MFF,MAT2A,THYN1,RP11-977G19.12
645,RCE1,LYSMD4,ARHGAP11A,MIR1-2,AGO4,USP7,SUCLG2,DESI1,NUDT12
646,METTL8,AC092295.7,CTD-3214H19.4,RP1-111C20.3,KIAA0196,SDAD1,NUP54,IGJ,RP11-211G3.2
647,MGA,C1orf50,SEPT4,CHRM3,RARS,STOML2,POLD2,FNTA,CLECL1
648,SLC20A2,DDX46,GPR55,PF4V1,ST20,CRLS1,NKIRAS2,C1GALT1C1,RP11-178L8.7
649,RP11-66N24.3,TTC8,CLIP2,RP11-384C4.7,MPV17,USP36,MDP1,C3orf38,KCNH3
650,TTPAL,SMIM5,LINC00957,FAM71A,ACADVL,C3orf38,FASTKD1,SLBP,PLIN5
651,R3HDM1,PBLD,RP13-753N3.1,KB-1460A1.3,ADIPOR2,MADD,UBE2K,UBE2K,ZNF433
652,SARDH,ZNF587B,ARHGAP6,KB-1980E6.3,ANKRD54,C5orf56,SLC25A14,ISCA2,RAB12
653,DMTN,RSPH9,RP11-879F14.2,NUPR1,ICAM2,MLLT11,LIX1L,DEF6,RP11-420A6.2
654,RP11-527L4.5,CTD-2537I9.12,MYH10,DCSTAMP,TYW5,SNX14,PCGF1,MYO9B,SOX13
655,MAP3K7,INPP5A,MCM10,RP11-700J17.2,PLA2G4C,SREBF1,NELFB,RFC5,RP11-159H10.3
656,TADA2A,LINC00984,RP11-1055B8.7,PRSS22,CRIP3,CIDEB,TMEM102,SMIM5,NCKAP1
657,CYTH2,ARVCF,TMEM116,CCDC38,HOMER2,CPSF3L,STT3A,RP11-545I5.3,FRMPD3
658,C18orf21,RP11-792A8.4,SLC40A1,PRSS27,RP11-496I9.1,DMAP1,GFER,SARS,RP11-196G11.2
659,DENND6A,SAMD9L,CEP85L,CCDC40,SNTA1,USP33,NDUFA10,LINC01003,BHLHE40-AS1
660,TINF2,TIMM17A,FASTKD1,RP11-302F12.10,POLA1,IP6K1,DICER1,TPM2,LRRC24
661,ZNF559,FEM1A,SLFN5,PDE6H,KIF3C,MRPS18A,ARIH2OS,ABT1,ZNF425
662,RBM48,XPNPEP1,AC005082.12,RP11-304L19.2,TGFB1I1,MYCBP2,PGM2,MYO1E,RP11-247A12.2
663,KLHL6,C9orf3,GIT2,KLRC3,CTC-428G20.6,LARS,MRPS33,SPEN,RP11-544A12.4
664,NDUFB10,CDC42BPB,LONRF1,SYNGR3,ATP8B3,SNRNP27,CDK16,MAPK1IP1L,CCDC3
665,DUS3L,BANP,CECR5,AARD,FSTL1,NME6,SUV420H2,TMEM80,C10orf25
666,SIN3A,RP11-468E2.4,SLC4A7,CTA-331P3.1,YES1,TYW5,UNC45A,HAGH,RP4-773N10.4
667,RP13-270P17.3,PLA2G4C,IQCH-AS1,RP11-503E24.3,CD274,SETX,UBA5,CDK16,TACR2
668,MRPL43,RP1-28O10.1,RP11-162G10.5,ADIPOR2,ANKRD9,SPSB2,C9orf37,FAM210B,RP11-356N1.2
669,EXOC6,POLA1,RP11-532F6.3,CTF1,EVA1B,SLBP,DPH6,RP11-145M9.4,ACVR2B
670,CES4A,CXCR1,IL24,CCNB3,ZNF232,MVD,CTNNAL1,MANBA,KRTAP5-AS1
671,GOLGB1,ARHGAP19,RUNDC1,PDIA2,FAM96B,CIAPIN1,DYNLL2,LZTS2,AC068580.6
672,TMEM242,CTD-2015H6.3,F13A1,ARHGDIG,PPP2R1B,NMNAT3,PTPRN2,IQCH-AS1,OMG
673,PDE6B,PARS2,INPP5A,HBA2,PGM2L1,LUC7L3,RP11-468E2.4,RP11-532F6.3,RBL1-1
674,CUL4B,CTTN,COLGALT2,LINC01132,TOP2B,NPRL2,IFI44,PAICS,SCIN
675,PMEPA1,FSTL1,TTC30A,RP11-203B7.2,ZNF559,VTI1A,MVB12A,NPRL2,FAM209A
676,ANKAR,TGFB1I1,EFCAB4A,GJC3,POLDIP2,ISG20L2,MGA,PMEPA1,CTC-260E6.6
677,RBM26-AS1,LINC00886,RP11-390B4.5,RP3-337O18.9,GNG11,PDXDC1,PPP2R1B,TMEM91,RP4-684O24.5
678,STOML2,ZNF653,CTD-2537I9.12,MICALCL,RAB2A,MAP3K7,KPNA1,SLC6A6,RP11-77H9.2
679,WBP2NL,FAM32A,SMIM5,FAM225A,TMX3,CASC7,STX18,POLR3E,CCDC163P
680,PLCL1,DMAP1,ELANE,CTD-2033C11.1,SPSB2,TOR1A,GGA3,PCYT1A,AL928742.12
681,CPSF3L,GOLGB1,ENKUR,CTC-498J12.3,KLF13,NONO,DHRS4,TOP1MT,TMEM87A
682,PPP1R8,YTHDC1,CTD-2012K14.7,AL161784.1,FN3KRP,DAGLB,KLHL24,TRPM4,AC010894.5
683,RP11-727F15.9,RP11-65N13.8,MMP9,RGPD8,SMYD4,SPATA6,EIF1AY,COMMD10,RP11-308N19.1
684,MZT1,RP13-143G15.4,LINC00984,RP11-355N15.1,DCAF8,YTHDC1,PRPS2,PSMA7,NEUROD2
685,SHOC2,RP11-382A18.2,hsa-mir-1199,RP11-304M2.5,RP11-142C4.6,HOOK2,PGM1,BRWD1,CCDC153
686,ANKRD54,KB-1460A1.3,ITGB3,RP11-242F4.2,CTD-2368P22.1,SLC19A1,GMPPA,OSCAR,CACNA1C-AS1
687,PDHB,RP11-885N19.6,RIN2,RP11-816J6.3,CTB-152G17.6,TMEM62,RMND5A,ZNF330,TEX12
688,DTX3,TUBB8,OTOF,NLGN2,RP1-315G1.3,MTIF2,IGFBP4,UBE2E1,RP13-314C10.5
689,ZNF799,AL161784.1,LINC00494,LBX2,PLCL1,SLC35A1,HSPB11,PEX16,KCNJ14
690,LYSMD4,CGN,RSPH9,CTD-2506J14.1,C1orf198,STX18,HIST1H2AC,HDGF,TMPRSS11E
691,SLC35A1,KB-1980E6.3,PDZK1IP1,RP11-76E12.1,RFPL2,FEM1B,UIMC1,FNBP4,HIST1H4I
692,C2CD4D,RP11-535M15.1,RP11-219B4.7,CYP46A1,SLFN5,FAAH,NNT-AS1,FH,AK4
693,ZFX,AARD,ZNF436,CTD-2639E6.9,TRIM16L,KLF13,MGAM,PPIL2,SUOX
694,CIAPIN1,DCSTAMP,C5AR2,MNS1,IL1RAP,PEX26,PHACTR4,NRGN,IFT81
695,CBX5,SEMA3D,TTC8,PDF,HAGH,FRY-AS1,ZNF45,TOR1A,RP11-932O9.7
696,ZFAND4,RP11-354M20.3,RNF125,LOX,RPUSD3,TOP2B,CEP164,SAMD4B,ANKRD50
697,PGM1,CCDC38,RP11-554J4.1,RTN2,DHX9,IRF9,UQCC1,ARHGDIA,WNT5B
698,PLD6,RP11-343J3.2,CHD7,RP11-379F4.4,RP11-535M15.1,BAG5,SMARCC2,CTNNBL1,ABCG2
699,ANAPC4,RP11-532F6.5,SAMD1,RP11-91A18.4,ARHGDIG,VIPR1,SNRNP27,EID2,RP13-270P17.1
700,ZNF493,CACNA1F,NR2C1,RP11-516C1.1,RP11-355N15.1,IDH1,MED7,RASD1,CTC-444N24.6
701,LRRIQ3,PDE6H,CTNND1,RP11-344N10.5,RP11-65N13.8,CR1,ISCA2,C1orf50,AURKC
702,B4GALT4,KLRC3,DMTN,CTD-2283N19.1,FAM71A,DCAF8,WIBG,SSBP3,NEDD4
703,STAU1,CCNB3,F11R,RP11-885N19.6,RP11-317G6.1,TMBIM6,MYOM2,NOP58,CTC-454I21.3
704,NF1,RP4-761J14.8,PXMP4,TUBB8,AL161784.1,RGL2,BHLHE40-AS1,AGPAT1,RNASE3
705,RNF26,RP4-545C24.1,EFCAB14,LEFTY1,FAM225A,BRWD1,RP11-490M8.1,F11R,CTD-2227I18.1
706,ZNF330,RP11-554A11.8,PDE6B,RGS6,RP1-102G20.5,AKAP8,RAD51B,CTNND1,RP11-10K16.1
707,LZTS2,C11orf85,BBS2,CST11,AARD,CD93,METTL21A,RNF168,MCM10
708,RPS19BP1,RP11-242F4.2,CMTM5,MYBPC3,ACTN1-AS1,FBXO25,ERCC6L2,LRCH4,CTD-2302E22.4
709,CTD-2012K14.7,NKX3-1,MPHOSPH10,TP63,RGS6,ISOC1,RGS14,CITED4,RP11-141B14.1
710,MRPL19,CREB3L1,SMC2,CREB3L1,KB-1980E6.3,ECHDC1,SETD5,THEM4,RP11-502I4.3
711,JTB,ASB15,TNS1,AP000282.2,RP1-59D14.1,CSNK1A1,DIDO1,PUM1,RP1-266L20.2
712,VIPR1,AC103801.2,CD274,NKX3-1,RP11-384C4.7,WDR55,C1orf50,EVA1B,FCGBP
713,PPIL4,MICALCL,CXCR1,CTC-548K16.1,RP4-761J14.8,BNIP2,EID2,TMX2,RP11-252A24.3
714,C14orf80,TMEM56,POLA1,CTD-2325A15.5,RP11-382A18.2,ALG5,YWHAG,API5,DMPK
715,ORMDL2,SYNPO,PLA2G4C,YEATS2-AS1,DCSTAMP,PPIL2,ACTL6A,TSPAN15,SMTN
716,ZNF628,RP11-503E24.3,ARHGAP19,AC103801.2,RP11-885N19.6,CAMK1D,C12orf10,ODC1,CTD-3214H19.4
717,PPP2R1B,RP11-88H9.2,CRIP3,RP11-535M15.1,KB-1460A1.3,ODC1,RP4-612B15.3,CEACAM4,ZNF594
718,TMEM55A,GPC2,RP11-1000B6.3,LINC01122,CELF6-1,CECR5,ATP6V1C1,WHAMM,RP13-753N3.1
719,FAM98A,CTD-2283N19.1,KIF3C,FAM83C-AS1,ZNF132,USP19,MED9,PPIE,MYH10
720,NOC4L,GJC3,TGFB1I1,CELF6-1,RP11-481J2.2,CEPT1,FEM1A,FAM120C,C1QC
721,WDR55,ACTA2-AS1,YES1,RAB6C,RP11-152L20.3,INIP,STK32C,S100A8,RP11-493L12.4
722,RAB9A,RP11-96C23.15,HP,RP13-143G15.4,RP11-554A11.8,XPNPEP1,PDK2,TREX1,LINC00957
723,RP5-821D11.7,RP11-344N10.5,GPR84,ACTN1-AS1,PDIA2,PNPLA8,F11R,MICU1,RP11-324I22.4
724,C16orf52,RP11-384C4.7,HGD,RP11-532F6.5,RP11-304L19.2,GTPBP6,RCHY1,ZNF276,C1orf186
725,RP11-496I9.1,RP11-302F12.10,CLDN5,RP11-88H9.2,PRSS27,USP38,SAMD1,FASTKD1,FZD2
726,CNIH4,LOX,HOMER2,CTC-297N7.1,C11orf85,NXT2,BLZF1,TNFRSF1B,U73166.2
727,SMARCC2,YEATS2-AS1,PARS2,PPP6C,AP000282.2,PQBP1,MRPL43,ARL2BP,RP11-294J22.6
728,TANGO6,RGPD8,NT5M,ZNF195,RP11-783K16.13,GGA3,DDI2,ALDH1A1,DNAJC27
729,C1GALT1C1,CTD-2358C21.4,CTTN,SCAI,CYP46A1,ANKRD22,WDR37,LARS,C2CD4D
730,RABL2B,RP11-516C1.1,ATP8B3,C19orf33,MYBPC3,GOLT1B,TMEM205,TSSC1,SYP
731,C9orf37,RP4-555D20.2,CTC-428G20.6,ZNF841,PDE6H,RFC2,DEXI,MAP3K8,NIPSNAP3B
732,ZNF333,AC015849.2,LRIG2,RP11-178G16.4,CREB3L1,CEP164,BCDIN3D,EHMT2,RPA4
733,TRIM23,RP11-216P16.2,STX16,CD2AP,AC103801.2,KCNE1,RP11-545I5.3,LPIN1,RP11-408A13.4
734,SLC48A1,MREG,ANKAR,PAXIP1-AS1,MICALCL,QSOX1,ARVCF,BTN3A1,ARHGAP11A
735,ERV3-1,RP11-285J16.1,PHF12,SEC31A,CTA-989H11.1,WIBG,TTC8,LAMP2,RP11-378J18.3
736,CPNE2,RGS6,BAG5,HSPB11,RP11-91A18.4,PGRMC2,HNRNPH3,PTGDS,KDM4A-AS1
737,TSPAN15,PTGES3L,RBM26-AS1,QRICH1,RP11-304M2.5,GGA2,CCP110,LIN52,RP11-1055B8.7
738,OSBPL7,HBA2,GP1BA,PTGS1,TMEM56,HSPB11,TOP2B,GPS1,VSIG10L
739,RFXANK,RP11-379F4.4,SPTSSB,RP11-983P16.4,RP11-354M20.3,ARSG,ZNF559,AGO4,PLXNA1
740,PRELID2,CCDC40,INVS,TTC18,NUPR1,TSC22D1,CDC16,PCGF1,SLC4A8
741,RP4-800J21.3,RTN2,POLR2K,RP11-804A23.4,ACTA2-AS1,ZNF397,BLOC1S1,SLC19A1,ARVCF
742,SEPT11,AC073641.2,ZFAND4,AC022532.1,RP11-96C23.15,MIS18A,LSM6,COPS4,RP11-314N13.3
743,CACNA1C-AS1,ARHGDIG,TRIM8,PTPRN,RP11-344N10.5,LYRM4,KIF3C,ILF3-AS1,MMP9
744,CTD-2227I18.1,ZNF560,TPM2,AC093901.1,RP11-343J3.2,HDDC3,ATP8B3,ATP10D,ZNF587B
745,STUB1,RP11-816J6.3,CLEC4C,CABP5,RP11-88H9.2,GAS2L1,AP001462.6,SLC27A1,EFCAB4A
746,VTI1A,CTC-548K16.1,LY6G6F,RHCE,NLGN2,BANP,PARS2,FAM32A,ZNF436
747,C10orf32,PF4V1,RP11-701P16.5,PARD3,CTF1,DPY19L4,RPS6KL1,RIOK1,RP11-219B4.7
748,SPATA7,LINC01118,RFPL2,CTB-31O20.9,CGN,DPY30,DENND6A,PGM1,OTOF
749,POLR3K,YJEFN3,FAXDC2,RP11-217B7.2,CTD-2358C21.4,DNAJB14,AGPAT1,CNIH4,CTD-2537I9.12
750,C2orf76,LINC00618,EML6,RBFOX3,RP11-503E24.3,MOB2,TNFRSF17,MARCH5,ELANE
751,ASXL2,CTD-2506J14.1,THBS1,GLB1L3,AC012499.1,PITHD1,DIS3,XPOT,IPO9-AS1
752,MUM1,RP11-76E12.1,WBP2NL,AC022201.5,RP11-231D20.2,INTS12,LINC01003,PCNA,RP11-390B4.5
753,LYRM4,CHST8,RP11-960L18.1,MAP2,CTC-297N7.1,SENP2,SNAP47,F2R,COLGALT2
754,RP11-430B1.2,CYP46A1,CXCL3,AC005614.3,RP11-271M24.2,DHRS4,C2orf76,F13A1,RIN2
755,LUC7L,PRSS22,BIRC5,RP11-53B2.3,KCNG2,IFFO1,TPM2,MNAT1,ANKS1B
756,GPR55,PRSS27,SLC22A4,RP11-672A2.6,SLC24A3,TBC1D15,RP11-385F7.1,RP13-270P17.3,C5AR2
757,PLXNA1,SYNGR3,WDFY3,AP002954.4,LINC01122,TRIP12,C1orf198,TRIT1,RP11-545I5.3
758,KDM4A-AS1,AC096559.1,MYO1E,CASC8,CTD-2325A15.5,IL1RAP,THBS1,CXXC1,TTC8
759,RPA4,RP11-152L20.3,DNASE1L3,PIWIL2,LBX2,MAEA,METTL8,TAOK2,LINC00494
760,AAGAB,RP1-102G20.5,R3HDM1,AC140481.2,FAM83C-AS1,STX4,IGJ,RP11-400F19.6,CTD-2012K14.7
761,LIN52,RP11-197N18.7,AGO4,KCNN3,RP11-203B7.2,SDCCAG8,USP8,RDH14,IFIT1
762,SHARPIN,LEFTY1,PDIK1L,KCNA5,RP3-337O18.9,MBNL1-AS1,PLA2G12A,CCP110,ARHGAP19
763,RMND5A,CTA-989H11.1,C1GALT1C1,LINC00610,PF4V1,ZBTB10,SIN3A,MED30,YES1
764,S100B,RP11-879F14.1,PAXIP1-AS1,RP11-557C18.4,RP11-700J17.2,MRPL42,ISOC1,TBCK,SNTA1
765,RP11-178G16.4,RP11-271M24.2,GYS1,EPB41L4A,PCDH9-AS1,TREML1,7SK-2,GAS2L1,CD274
766,ATAD3C,TP63,ZNF232,ELOVL7,RP11-302F12.10,CD9,ATAD3C,ZNF559,RP1-28O10.1
767,SLC6A6,SLC24A3,TREML2,PEAR1,AC017002.2,ARIH2OS,PTGES2,RP11-792A8.4,RP11-527L4.5
768,MRPS12,CTC-498J12.3,IL1RAP,FAM212B-AS1,TP63,SMARCD1,THYN1,FADS1,CTD-2015H6.3
769,ARSG,CTD-2033C11.1,SYCE1,AC105053.4,RGPD8,CEP68,HMBOX1,EDC3,CTC-428G20.6
770,FRY-AS1,CST11,SAFB2,ERBB3,YEATS2-AS1,EXOC4,STK11IP,DENND6A,RP11-432I5.1
771,TMEM177,RP1-59D14.1,HDAC5,GCKR,JMJD7,C15orf57,IL16,CHN2,AP001462.6
772,URB2,AC012499.1,CCND2,RP11-755B10.3,RP11-816J6.3,MINA,MKLN1,DLST,PARS2
773,GPS1,RP11-317G6.1,BCDIN3D,MYCT1,RP11-379F4.4,SAFB2,ARHGAP18,ARHGAP18,GPR84
774,KIAA1429,PCDH9-AS1,S100P,RFX4,RAB6C,LIN52,FBXO33,CORO7,DRAXIN
775,RP11-314N13.3,LINC01132,C19orf33,RP11-46H11.12,ZNF560,TTN-AS1,NT5C3A,CCDC91,CXCR1
776,CTD-2537I9.12,CHRM3,GNG3,SHPK,RP4-555D20.2,SPHK1,YIPF5,UBLCP1,HP
777,HELQ,CTD-2325A15.5,MRVI1-AS1,KCNAB1,RP11-285J16.1,LINC00984,FAM120C,DAGLB,RP11-219B17.1
778,UNC45A,RP11-1096G20.5,LRRIQ3,DIO1,YJEFN3,OTOF,LUC7L,PF4,ATP8B3
779,TRIM14,MYZAP,ZNF503,RP11-122G18.5,AC073641.2,RSPH9,SERAC1,SRPR,KIF3C
780,NFAT5,ZNF132,SCGB1C1,DLK1,MOGAT1,SLC4A8,KRBOX4,ISOC1,LINC00886
781,PEX19,NLGN2,7SK-2,MGAM,MREG,OAT,USP36,NAA25,TEX2
782,BAG4,RP11-355N15.1,HIST1H1B,RP11-185E8.1,CHST8,ST7L,KIAA1429,PXMP4,ZNF653
783,KIAA0196,RP11-481J2.2,REPS2,CYP1B1-AS1,SPATA13-AS1,CNEP1R1,TNFRSF9,YIPF5,CAMK2N1
784,IGFBP4,MIR1-2,BRWD1,CTD-2184C24.2,LINC01118,DHX15,MYL9,USP36,RP11-1000B6.3
785,PEX26,CCDC11,ZNF628,AC005224.2,RP11-1136J12.1,MED7,NAPA-AS1,WDYHV1,POLA1
786,GDF11,PDF,PPP2R1B,RP11-138I1.2,RP1-111C20.3,DHX8,CUL4B,RETN,RP11-496I9.1
787,PUS7,FAM83C-AS1,WDYHV1,MIR4523,NKX3-1,BBX,DUSP10,GID8,RPS6KL1
788,NUDT12,RP11-304L19.2,PLA2G12A,TRAPPC3L,RP11-1096G20.5,EIF5B,MPHOSPH10,TAF6L,CRIP3
789,SOX13,PCGF1,C1QB,TMEM44,MYZAP,PPIE,CWC15,ICAM2,MYO1E
790,LRRC24,CPNE5,ITGA2B,GIPC2,CCNB3,CEP120,PLAGL2,SUV420H2,CLEC4C
791,RP11-247A12.2,TMEM80,DENND6A,LTBP1,CACNA1F,ZSWIM6,TMEM87B,VIPR1,DNASE1L3
792,GLS2,EARS2,RABL2A,RP11-274B21.8,LEFTY1,KIF3C,BABAM1,RMDN3,SAMD12
793,RRAGC,C16orf52,SPRTN,AC002331.1,PTGES3L,DDX17,RABIF,RCE1,CXCL3
794,SMYD4,AC074138.3,ZNF333,RP11-510J16.5,RP4-545C24.1,NFIC,EPN1,IRAK4,RFPL2
795,ZNF626,LRRC59,C2orf88,RP11-424I19.2,MNS1,BET1,CHPF2,CWC15,BIRC5
796,INTS12,ACOT13,EGFL7,RP11-661P17.1,ASB15,ALKBH4,ZFX,CD93,TPM2
797,LINC00342,MYO1E,PUS7,PDGFA,GJC3,PCNA,RBM4,PHF14,RP1-315G1.3
798,ZNF175,DNASE1L3,LINC01013,CTC-444N24.11,SEMA3D,NELFB,LRIG2,ANKRD27,WBP2NL
799,RP1-28O10.1,RP11-960L18.1,PRUNE,ARHGAP18,CTD-2639E6.9,PPIG,ARSD,SCAI,CTB-152G17.6
800,PARS2,ILF3,TSPAN15,RHEBL1,RP13-143G15.4,MTERFD1,VTI1A,PGRMC1,RPH3A
801,RP11-432I5.1,TPM2,PDCD1,NDUFA10,RP11-879F14.1,MAP3K7CL,C16orf52,C16orf80,SPATA7
802,CTD-2015H6.3,CLEC4C,SLC48A1,NOP58,CTA-331P3.1,SENCR,AGO4,NABP1,WDFY3
803,CD274,CTD-2368P22.1,SPHK1,ELL,LINC00618,NARS,DDB2,HEMK1,RP11-385F7.1
804,TMEM199,FAXDC2,ZNF45,PPP2CA,CHRM3,SMYD4,USP19,PELI1,PROK2
805,SAMM50,RFPL2,PRRG4,CLPX,CCDC40,DLST,PSMG2,CGRRF1,PLCL1
806,BLZF1,RP1-315G1.3,RP1-111C20.4,YEATS2,RP11-216P16.2,PRR5L,HMGXB4,TSC22D1,RP11-960L18.1
807,PIGL,RP11-385F7.1,PRELID2,RBL1-1,AC096559.1,PTCRA,PLEKHB2,NR2C1,CTD-2368P22.1
808,RCHY1,WBP2NL,NEFH,RP11-196G11.2,RP11-532F6.5,WDR44,ZNF628,CISD1,SLC22A4
809,POLR2K,THBS1,FMO4,TAL1,RTN2,IL4I1,INVS,PPP6C,RP11-701P16.5
810,TUBB1,C1orf198,TNFRSF9,GLS2,MIR1-2,SLC22A4,POLR2K,SPIN1,HIST1H1B
811,RABL6,EML6,ZNF404,SEC14L5,RP11-197N18.7,CTD-2368P22.1,ANKRD9,YWHAG,RP11-178G16.4
812,CHERP,TYW5,CCL2,OMG,SYNPO,CXCL3,ZFYVE28,ARID4A,TUBG2
813,ZNF45,KDM3B,RRS1,RP4-684O24.5,CTD-2283N19.1,RP11-701P16.5,SPSB2,RBM5,AP003419.16
814,FMO4,RP11-661P17.1,ACRBP,SERPINE1,CCDC11,GOLGB1,C16orf80,RCHY1,S100P
815,RPL39L,BMP8B,PPP1R8,ACVR2B,CTD-2506J14.1,ATP5SL,SLC19A1,CASP4,TCL1B
816,NEDD4,RASGRF1,WARS2,SYTL4,MAP3K7,RUNDC1,PHF12,ZBTB10,REPS2
817,AC010894.5,RP11-755B10.3,ZNF747,MAP1A,HIST1H1B,SCGB1C1,ANKRD54,TCP1,MRVI1-AS1
818,TEX12,RP11-510J16.5,VPS13A,LRRC24,ATAD3C,ABI2,IL1RAP,TUBB1,FBXL14
819,SAMD14,WDR52,USP36,FAM209A,FBXL14,ACVR2A,ZRANB3,RBM7,ZNF503
820,KCNJ14,PTPRN,RNF26,ZNF425,SH3BGRL2,EHMT2,OSBPL7,BLZF1,AEBP1
821,TRIP12,PARD3,FAM120C,BHLHE40-AS1,RP11-138A9.2,AAGAB,TCF12,C4orf33,GNG3
822,SLC25A14,MAP2,CLYBL,MEIS1,MPP6,RP11-792A8.4,URGCP,ADAL,ATAD3C
823,C5orf15,RHCE,TRMT61A,RP11-359I18.5,ZMAT5,HERPUD2,CGRRF1,MOB2,7SK-2
824,METTL21A,RBFOX3,MYOM2,NRN1L,RABIF,TFAM,SLC4A7,USP8,TTC28
825,C17orf62,RP11-672A2.6,ZSWIM6,SOX13,URGCP,UCK1,WARS2,REXO2,LRRIQ3
826,BBS2,AC005224.2,RP11-430B1.2,RP11-544A12.4,LARS,EGFL7,MICALCL,TBC1D23,ACVR2A
827,C8orf44,RP11-138I1.2,PEX26,CLECL1,C16orf58,RP11-398C13.6,RP11-344N10.5,GNS,U2SURP
828,HIST1H2BJ,AC002331.1,NUDCD1,PLIN5,CEP164,PRR5,RP11-816J6.3,PYGO2,SERAC1
829,ZUFSP,UBE2E2-AS1,AC092295.7,KCNH3,TCP1,TMEM102,CCNB3,DHX8,GDF11
830,SAMD12,AC022532.1,OSBPL1A,RP11-247A12.2,UBE2Q1,RPUSD3,AARD,CLEC2B,LINC01013
831,CTB-152G17.6,RP11-147L13.8,RP11-145M9.4,LCN2,XPOT,NDUFS1,VMAC,NIT2,RP11-398C13.6
832,THBS1,LA16c-431H6.6,SEPT5,MEG3,ACBD3,HBEGF,RHBDD3,RUNDC1,DISP1
833,DPH6,MYCT1,GFI1B,CCDC3,RFX4,NEFH,FEM1B,RFC2,PUS7
834,C11orf85,RP11-185E8.1,SLC22A18AS,SPOCD1,RP11-557C18.4,RP1-111C20.4,NFKBIL1,KIAA1430,TNFRSF9
835,AL161784.1,RP11-804A23.4,CEP128,TDG,AC005614.3,ARG2,MPP6,ARRDC3,RP1-111C20.4
836,RP11-271M24.2,RP11-830F9.5,ANKRD22,TCEAL4,RP11-122G18.5,SNRNP35,DNAJC7,PGRMC2,PALLD
837,RP11-384C4.7,RP11-230C9.4,CXCL10,PRELID2,AC093901.1,PEMT,ITGA2B,TMEM18,PRRG4
838,KB-1980E6.3,GIPC2,FAM63B,ARG2,AC005224.2,RNF139,ZNF747,DNAJB14,ZNF404
839,ARHGDIG,CASC8,HENMT1,TTPAL,PEAR1,ATXN1L,BAG5,SMC2,PRELID2
840,AC103801.2,RFX4,PJA1,MAP3K7,MAP2,TRIT1,DYNLT1,GRPEL1,CCL2
841,CCDC11,FAM212B-AS1,RP11-70P17.1,R3HDM2,PTPRN,FAM212A,MLEC,KIAA1429,NEFH
842,BRWD1,AC022201.5,EXOC6,USP33,RP11-53B2.3,ACPP,SLC35A2,PLAGL2,LILRA4
843,CHPF2,DLK1,KLC4,NAPA-AS1,RP11-175K6.1,SLC22A18AS,RP11-230C9.4,RELB,RP4-800J21.3
844,TPM1,RP11-983P16.4,TRIP12,SPG7,KCNA5,TMTC2,KCNAB1,STT3A,FMO4
845,MAT2A,AC005614.3,IL4I1,MYL9,RP11-230C9.4,GUCD1,RFX4,RP11-139H15.1,FKBP5
846,RP5-1028K7.2,LTBP1,RP4-612B15.3,ERCC6L2,PKD2L2,PLRG1,TEX9,SURF6,RP11-5C23.1
847,ELOF1,QPCTL,MLTK,KLC4,LINC00610,RBM4,RP11-138I1.2,DUSP10,TRAPPC12-AS1
848,SMC2,CABP5,NOL11,AC007879.7,RP11-46H11.12,PRPF8,RP11-557C18.4,CHPF2,ANKRD22
849,ZNF747,GCKR,WDR37,RP4-781K5.2,RASGRF1,PGM1,RASGRF1,DPH6,OSBPL1A
850,RP11-367G6.3,PIWIL2,FCAR,RP13-270P17.1,EPB41L4A,ANTXR2,AC093901.1,MALT1,SLC22A18AS
851,EOGT,RP11-274B21.8,CLEC1B,WNT5B,BMP8B,ZFAND4,QPCTL,TBPL1,CTB-113I20.2
852,MYOM2,RP11-175K6.1,DENND5B,GATA2,MEF2C-AS1,RP11-138A9.2,RBFOX3,C16orf74,RP3-325F22.5
853,AC092295.7,PEAR1,AC147651.3,AURKC,RP11-804A23.4,ILF3-AS1,AC140481.2,ZNF493,CEP128
854,RP3-325F22.5,RP5-1073O3.2,CDC42BPB,AK4,MYCT1,AC147651.3,BMP8B,ANKHD1,CXCL10
855,RP11-141B14.1,KCNN3,FCGR3B,TDRP,TTC18,SEPT11,RARS,ELOF1,TMTC2
856,RP11-294J22.6,AC105053.4,SLC16A5,CACNA1C-AS1,CTD-2184C24.2,GARS,ACD,TCF12,LYSMD4
857,C1QC,MGAM,KCNE1,LNP1,LTBP1,ARL2,LINC00662,MIS18A,RP11-145M9.4
858,FCGBP,FAM27A,GOLGB1,RNASE3,CABP5,THOC7,SIVA1,C14orf80,ACPP
859,RP11-493L12.4,PDGFA,SDHAF2,CTD-2227I18.1,MGAM,CCP110,SKAP2,NUDCD1,IQCH-AS1
860,RP11-502I4.3,SULT1C2,BRAT1,RP11-10K16.1,RP5-1073O3.2,SURF6,CASC3,BANP,KCNE1
861,LY6G5B,CTB-31O20.9,SMCHD1,AC010894.5,RP11-217B7.2,ACP1,SPIN1,CKS1B,RP11-162G10.5
862,RP11-378J18.3,AC140481.2,SLC20A2,C15orf26,RP11-274B21.8,TTC1,TMEM234,TMBIM4-1,IL24
863,SDCBP2,PKD2L2,ILF3,CCDC153,TEX9,TTC14,GRPEL1,PTGDR,DENND5B
864,MED28,AC009505.2,PTPRN2,ABCG2,FAM212B-AS1,WDR37,MEIS1,ZNF32,LAMP3
865,NNT-AS1,RP11-46H11.12,CDKN2A,SAMD14,QPCTL,RP11-804A23.4,CTD-2012J19.3,CTNNB1,LZTS2
866,DDI2,ITCH-AS1,NEK8,CTC-454I21.3,CYP1B1-AS1,KCNN3,CTD-2541M15.1,PDCD2L,FCGR3B
867,NFIC,MEF2C-AS1,RP11-706O15.1,CTC-444N24.6,RP11-138I1.2,BTN3A2,RAB12,MRPS33,FCAR
868,TTN-AS1,TEX9,BOLA3,KCNJ14,RP11-830F9.5,NUDCD1,RP11-110I1.14,ARAP1,RP11-532F6.3
869,NECAB3,TMEM44,NBR1,SLC20A2,PARD3,TMEM234,SLC20A2,ABHD5,SLC16A5
870,DHX34,ELOVL7,ZCCHC10,NAA25,ELOVL7,TANGO6,EOGT,UQCC1,URB2
871,SPIN1,CTC-444N24.11,RASD1,YTHDC1,FAM27A,SLFN5,RNASEH2B,SMARCD3,IQCE
872,MNAT1,WARS2,YIPF5,CXCL10,KCNN3,MYL9,FAM98A,IDI1,AC074138.3
873,TAOK2,RHBDD3,TMEM40,OSBPL1A,RP11-147L13.8,PIGU,ARID4A,PLEKHA3,C16orf52
874,SLA,KLC4,CTNNAL1,RP3-325F22.5,DLK1,AP001189.4,NEMF,ABI2,SARDH
875,SYCE1,NAPA-AS1,SDPR,CTB-113I20.2,AC022532.1,ANKRD9,NBR1,MRPL1,ZNF175
876,ATXN10,FAM96A,DYNLL2,RP11-5C23.1,UBE2E2-AS1,ZNF350,NEUROD2,C18orf21,EARS2
877,AGPAT1,RASD1,ACBD3,IL4I1,KCNAB1,IFI27,C15orf26,ZBED5-AS1,LINC00342
878,HIST1H1B,ITPA,ARSD,TMEM177,TRAPPC3L,POLR2K,ABCG2,SNRNP35,CRTAP
879,TUBG2,ISOC2,UQCC1,PF4,RP11-185E8.1,SMDT1,AURKC,MAP2,PSMC6
880,ACVR2A,MRVI1-AS1,IFFO1,ATXN3,RP11-424I19.2,STX16,RP11-308N19.1,DLK1,SPTSSB
881,AC105053.4,ACVR2A,ZNF468,GOT2,RP11-661P17.1,SUOX,WDR44,RP11-424I19.2,PMEPA1
882,AC005224.2,7SK-2,SNHG12,MUM1,TMEM44,CCDC153,SDHB,MYCT1,INTS2
883,LINC00610,TCL1B,STT3A,TRIT1,CTB-31O20.9,RGS14,TMEM177,KCNA5,INVS
884,CTB-31O20.9,SH3BGRL2,MAP3K7CL,AC137932.6,AP002954.4,PEX19,MTIF2,NARS,RBM26-AS1
885,AC022532.1,AP003419.16,LARS,C1QC,GLB1L3,C16orf58,SDAD1,C16orf54,PDZD4
886,TMEM44,SYTL4,AP001189.4,SEPT4,WDR52,RHEBL1,RP11-727F15.9,FAM209A,SYCE1
887,RFX4,RP11-420A6.2,HIST1H2BJ,RP11-879F14.2,ITCH-AS1,UBAP2,FAAH,TAL1,USP30
888,LA16c-431H6.6,AC068580.6,PMEPA1,PVALB,RP11-672A2.6,WDR91,C15orf57,CLECL1,ZNF121
889,WDR52,ZNF425,ANKRD9,C2CD4D,LA16c-431H6.6,LRIG2,TSPAN33,MEG3,NMNAT3
890,LTBP1,FRMPD3,KIF3A,RAB6B,RP11-755B10.3,MRE11A,C14orf166,ACVR2B,ZRANB3
891,RP11-661P17.1,SPOCD1,TAOK2,RP11-294J22.6,GOT2,ARRDC4,C3orf38,BEND2,TREML2
892,RP11-755B10.3,RP11-159H10.3,DDI2,FZD2,SERAC1,C1QC,UBAC2,CCDC62,TRPM4
893,RP11-53B2.3,KRTAP5-AS1,SLC35A2,CTD-2302E22.4,ESAM,FZD2,INTS12,MEIS1,IL1RAP
894,PIWIL2,RAB12,PDCD2L,RP1-266L20.2,FAM120C,CARHSP1,ZFAND4,RP11-544A12.4,SNX20
895,ELOVL7,NCKAP1,TASP1,RP11-141B14.1,MTRF1,FKBP5,ZNF836,RP4-773N10.4,PDIA5
896,PTPRN,CCDC3,BMPR2,RP11-1055B8.7,SPATA6,PLA2G7,C4orf33,ARPP19,C1QB
897,GIPC2,RP4-773N10.4,SLC25A12,SCN1B,DTX3,FBXO4,BMPR2,ZNF626,ARRDC4
898,RP11-510J16.5,RP11-247A12.2,NECAB3,LY6G5B,NCR1,PDCD2L,RP11-400F19.6,GATA2,IGFBP4
899,RP5-1073O3.2,LCN2,LIN52,GPR55,IDUA,ABCC10,RP11-141B14.1,RP11-10K16.1,ZNF718
900,MFSD10,C10orf25,TBC1D15,PLXNA1,RP11-139H15.1,INPP5A,ARHGAP11A,SETX,NCR1
901,KLC4,CTC-260E6.6,AP4S1,CTD-3214H19.4,NARS,ENKUR,CTD-2302E22.4,C9orf69,ZNF45
902,ACOT13,CTD-2541M15.1,TTC3,ASAP2,ZNF75A,C5AR2,RP11-493L12.4,NSA2,SPATA6
903,CLSTN3,MEIS1,PHF14,C1orf35,SNHG12,TBC1D23,MYH10,EXOC6,F5
904,CPQ,RP11-490M8.1,MED7,FN3KRP,AKR1C3,RAB9A,DMPK,SCN1B,LYPD2
905,YEATS2,SOX13,GP9,URB2,TRIP11,TIMM10B,RP11-252A24.3,SDCBP2,IDUA
906,RILPL2,SERPINE1,USP30,OBSCN,MARCH5,ADIPOR2,RP11-324I22.4,RP1-266L20.2,ZSWIM6
907,ZNF682,NPPA-AS1,TRPM4,F11R,LRRC24,KLHL24,SMTN,ASAP2,MYOM2
908,C9orf69,ACVR2B,BLZF1,SMIM7,CTD-2541M15.1,HCFC2,OBSCN,MYH10,RP11-430B1.2
909,ATXN3,RBL1-1,C19orf52,PRPS2,FAM209A,CLPX,LSM14B,RP11-1055B8.7,ZNF799
910,CDC42BPB,BEND2,CCDC174,WDR91,MEIS1,ZNF628,C5orf15,RP11-141B14.1,LONRF1
911,IFI44,AL928742.12,ZNF567,ST3GAL2,TACR2,BAG4,ZNF263,ZNF75A,TMEM177
912,ZNF587B,RP11-178L8.7,TUBB1,MBNL1-AS1,RP11-359I18.5,C12orf10,HERPUD2,FUS,FRY-AS1
913,TTC30A,CCDC163P,HCFC2,TAOK2,KCNH3,C6orf25,PRKACA,MVB12A,WDR44
914,ANKS1B,RP11-110I1.14,MUM1,SUV420H2,RP11-356N1.2,PLA2G4C,CASC7,PDZK1IP1,EID2
915,TCTA,TAL1,RFNG,ENKUR,RP11-159H10.3,CTC-428G20.6,MMP9,TTC8,AC005082.12
916,LINC00662,HRASLS,MRM1,INPP5A,GLS2,CTTN,ZNF436,MMP9,RP4-612B15.3
917,SLC39A1,SEC14L5,FAM212A,CTD-2537I9.12,KIAA1429,ARHGAP19,TTC30A,HOMER2,ZNF682
918,RNF7,RP11-77H9.2,NOC4L,PBLD,RP11-420A6.2,YPEL3,RP11-390B4.5,NT5M,IL4I1
919,BCDIN3D,MEG3,PACS1,LINC00984,ZNF433,CD2AP,ANKS1B,GPR84,ASGR1
920,AC113189.5,CTD-2012J19.3,HBA1,RSPH9,RP11-490M8.1,OSBPL7,LINC00494,RP11-1000B6.3,KIR2DL3
921,ARRDC4,GLS2,TREML1,TTC30A,HRASLS,RMND5A,EFCAB4A,SNTA1,LSM14B
922,NBR1,MAP1A,ARRDC4,ITGB3,AL928742.12,TMEM87B,MAGEH1,MADD,SAMD1
923,TCF12,CLECL1,FADS1,COLGALT2,SYTL4,ZNF468,FAM63B,PRKAR2B,OBSCN
924,LIX1L,NUDT12,HMG20A,C5AR2,BEND2,MMD,C9orf69,CXCL3,RP11-66N24.3
925,KRTAP5-AS1,ARMCX5,TADA2A,ELANE,OMG,TSPAN33,ZNF75A,SPATA7,RASD1
926,RP11-178L8.7,CTC-378H22.1,ATP10D,ANKS1B,LCN2,ATP10D,PICALM,SLC22A4,CTNND1
927,TAL1,TUBB1,TCTA,SMIM5,PPIL2,ARL16,ZNF593,RP11-960L18.1,ACADM
928,SYTL4,HVCN1,MRE11A,hsa-mir-1199,CTC-260E6.6,WDFY3,ZUFSP,RP11-142C4.6,RP11-164H13.1
929,KCNH3,SYCE1,FEM1A,PDZK1IP1,RP11-247A12.2,RP1-315G1.3,TANGO6,REEP3,CES4A
930,RP4-773N10.4,USP30,SIRT1,ARVCF,RP11-110I1.14,VPS13A,PYGO2,GTPBP6,SERPINF1
931,SERPINE1,USP19,ST3GAL2,MMP9,PLIN5,RP5-827C21.4,RP1-28O10.1,AEBP1,MACROD2
932,CTC-260E6.6,C2orf88,API5,RIN2,RP11-178L8.7,RHBDD3,ARHGAP19,C19orf33,GYS1
933,RP11-196G11.2,ESAM,SPATA6,OTOF,MEG3,TAF1D,CAMK2N1,MUM1,KCNG1
934,RP11-420A6.2,EGFL7,LYPD2,RP11-314N13.3,NPPA-AS1,SLC35A2,ZNF653,DISP1,TNFRSF17
935,NRN1L,PGM1,NCR1,RP11-545I5.3,RP11-211G3.2,SLC27A1,LINC00886,DOK3,EVA1B
936,CLECL1,PLEKHB2,TRUB2,IPO9-AS1,SERPINE1,WARS2,DRAXIN,PTAFR,ZNF232
937,RBL1-1,HMGXB4,C2orf76,B4GALT4,RP4-773N10.4,RASD1,NT5M,ACOT13,MRM1
938,MAP1A,MARCH2,DNAJB14,CEP68,PPT2-EGFL8,RP11-66N24.3,RP11-496I9.1,ZNF350,BLM
939,AC068580.6,RP11-932O9.7,SENP2,CTNNAL1,C10orf25,ZNF836,POLA1,RAB38,RP11-488C13.5
940,NCKAP1,TMPRSS11E,SLC27A1,SARDH,TAL1,TMEM140,RABL2A,TNFRSF9,HBA1
941,FAM209A,CACNA1C-AS1,ARIH2OS,RPUSD2,CCDC163P,DIMT1,GYS1,NEFH,SHARPIN
942,AATF,SAMD14,PLEKHA1,IFT20,KRTAP5-AS1,ZNF841,MRPL1,ARIH2OS,TRIM23
943,MMD,NEDD4,PAWR,ABI2,AC068580.6,FBXO21,CNEP1R1,LYSMD4,PDCD1
944,BANP,C15orf26,BABAM1,ANTXR2,RBL1-1,TMEM55A,ATXN3,TRAPPC12-AS1,TGFBRAP1
945,ARIH2OS,RP13-314C10.5,RP11-367G6.3,ARIH2OS,SPOCD1,UBE2K,NPHP3,ACPP,SLC48A1
946,HEMK1,VIL1,SSBP3,FAM63B,SEC14L5,YEATS2,IFFO1,SEPT5,FAM120C
947,SAMD1,ANKRD50,AL928768.3,CLDN5,RP11-77H9.2,TDG,NEIL1,CTB-113I20.2,DTX3
948,CRTC1,NEUROD2,USP8,PARS2,CCDC62,ELP6,RNF26,RAB8B,ENHO
949,ZNF263,RP11-308N19.1,CLIP1,KIF3C,MAP1A,RFNG,HMG20A,IFIT2,PAWR
950,SMCHD1,TEX12,UBAP2,YES1,CTD-2012J19.3,ISCA2,SAAL1,CAMK1D,CEACAM4
951,OBSCN,GATA2,STK11IP,ATP8B3,RP4-684O24.5,JARID2,PBRM1,ATF7IP2,CCL4L1
952,SLC35A2,KCNJ14,SYTL2,PLA2G4C,NUDT12,DISP1,IFIT2,DENND5B,CNIH4
953,CTNNAL1,SUOX,CDK16,NT5M,BHLHE40-AS1,C17orf59,RABL2B,CDC42BPB,FASTKD1
954,MED7,CTD-2227I18.1,JAKMIP1,GPR84,NAPA-AS1,EXOC6,DNASE1L3,UBE3A,KLC4
955,POLA1,MBNL1-AS1,ARMCX5,AP001462.6,ALOX12,CRTC1,CTB-152G17.6,BRAT1,RP11-70P17.1
956,RPS6KL1,CRTC1,ICOSLG,HOMER2,RP4-800J21.3,SAMD4B,RP1-315G1.3,KCNQ1OT1,DPY19L4
957,SNTA1,VMAC,CLSTN3,TNS1,ZNF404,TRIP11,SAMD12,CLPX,ALDH1A1
958,ARHGAP19,SYTL2,UNC45A,CAMK2N1,RP1-111C20.4,FAM98A,BOLA1,ALKBH4,SLC2A13
959,AP001462.6,VPS26B,MMD,FSTL1,RAB38,MCM3,RP11-488C13.5,FEM1B,NAPA-AS1
960,RP11-219B17.1,VPS13C,NAPA-AS1,CTTN,PALLD,DUSP10,MZT1,RNF14,ARPP19
961,RP11-1000B6.3,DUSP10,MYL9,CTD-2015H6.3,EOGT,NARG2,SENP2,TMX3,RP11-706O15.1
962,CAMK2N1,DSCR3,FRY-AS1,HGD,ZSWIM6,PRRG4,PPIF,TMEM140,NEK8
963,LINC00886,CDC16,PTCRA,RP11-496I9.1,SLC2A13,ANKRD27,GBP1,SLC35A2,RP11-554J4.1
964,NFKBIL1,WIBG,TSPAN33,RP11-527L4.5,TMEM234,SPARC,COLGALT1,USP30,COL6A2
965,HENMT1,ANTXR2,FAM210B,ACTL6A,RP5-821D11.7,ST3GAL2,SIRT1,SYCE1,NOG
966,F5,TIMMDC1,ARMC7,NCOR2,C7orf26,OSBPL1A,RBPJ,ZRANB3,PCDH9
967,PRUNE,ALOX12,USP5,MRS2,CA2,RP3-325F22.5,SH3BGRL2,NMNAT3,C8orf44
968,HMBOX1,FMO4,UCK1,POLDIP2,SPPL2A,LUC7L,ZNF841,TRIM16L,ARSD
969,ALOX12,TNFRSF9,NT5C3A,SPTSSB,MICU1,PLA2G12A,FBXL14,DEDD,LRIG2
970,ZNF404,LILRA4,RAD51B,CCDC94,PPP1R8,PLEKHA3,LRRIQ3,ANAPC4,ZNF528
971,TMPRSS11E,RAB38,ERCC6L2,RGS1,ZCCHC10,SSBP3,PAXIP1-AS1,TRIP11,WDR91
972,ANKRD50,ARG2,TFAM,ADAL,RCE1,CHPF2,C16orf58,SEPT11,EIF2B1
973,LNP1,GOT2,MAP2K7,PLEKHA3,USP38,SLC25A12,PYCARD,STAU2,PDIK1L
974,RP13-270P17.1,JAZF1,CPNE2,XRRA1,RP13-314C10.5,URB2,DISP1,SPATA6,PLD6
975,IFT81,RP11-493L12.4,RP5-821D11.7,SURF6,RP4-781K5.2,IL24,CPNE5,C6orf25,AGO4
976,HIST1H4I,ARHGAP11A,PAX5,SLC19A1,TDRP,RAB8B,SETD1B,MYOM2,DHX34
977,CTC-454I21.3,MCM10,ATXN7L3B,CDC16,WNT5B,DYNLL2,CIDEB,ZSWIM6,TTN-AS1
978,C15orf26,C1orf186,ZNF397,PRKAR2B,SAMD14,IQCH-AS1,MZB1,PDK2,ABCC10
979,CTC-444N24.6,RP11-879F14.2,MLLT6,BIRC5,GATA2,RP11-379F4.4,UTP6,FHL1,AP4S1
980,RP13-314C10.5,KDM4A-AS1,LPIN1,DNASE1L3,IFT81,GNPAT,REEP3,SCAPER,LIN52
981,PUM1,FCGBP,ASXL2,RP11-701P16.5,ANKRD50,TOMM40,TNFRSF4,MLLT11,TMEM62
982,PNPLA8,CTD-2302E22.4,ACTL6A,SPATA7,TEX12,CCL4L1,BBS2,IL4I1,TNRC18
983,PAFAH1B1,RP11-502I4.3,PELI1,CXCL3,CACNA1C-AS1,R3HDM1,FBXO21,CISH,SLC19A1
984,ZNF397,RP11-141B14.1,ZNF195,FAXDC2,CCDC153,AAR2,FMO4,TPD52L2,BAG4
985,WDR91,DMPK,KIR2DL3,PROK2,HIST1H4I,TMEM40,ZNF404,TSPAN33,HCFC2
986,MRPS23,AC137932.6,RP11-66N24.3,LY6G6F,C15orf26,METTL3,NEFH,MARCH6,PPP2R1B
987,DCP2,RP11-408A13.4,ATG16L1,SAMD12,SUOX,RPN2,PXMP4,LONRF1,RP11-428G5.5
988,GP1BA,ATP9A,CUL4B,C1orf198,RP11-215G15.5,TMED4,SDPR,WDR44,CAP1
989,PRKAR2B,C1QC,ADAM10,RFPL2,AC007879.7,COPS4,CSRP1,WDR37,PPA2
990,TPM2,DNAJC27,PF4,WDFY3,VIL1,RP11-122G18.5,NAA25,GRAP,TADA2A
991,FAXDC2,C2CD4D,CLPX,RP1-315G1.3,RP11-10K16.1,FAM27A,RBBP6,CRTC2,OSBPL7
992,RP1-315G1.3,SCN1B,RP13-270P17.3,PLCL1,LNP1,RP11-274B21.8,PDE6B,SH3GLB1,ATP10D
993,RP11-535M15.1,SDCBP2,ATXN3,CLEC4C,RNASE3,RP11-672A2.6,MTERFD2,PLEKHA1,PRR5L
994,FAM225A,RAB6B,GTF2B,RPH3A,CTD-2227I18.1,EPB41L4A,C7orf26,SAMD1,PTGDS
995,SLC24A3,SMTN,DCAF5,SLC22A4,RP13-270P17.1,RP11-138I1.2,CTB-113I20.2,IFI27,GBGT1
996,CST11,PLXNA1,CCDC94,UBE2C,NEDD4,AC022532.1,RP11-5C23.1,MACROD2,SLC27A1
997,CTC-498J12.3,RP11-378J18.3,SNAP47,PGM2L1,ACPP,RP11-217B7.2,TRAPPC12-AS1,RP11-164H13.1,RHBDD3
998,RP1-59D14.1,PVALB,FEM1B,CNEP1R1,TSPAN33,UBE2E2-AS1,TMTC2,IFFO1,HDAC2
999,GJC3,GPR55,MBNL1-AS1,IL1RAP,ZNF682,RP11-46H11.12,RP11-706O15.1,COLGALT1,WARS2
1000,CTD-2033C11.1,ARHGAP6,PCDH9,ZNF121,EHMT2,ENTPD3-AS1,OSBPL1A,ZNF232,MPP6
1001,GPC2,UBE2K,SPIN1,C16orf80,EIF2S1,ZNF333,LYSMD4,SDCCAG8,CTC-444N24.11
1002,AARD,CRLS1,TSC22D1,PYGO2,NEK8,EDC3,RP11-145M9.4,PKN2,GPR35
1003,LOX,NECAB3,ZFX,CARHSP1,ANTXR2,USP8,RP11-554J4.1,FBXO4,ZNF747
1004,RP11-481J2.2,NUDT1,CES4A,KLF11,ZNF836,SPIN1,NEK8,RP11-488C13.5,JAKMIP1
1005,RP11-532F6.5,USP8,RP11-164H13.1,AAR2,PLCB2,PILRB,CLIP1,TTC14,BACE2
1006,RP11-242F4.2,HEMK1,MACROD2,RP11-468E2.4,ELP6,INTS2,ZCCHC10,EWSR1,ICOSLG
1007,NKX3-1,NKAP,SERPINF1,CEP85L,RP11-421L21.3,ZNF425,MBNL1-AS1,SIRT1,CLSTN3
1008,CCNB3,MRM1,NELFB,EXOC6,ZNF594,C10orf25,IQCH-AS1,TGFBRAP1,MTRF1
1009,RP11-231D20.2,ALKBH4,ISG20L2,PRR5L,SCN1B,CTD-2012J19.3,RP11-532F6.3,RAB9A,ARMCX5
1010,CACNA1F,IDUA,TMEM102,SNAP47,AC137932.6,PLIN5,IQCE,DTX3,YEATS2
1011,NLGN2,ZBED5-AS1,KCNQ1OT1,PEX26,RP11-1055B8.7,RP11-211G3.2,IL24,AGA,HBEGF
1012,CCDC40,ATG16L1,HBP1,ACVR2A,ARHGAP6,MEG3,CEP68,KIAA0125,TNFRSF13C
1013,RP11-503E24.3,GFI1B,ADSL,SH3BGRL2,SYP,OMG,SLC16A5,DNAJC10,PAX5
1014,MIR1-2,RP11-5C23.1,FBXW4,SCGB1C1,ASAP2,MAP1A,LZTS2,CLIP1,SLC20A2
1015,SYNPO,SEPT5,ABHD17B,ATAD3C,FZD2,TMEM222,SHOC2,TMED4,CYP27A1
1016,CTC-297N7.1,TRAPPC12-AS1,TIMM22,S100P,DNAJC27,C2orf76,ZNF528,CCDC174,FAM98A
1017,CTD-2283N19.1,PDE6B,EVA1B,HIST1H1B,C2CD4D,RPUSD4,ACOT13,ARSD,RAD51B
1018,KB-1460A1.3,GINM1,KCNG1,REPS2,PVALB,TRIM16L,RBM5,AAGAB,ERCC6L2
1019,RP11-1096G20.5,PF4,TNFRSF17,ZNF503,RP1-266L20.2,CGRRF1,RFNG,COL6A2,RP5-821D11.7
1020,CTA-331P3.1,COLGALT2,ARPP19,FBXL14,ATP9A,GP9,TBXA2R,RP11-554J4.1,CRTC1
1021,DCSTAMP,EFCAB4A,KPNA1,TUBG2,SMTN,TRPM4,EARS2,UCK1,STX16
1022,RP13-143G15.4,LINC00494,DLST,SLC4A7,VSIG10L,ZRANB3,AC074138.3,UBAC2,RP13-270P17.3
1023,RP11-879F14.1,CTD-2012K14.7,NR2C2AP,TREML1,LY6G5B,ILF3,ZNF175,ZCCHC9,MED9
1024,PDF,ITGB3,METTL21A,ORC2,RP11-324I22.4,GGNBP2,WDYHV1,MBNL1-AS1,CD163
1025,RP11-382A18.2,LGALSL,TMEM60,TGFBRAP1,SDCBP2,LPGAT1,STX16,WDR91,C1QA
1026,RP11-91A18.4,SLC4A8,CCP110,STX16,RPA4,TMPRSS11E,NIT1,PCDH9,TRIT1
1027,RP4-545C24.1,RP11-390B4.5,AC113189.5,CCDC66,SEPT4,RNASE3,FRAT1,NOG,RP5-887A10.1
1028,RP1-111C20.3,ANKS1B,TM7SF3,C10orf32,RP11-378J18.3,WNT5B,RFC1,CYTH2,RP11-400F19.6
1029,RP11-1136J12.1,TTC30A,ATXN1L,FEM1B,MCM10,RP13-314C10.5,ANKHD1,FCRL6,ZFAND4
1030,KCNG2,RP11-545I5.3,TMEM62,C16orf58,CLIP2,IFT81,PGM2L1,AP4S1,SLC25A12
1031,ASB15,RP11-314N13.3,SLC19A1,SERAC1,FCGBP,TDRP,RP11-349A22.5,HIST1H2AC,FBXW4
1032,PTGES3L,RP11-219B4.7,MTIF2,EGFL7,NIPSNAP3B,HIST1H4I,BAG4,TTN-AS1,BMPR2
1033,AC015849.2,ENKUR,ST20,RP11-398C13.6,RP11-879F14.2,RP11-215G15.5,RBM26-AS1,PDIK1L,TAOK2
1034,RP11-88H9.2,PDZK1IP1,ATG7,PUS7,MYH10,TUBB1,BANP,RWDD4,DDI2
1035,SEMA3D,TAOK2,FBXO4,ESAM,RP11-294J22.6,CYB5B,CTC-378H22.1,CHERP,RILPL2
1036,RP11-65N13.8,AAGAB,MTERFD1,C2orf88,C18orf21,ELL,TCEA2,WDR45,BCDIN3D
1037,RP11-304L19.2,FBXW4,IFI27,DCP2,LAMP3,ITGA2B,PIGX,ZNF628,CCP110
1038,MREG,TMEM62,ERV3-1,KLHL6,SLC16A5,NOC4L,SLC6A6,HCFC2,SREBF1
1039,CYP46A1,RNF25,TYW5,VPS13C,CDC42BPB,RP11-1055B8.7,TRIP12,NBR1,ZNF559
1040,RP11-76E12.1,HELQ,STAU2,RMND5A,CLEC1B,SCN1B,HDAC5,METTL3,ZNF333
1041,RP11-554A11.8,EOGT,GAS2L1,FAM120C,LZTS2,AC137932.6,CCDC91,TADA2A,TYW5
1042,MOGAT1,TMEM140,NEIL1,IFFO1,MBNL1-AS1,CTD-2302E22.4,SCAI,ZNF263,PIGL
1043,AC073641.2,DENND5B,UIMC1,RBM39,CCDC91,RP13-753N3.1,TRPM4,CTC-444N24.11,SMPDL3A
1044,CELF6-1,RP11-532F6.3,PRR5L,CLSTN3,ZNF528,SYP,TREML2,CEP164,DENND6A
1045,RP11-216P16.2,AC147651.3,PTGDS,ATF7IP2,DDX56,RP1-266L20.2,TRIM16L,SPRTN,NEIL1
1046,RP11-783K16.13,LAMP3,SENCR,ATP5SL,CRTC2,CLIP2,ZNF121,WARS2,TANGO6
1047,RP11-285J16.1,SYVN1,ZNF350,MVD,GNPAT,RP11-294J22.6,SYCE1,RHBDD3,EDC3
1048,RP4-555D20.2,C14orf80,UBE3A,LINC01003,DYNLL2,R3HDM2,AP3M2,ACRBP,HMG20A
1049,CHST8,PGRMC1,MCM3,DAGLB,MPHOSPH10,ORAI1,NUDCD1,RBM25,C2orf76
1050,RP1-102G20.5,CLDN5,GLYCTK,RAB38,CASC7,MARCH6,ZCCHC11,SLC20A2,SENP2
1051,RP11-152L20.3,RP11-496I9.1,BTN3A2,ALOX12,CARS,PRKACB,RP11-532F6.5,ARMCX5,CHN2
1052,MYBPC3,CRIP3,KRBOX4,PALLD,MRE11A,AGO4,RP11-203B7.2,PIK3R1,NUDT1
1053,CREB3L1,HGD,GPATCH4,PRRG4,ANKS1B,AP4S1,RP4-545C24.1,GLRX3,UBAP2
1054,RP11-197N18.7,RP11-219B17.1,SPG7,TNFRSF9,ZNF587B,DHX34,LEFTY1,PHACTR4,RHEBL1
1055,HBA2,CAMK2N1,SURF6,NEFH,RP11-219B4.7,FOPNL,NKX3-1,FAM98A,SYTL2
1056,MICALCL,RP11-432I5.1,CTD-2267D19.2,CCL2,TTC8,CASC4,LBX2,DIDO1,LRRK2
1057,YJEFN3,RP11-527L4.5,GPR171,MKLN1,ENKUR,F5,RP11-231D20.2,PAX5,STK11IP
1058,PDIA2,AP001462.6,UBLCP1,SIRT6,PDZK1IP1,MALT1,RP1-102G20.5,APOBEC3B,DAGLB
1059,RP11-304M2.5,RPS6KL1,SURF1,EOGT,LINC00494,USP20,SYNPO,SNAP47,PLA2G7
1060,SYNGR3,KIF3C,CNEP1R1,SIN3A,MLEC,EFCAB4A,CTD-2325A15.5,EIF5B,TTPAL
1061,TMEM56,SNTA1,TMEM80,SPEN,EFCAB4A,CTD-2537I9.12,LINC01122,MED9,MLTK
1062,RTN2,YES1,ZNF493,IFIT2,LGALSL,PDZK1IP1,RP11-285J16.1,C1QA,PXMP4
1063,RP11-317G6.1,COMMD4,HMGCL,SRPR,SLC4A8,RP11-219B4.7,CTD-2283N19.1,BOLA1,SLC25A14
1064,PDE6H,TADA2A,SAAL1,F13A1,SMIM5,IPO9-AS1,RP11-503E24.3,DDI2,NAA25
1065,LINC01122,STAU1,NF1,ACPP,ELANE,RIN2,FAM71A,FBXW4,ATP6V0E2
1066,JMJD7,IL4I1,CCL4L1,ANKRD22,OTOF,TTC30A,CTD-2033C11.1,ZFAND4,CUL4B
1067,ZNF132,MGA,CEACAM4,GFI1B,CTD-2012K14.7,LGALSL,CTC-498J12.3,ATP5H,PDE6B
1068,LBX2,ZNF682,CPNE5,SLC22A18AS,ITGB3,hsa-mir-1199,RP11-384C4.7,TMEM222,BBS2
1069,AC096559.1,DEDD,ENHO,LYSMD4,hsa-mir-1199,TTC8,LOX,GZMB,ATG16L1
1070,AC017002.2,SARDH,KDM3B,TMTC2,LINC00984,GPKOW,RAB6C,C19orf52,RAMP1
1071,CHRM3,LINC00342,ANKRD27,SEPT5,RSPH9,SMARCD3,RP4-555D20.2,TYW5,NELFB
1072,RP11-516C1.1,ZNF175,PDK2,SLC25A14,RP11-314N13.3,ITSN2,RP11-242F4.2,HMG20A,KIR3DL2
1073,RGPD8,TMEM40,ATP5SL,PTGES2,MMP9,PXMP4,PF4V1,RABL2A,PURA
1074,LINC01132,NOC4L,TCF12,TTC1,ZUFSP,BBS2,AP000282.2,PIGL,ZFX
1075,KLRC3,RABL2A,RHEBL1,PXMP4,NKAP,PPP2R1B,ASB15,ZNF333,HDAC9
1076,CTD-2358C21.4,SPATA7,ARHGAP18,AC005082.12,SARDH,MYOM2,GJC3,INIP,ZNF468
1077,RAB6C,SAMD12,DNAJC10,WDR44,C16orf52,ZNF799,TMEM56,KIAA0040,CR1
1078,CCDC38,BIRC5,RNF25,TSC22D1,LIN52,C9orf3,SEMA3D,CTD-2267D19.2,SUV420H2
1079,RP4-761J14.8,LY6G6F,METTL8,EIF2S1,ANKAR,ZBED5-AS1,AC073641.2,RGS14,VIPR1
1080,MNS1,PRKAR2B,DPY19L4,MAP2K7,TMEM40,POLA1,MOGAT1,SELL,RFNG
1081,LEFTY1,RP11-142C4.6,ALDH1A1,TMEM102,ADAL,ATP8B3,CTA-989H11.1,ACP1,ATG7
1082,MYZAP,UBE2C,SPSB2,STAU2,KIF5B,TNS1,RP11-88H9.2,NARG2,CD93
1083,RP11-355N15.1,CTB-152G17.6,MDP1,ANAPC4,PLD6,PARS2,RP11-379F4.4,GPATCH4,WDYHV1
1084,CTD-2639E6.9,PLCL1,EHMT2,C3orf38,PAFAH1B1,HOMER2,YEATS2-AS1,C16orf58,ST20
1085,AC012499.1,RFC2,SMARCC2,TRIP11,ZNF626,CLDN5,TP63,LRRK2,TAF6L
1086,FAM71A,HMG20A,DAGLB,MAT2A,TCEAL4,TMX3,RP11-91A18.4,RHEBL1,TIMMDC1
1087,CTC-548K16.1,EDC3,ST7L,SPARC,TMX2,HDAC9,ZNF132,SEC31A,USP19
1088,CTD-2506J14.1,TANGO6,DOCK10,ZFX,NEMF,TADA2A,RP1-111C20.3,UNC45A,CXCL2
1089,PRSS27,C9orf69,RMDN3,CRELD2,CRELD2,CCDC91,MREG,CHI3L2,CTC-378H22.1
1090,NUPR1,UTP6,KLHL6,LARS,PTPRN2,EID2,RP13-143G15.4,DSCR3,GLYCTK
1091,RP11-343J3.2,MYL9,TDG,FCGR3B,BANP,API5,RP11-302F12.10,SLC25A14,RP5-1028K7.2
1092,ZNF560,RP11-66N24.3,ELOF1,LZTS2,HELQ,AC005082.12,CGN,RAMP1,FCRL2
1093,PCDH9-AS1,UNC45A,CHD2,FCAR,AGPAT1,MYO1E,CACNA1F,THAP2,PGM2L1
1094,RP11-302F12.10,OBSCN,ATAD1,CLEC1B,TCF12,DNASE1L3,CTA-331P3.1,PURA,CTNNBL1
1095,RGS6,CPNE2,FAM98A,SLC16A5,COMMD4,PRKAR2B,AC096559.1,MRS2,TRMT61A
1096,RP11-700J17.2,HIST1H2BJ,F2R,IL24,TIMM10B,WBP2NL,RP11-700J17.2,ZNF468,ANKRD27
1097,ACTN1-AS1,AP001189.4,AGPAT1,AC147651.3,EIF2B1,CLEC4C,LINC01118,ATXN7L3B,ORC2
1098,PF4V1,RBM26-AS1,FBXO25,KCNE1,CEP85L,PLCL1,RGPD8,NELFB,CLYBL
1099,TUBB8,GP1BA,RNF168,IQCE,MIS18A,RPH3A,GPC2,GBP1,SCAI
1100,RP11-344N10.5,EXOC6,CHI3L2,LAMP3,CLDN5,SPATA7,AC012499.1,SIVA1,NF1
1101,RP11-885N19.6,ZFYVE28,DIS3,MAP3K7CL,HP,C19orf52,CHRM3,IGLL5,RP11-138A9.2
1102,RP11-203B7.2,ATAD3C,DIMT1,NELFB,LINC00886,GNPTAB,LINC01132,ST20,HEMK1
1103,AP000282.2,GNG3,CISD1,YPEL2,RP11-219B17.1,CTNND1,AC017002.2,ATG7,POMT1
1104,RP3-337O18.9,HIST1H1B,RCL1,GID8,RPS6KL1,SAMD1,CTC-548K16.1,CTC-378H22.1,NR2C1
1105,FAM83C-AS1,LRRIQ3,SPARC,NARG2,HGD,C19orf33,RP11-304L19.2,USP19,ZNF397
1106,CTF1,AEBP1,STK38,DSCR3,RP1-28O10.1,FBXL14,ACTA2-AS1,PGM2L1,RPL39L
1107,CTD-2325A15.5,SCGB1C1,YWHAG,CTNND1,RP11-527L4.5,S100P,RP11-317G6.1,APH1B,SPIN1
1108,CGN,C19orf33,HDAC9,DMTN,GPR84,LRRIQ3,RP11-355N15.1,CASC3,KLRC1
1109,TP63,ZNF841,CD96,FBXO25,CTTN,VPS13C,AC015849.2,GGA3,TMEM234
1110,LINC01118,NDUFS1,PTPN7,ZFAND4,RP11-432I5.1,MRVI1-AS1,RP11-65N13.8,TRMT61A,ENTPD3-AS1
1111,SPATA13-AS1,ATP5SL,IL27RA,WDR45,DRAXIN,PPIL4,CHST8,RP11-138A9.2,YWHAG
1112,RP11-816J6.3,NEK8,CASC4,ZNF836,TEX2,CBX5,PTGES3L,ADPRM,FNTA
1113,LINC00618,PITPNM1,ABCC10,AGA,CTD-2015H6.3,CES4A,RP11-354M20.3,ZNF397,ABHD17B
1114,RP11-354M20.3,KLHL24,CDK19,MDS2,ARHGAP19,CLSTN3,AL161784.1,TMEM138,CDK19
1115,YEATS2-AS1,TRIM16L,DEDD,C16orf52,PARS2,GPATCH4,MYZAP,RABL6,PITPNM1
1116,CTA-989H11.1,ZNF121,ANKRD54,TMEM40,RP11-1000B6.3,ARMC7,YJEFN3,C10orf32,FAM43A
1117,PRSS22,GP9,CIDEB,CMTM5,CXCR1,PUS7,MNS1,SMARCC2,ZBTB10
1118,ACTA2-AS1,STK11IP,PWP1,ATAD1,TNS1,C2orf88,CCDC40,ORMDL2,RP11-421L21.3
1119,RP11-96C23.15,DISP1,PGM1,ADPRM,NT5M,ESAM,RP11-516C1.1,MFF,MDS2
1120,RP11-379F4.4,LINC01013,PEMT,PGM2,JARID2,SERAC1,MIR1-2,ENTPD3-AS1,ZUFSP
1121,MMADHC,GDF11,DUSP10,CES4A,HIST1H2BJ,LINC01013,JMJD7,TMEM234,MRE11A
1122,DHX15,RWDD4,CIAPIN1,SETD5,RBM26-AS1,ERCC6L2,FAM225A,PITPNM1,ADAL
1123,SLC27A1,UBAP2,BZRAP1-AS1,LIN52,GP1BA,RAD51B,RP11-304M2.5,ELP5,CASC7
1124,FAM120C,RP5-821D11.7,THUMPD3,EHMT2,IL27RA,GYS1,CELF6-1,C17orf59,DHX8
1125,ACD,SLC20A2,NSA2,TBCK,NPHP3,MAP2K7,RP11-96C23.15,RP11-421L21.3,NPHP3
1126,C9orf3,USP38,ZBTB10,OAT,PAXIP1-AS1,PRELID2,CTD-2358C21.4,CD82,ADIPOR2
1127,OSBPL1A,ISG20L2,BAG4,SREBF1,FEM1B,PALLD,RP11-152L20.3,FCGR1A,TBC1D23
1128,CTB-113I20.2,LRIG2,RP11-428G5.5,WDYHV1,IRAK4,RAB38,RP11-481J2.2,RNF25,PYGO2
1129,CEP128,RAD51B,OXLD1,EWSR1,RFC1,TRUB2,CTF1,GOLGB1,FCER1A
1130,YWHAG,WDR91,ZCCHC9,ANKRD9,DLST,MED9,RP11-885N19.6,CNEP1R1,TMED5
1131,SMTN,ZNF528,PITPNM1,AP001189.4,PPP1R2,RP11-145M9.4,NUPR1,MTERFD2,ZNF561
1132,PVALB,TMEM138,PGRMC1,GP1BA,METTL8,SEPT5,PDF,ADIPOR2,RNF26
1133,DMPK,ATXN1L,TMEM165,CTNNB1,ANKRD27,LYSMD4,PRSS22,ZNF561,CEP120
1134,CTD-3214H19.4,CYTH2,CEP164,FHL1,RNF25,RP11-5C23.1,PRSS27,RNF26,SMYD4
1135,RP1-266L20.2,GNPTAB,XPOT,EVA1B,RP11-960L18.1,TRAPPC12-AS1,C11orf85,CEP120,CD2AP
1136,SYP,ZUFSP,ZBED5-AS1,ZMAT3,SPATA7,DCAF5,RP1-59D14.1,PEX26,RNF25
1137,CTD-2302E22.4,C1QB,STAMBP,RABL6,SLC22A4,DPH6,SYNGR3,SMYD4,PJA1
1138,AC137932.6,RP4-800J21.3,DPH6,EDC3,EML6,DUS3L,PDIA2,SETD1B,METTL8
1139,RP13-753N3.1,MED9,SMDT1,FADS1,CXCL3,DDI2,RP11-343J3.2,ACBD3,IDH1
1140,MYH10,GFER,PPIL2,C17orf62,BIRC5,MRS2,ARHGDIG,VPS13C,GOLGB1
1141,RAB6B,CEP164,B4GALT4,PDZD4,THBS1,BMPR2,HBA2,OAT,RUNDC1
1142,U73166.2,AP4S1,VDAC3,NMNAT3,FAXDC2,TAOK2,NLGN2,TMEM102,SETD1B
1143,RP11-408A13.4,DPH6,TMEM87A,TRPM4,SAMD12,RP11-400F19.6,CTC-297N7.1,VTI1A,RCL1
1144,ATP9A,NPHP3,FCRL2,SYCE1,RPH3A,SLC48A1,RP11-1096G20.5,MFSD10,SMC2
1145,ARHGAP11A,RNF26,NFAT5,GP9,RP11-701P16.5,CTNNB1,CCDC11,FCGR1B,UBE2Q1
1146,LINC00957,NCOA4,RWDD4,ISOC2,TPM2,SIRT1,CYP46A1,JAZF1,ACBD3
1147,NIPSNAP3B,ZNF45,TCEAL4,MGA,LY6G6F,TGFBRAP1,RP11-76E12.1,ZNF567,RIC3
1148,RP11-252A24.3,ZNF718,LUC7L,ZNF32,WDFY3,TRIM23,RP11-216P16.2,ATXN1L,KIAA1429
1149,C1orf186,NCR1,ZNF92,GLB1,CLEC4C,DENND5B,CCDC38,PEMT,KIF3A
1150,TAF12,UBE2E1,PTGS1,HBA1,MYO1E,RP11-532F6.3,RTN2,PRKACB,TMEM102
1151,NXT2,CAMK1D,GPR35,CRTC2,UBE2C,SLC16A5,CREB3L1,SLC4A7,STT3A
1152,BMPR2,CEP128,GBGT1,PPIF,WBP2NL,CLEC1B,RP11-382A18.2,OXLD1,MFSD10
1153,SLC25A12,RP3-325F22.5,MICU1,C18orf21,PRKAR2B,RP11-162G10.5,MYBPC3,GNPTAB,YPEL2
1154,RP11-400F19.6,DDI2,RP11-792A8.4,TADA2A,DNASE1L3,IQCE,PDE6H,ARSG,ZNF567
1155,GYS1,ARSG,TBC1D23,PCSK7,ACAT2,RP11-96C23.15,KLRC3,MAP2K7,PEMT
1156,ZRANB3,ARL2,PI4KB,PRUNE,RP11-488C13.5,TMEM56,DCSTAMP,URGCP,ATXN1L
1157,USP30,TGFBRAP1,DERL1,NME6,PGRMC1,PRSS27,KB-1980E6.3,PIGU,DNMT3A
1158,C19orf33,WDR45,GGA3,PICALM,ORC2,PRSS22,KB-1460A1.3,RP11-468E2.4,DPH6
1159,FBXL14,MYOM2,FCER1A,TM7SF3,SENP2,RP11-532F6.5,RP4-761J14.8,ZFYVE28,JAZF1
1160,TTC28,C6orf25,KIAA0040,CLYBL,RMND5A,MICALCL,RP11-554A11.8,NNT-AS1,AIM2
1161,ADIPOR2,URB2,LRRK2,CBX5,SENCR,RP11-65N13.8,CTD-2639E6.9,SAFB2,CHPF2
1162,PDGFA,FCGR3B,MIS18A,SIK1,KARS,RP11-88H9.2,ZNF560,RP5-1073O3.7,CTBP2
1163,MIR4523,IL24,CD2AP,ITGA2B,FBXO21,SYNPO,RP11-783K16.13,VMAC,SURF6
1164,TRAPPC3L,LZTS2,BACE2,C1QB,PKN2,CTD-2283N19.1,RP11-879F14.1,SNAPIN,ARSG
1165,GCKR,KIAA0040,DICER1,ASXL2,EMB,CTD-2639E6.9,RP3-337O18.9,METTL21A,ZNF493
1166,CTD-2184C24.2,PHACTR4,C5orf15,TRIP12,GPS1,NUPR1,RP11-197N18.7,KLF13,ANKHD1
1167,RP11-122G18.5,PPIL4,HEMK1,CHMP4A,TMEM140,C11orf85,ACTN1-AS1,RP11-302F12.10,LSM14A
1168,RP11-46H11.12,DNAJC10,RAB21,PDCD1,PWP1,CTF1,RP11-535M15.1,LINC01118,CLEC10A
1169,KCNN3,ENHO,CRTC2,GSTZ1,CXXC1,CGN,RP11-1136J12.1,TP63,FRAT1
1170,RP11-274B21.8,DTX3,SLC35A1,IDUA,TCL1B,CTD-2358C21.4,CTD-2506J14.1,MREG,TCF12
1171,PEAR1,MRPL43,DHRS4,F5,GNG3,LOX,LINC00618,CHST8,PIGU
1172,MGAM,DDX17,CDC16,LYPD2,RP11-178G16.4,CTC-498J12.3,KCNG2,RP11-355N15.1,AAR2
1173,RP11-138I1.2,SIRT6,HBEGF,NCR1,ZNF503,CTD-2033C11.1,RGS6,CYP46A1,MGA
1174,CYP1B1-AS1,WDR44,TNFRSF13C,SPHK1,AEBP1,RTN2,SLC24A3,RP11-700J17.2,C14orf80
1175,RHCE,CTNNAL1,CYP27A1,CEACAM4,REPS2,RP11-554A11.8,AC103801.2,RP11-91A18.4,RP11-468E2.4
1176,MYCT1,TBXA2R,IRAK4,RP11-367G6.3,LRRIQ3,CTD-2325A15.5,CST11,PF4V1,NUDCD1
1177,RP11-230C9.4,CMTM5,CEPT1,DLST,TTC28,CHST8,PCDH9-AS1,RP3-337O18.9,BANP
1178,DLK1,AKAP8,YTHDF2,DHX15,C19orf33,PDF,FAM83C-AS1,LINC01122,CPNE2
1179,RBFOX3,RABL2B,ILF3-AS1,DTX3,SCGB1C1,RP11-203B7.2,RP11-271M24.2,PCDH9-AS1,SLC4A7
1180,ERBB3,PIGL,MLEC,PKN2,S100P,RP11-304L19.2,SPATA13-AS1,PTGES3L,ZFYVE28
1181,BMP8B,MAP3K7,LMF2,DNAJC7,ACVR2A,SYNGR3,TUBB8,YEATS2-AS1,CHD7
1182,AC005614.3,SAAL1,NAA25,ARMCX5,MRVI1-AS1,RAB6C,SLC27A1,CCDC40,URGCP
1183,AC022201.5,ZNF747,MRS2,PDXDC1,7SK-2,PDIA2,ARRDC4,MOGAT1,PDXDC1
1184,RASGRF1,GID8,RCN2,PHF12,IGFBP4,RP1-111C20.3,PAICS,AC073641.2,ELL
1185,RP11-175K6.1,ADAM10,RAMP1,JAKMIP1,TREML1,MNS1,TREML1,RP11-76E12.1,NNT-AS1
1186,RP11-804A23.4,PPIL2,ELL,COMMD10,ARRDC4,AP000282.2,GTF2B,CTD-2506J14.1,LINC00662
1187,RP11-424I19.2,ZMAT5,JARID2,CGRRF1,HEMK1,MYZAP,MYO9B,RP11-816J6.3,ABHD5
1188,RP11-557C18.4,RP11-70P17.1,EIF2AK4,TBPL1,IRF9,RP11-355N15.1,SYVN1,RP11-379F4.4,RP5-1073O3.7
1189,FAM212B-AS1,KIR2DL3,UBE2Q1,C6orf25,SIRT6,CTA-989H11.1,MAP2,LINC00618,PDCD2L
1190,CASC8,SPTSSB,RP5-887A10.1,ZSWIM6,LAMP2,MYBPC3,CTD-2184C24.2,ZNF560,R3HDM2
1191,RP11-185E8.1,PMEPA1,C1QA,ZNF330,IP6K1,CCDC38,MEF2C-AS1,YJEFN3,VMAC
1192,TTC18,INVS,CD163,STAMBP,MARCH6,RP13-143G15.4,ELOVL7,ACTN1-AS1,UQCC1
1193,PKD2L2,RFXANK,SLC6A6,DPY19L4,ACADM,ZNF132,LINC00610,RP11-285J16.1,UBE2D4
1194,PARD3,STUB1,BOLA1,ALDH1A1,TMEM165,CREB3L1,RP11-46H11.12,RGS6,C1GALT1C1
1195,FAM27A,RCE1,HCCS,UBE2D4,DISP1,RP11-91A18.4,FAM212B-AS1,CTC-548K16.1,RBM48
1196,AC002331.1,ANKAR,MYCBP2,GMPPA,EGFL7,RP11-535M15.1,RP5-1073O3.2,RP4-555D20.2,SMARCD3
1197,EPB41L4A,ASXL2,KLRC1,NOC4L,LINC01013,RP11-317G6.1,ITCH-AS1,RP11-203B7.2,MED7
1198,MEF2C-AS1,WNK1,ZNF263,ABHD12,C2orf88,CTA-331P3.1,KCNN3,AC012499.1,PLEKHJ1
1199,RP11-217B7.2,PDZD4,YPEL3,F2R,RP11-398C13.6,CELF6-1,PIWIL2,RP1-111C20.3,ISCA2
1200,ITCH-AS1,TREML2,TMEM87B,BBS2,ZNF45,FAM225A,FAM27A,MYZAP,MTERFD1
1201,RP11-830F9.5,ZRANB3,C7orf26,SNX20,ARMCX5,RP11-152L20.3,PEAR1,RP11-1136J12.1,FAAH
1202,UBE2E2-AS1,YPEL2,TTC14,ENTPD3-AS1,ZNF718,RP11-783K16.13,PTPRN,LBX2,MTIF2
1203,TEX9,ATXN7L3B,VMAC,METTL3,F5,AL161784.1,RP11-217B7.2,RP11-879F14.1,RPUSD2
1204,SHPK,FAM98A,ZNF276,PTCRA,YEATS2,HBA2,DLK1,RP11-532F6.5,CELF1
1205,RP11-983P16.4,PAX5,RABEP2,FRY-AS1,UQCC1,AC103801.2,TMEM44,MNS1,STK32C
1206,RP11-147L13.8,LIX1L,PCYT1A,TMEM234,NR2C1,ARHGDIG,RP11-185E8.1,CCDC11,RP5-827C21.4
1207,AC009505.2,ATXN3,SPEN,TMEM87A,PPP2CA,RP1-102G20.5,EPB41L4A,RAB6C,FEM1A
1208,SULT1C2,LINC00662,NUPL2,IL16,USP20,RP1-59D14.1,PKD2L2,SEMA3D,ZNF836
1209,DIO1,DCAF8,SUV420H2,KIF3A,MRPL1,PF4V1,RP11-53B2.3,MIR1-2,ABI2
1210,AC093901.1,ZNF232,COLGALT1,MED7,CHD2,NLGN2,KCNA5,CTA-989H11.1,ZNF626
1211,AC140481.2,KCNG1,CR1,LBR,TPM1,RP4-555D20.2,TRAPPC3L,RGPD8,ING5
1212,KCNA5,ZNF330,GMPPA,CD163,PRELID2,LINC01122,RP11-672A2.6,AC017002.2,SAAL1
1213,KCNAB1,MADD,PRPF31,HMBOX1,PRRG4,ACTA2-AS1,CABP5,RTN2,C9orf69
1214,MAP2,IGFBP4,RDH14,TCP1,CCL2,RP11-285J16.1,AP002954.4,CCDC38,KIAA0196
1215,GLB1L3,TREML1,TAF10,RP13-270P17.3,RAD51B,MIR1-2,RHCE,KCNG2,KDM3B
1216,CABP5,ITGA2B,SIRT6,CDK19,C6orf25,LBX2,GLB1L3,RP13-143G15.4,ZMAT3
1217,AP002954.4,PDK2,USP38,MTIF2,DPY19L4,CCDC11,MYCT1,SYNPO,EXOC6
1218,QPCTL,PTPRN2,CDC40,MTERFD1,C9orf3,RP11-879F14.1,DIO1,CTD-2283N19.1,CEP85L
1219,RP11-672A2.6,IP6K1,RIOK1,LSM14B,SDPR,RP4-761J14.8,GIPC2,RP11-216P16.2,RAB21
1220,FEM1A,BAZ2A,DENND5A,RP11-66N24.3,PF4,RP11-1136J12.1,RP11-804A23.4,SLC24A3,SNX10
1221,FEM1B,RP11-138A9.2,TPM1,KIR2DL3,RAMP1,KCNG2,CASC8,CST11,FBXO33
1222,RNF14,CISD1,YTHDC1,RASD1,TCEAL8,AC073641.2,RP11-175K6.1,RP11-197N18.7,IGJ
1223,WDR44,LYPD2,FAM43A,LRIG2,CYTH2,MOGAT1,CTB-31O20.9,RP11-516C1.1,DIS3
1224,SYTL2,MTIF2,C4orf33,ARSD,MALT1,MREG,RP11-983P16.4,LOX,GSTZ1
1225,AC005082.12,CLPX,ELP6,USP7,MAPK1IP1L,SLC24A3,PDGFA,JMJD7,RASGRP4
1226,IL4I1,BRWD1,MKLN1,CLIP1,FAM120A,CST11,ERBB3,FAM83C-AS1,NXT2
1227,RP4-612B15.3,RNF14,TAF6L,ACOT13,C16orf80,AC017002.2,AC005614.3,SPATA13-AS1,C5AR1
1228,SETX,SLA,RBPJ,SLC25A12,CISH,RP11-343J3.2,RP11-122G18.5,RP11-271M24.2,REEP3
1229,TAF10,GYG1,FAAH,NUPL2,PITHD1,RGPD8,RP11-424I19.2,CTC-498J12.3,R3HDM1
1230,RP11-532F6.3,NAA25,CHPF2,ATP6V1C1,SHOC2,FAM83C-AS1,LTBP1,CTD-2033C11.1,CIDEB
1231,PDCD2L,RP11-428G5.5,SMPDL3A,VIPR1,OSBPL1A,AC012499.1,AC005224.2,AP000282.2,RABEP2
1232,SLC16A5,SMYD4,GNG11,TRUB2,SEPT5,RP11-344N10.5,CYP1B1-AS1,CTD-2325A15.5,TASP1
1233,MMP9,ZNF628,TANGO6,ARL2BP,GFI1B,RP3-337O18.9,RP11-274B21.8,CTA-331P3.1,SPEN
1234,ITGB3,PPP2R1B,TMEM91,HMGXB4,LYSMD4,CCDC40,RP11-661P17.1,CELF6-1,MUM1
1235,hsa-mir-1199,TCEAL4,ANAPC4,SERPINF1,CXCL10,LINC01118,TTC18,RP4-761J14.8,RFXANK
1236,PBLD,TRIM23,PGRMC2,USP5,TRAPPC12-AS1,RP11-516C1.1,RP11-147L13.8,MICALCL,DENND5A
1237,C5AR2,SIRT1,METTL3,TTN-AS1,RP11-5C23.1,FAM71A,AC022532.1,DCSTAMP,LRRC8C
1238,RP11-390B4.5,PBRM1,ICOS,ABCC10,CTB-113I20.2,RP11-700J17.2,AC105053.4,AARD,ZNF350
1239,IPO9-AS1,PEX26,CWC27,NECAB3,SLC22A18AS,CTC-297N7.1,AC009505.2,RP11-354M20.3,LPGAT1
1240,ENKUR,ZNF799,STK32C,CCDC115,RP11-145M9.4,RP11-302F12.10,SULT1C2,FAM71A,ARIH2OS
1241,ZNF436,AL928768.3,USP19,AGO4,TMTC2,RP11-1096G20.5,MIR4523,NKX3-1,PGM2
1242,INPP5A,RP11-430B1.2,CXCL2,RBM25,ANKRD22,YJEFN3,LA16c-431H6.6,AC103801.2,CEP68
1243,SLC4A8,ZNF397,GPKOW,UNC45A,RP11-706O15.1,RP11-304M2.5,RP11-755B10.3,PDIA2,GTF2B
1244,OTOF,RAB9A,CTC-378H22.1,FKBP3,TRIT1,RP11-384C4.7,SHPK,RP11-96C23.15,DOK3
1245,R3HDM2,C10orf32,DENND1C,ATG7,SPARC,RP11-885N19.6,RP11-830F9.5,RP11-317G6.1,GYG1
1246,SREBF1,AC113189.5,SNX14,SMARCC2,ZFX,TUBB8,WDR52,LEFTY1,PAICS
1247,ODC1,PURA,CHN2,TAF6L,PDK2,YEATS2-AS1,RP11-510J16.5,RP4-545C24.1,FAM210B
1248,ABHD17B,GUCD1,ZNF836,THAP2,RPUSD2,LEFTY1,UBE2E2-AS1,RP11-382A18.2,CD160
1249,KDM3B,FXN,PRKD2,RFC5,LRRC8C,ZNF560,AC002331.1,ACTA2-AS1,ZNF195
1250,RAB8B,SNRNP35,ANKHD1,GINM1,DENND1C,CTC-548K16.1,GCKR,CACNA1F,PTPRN2
1251,TIMM17A,PTGDS,NDUFS1,CASC7,SUV420H2,RP11-354M20.3,PARD3,ZNF132,BRAT1
1252,PDIA5,PRR5L,PITHD1,MRE11A,SSBP3,RP11-816J6.3,AC022201.5,KB-1980E6.3,SLC35A1
1253,DISP1,RP11-367G6.3,ELP5,MINA,BMPR2,PDE6H,F5,KB-1460A1.3,SAMD9L
1254,ZNF425,PHF5A,ADIPOR2,ING5,AC147651.3,AC015849.2,ZNF397,RP11-231D20.2,SLC6A6
1255,SPOCD1,SPIN1,KLF13,PBRM1,FCAR,LINC01132,RIOK1,KLRC3,FEM1B
1256,CCDC62,TMEM177,CYTH2,ANKHD1,DENND5B,CHRM3,IDUA,RP11-503E24.3,EMILIN2
1257,C10orf25,PTCRA,LPGAT1,SNW1,FCGR3B,PTGES3L,UBE2D4,PRSS27,TOP1MT
1258,ACVR2B,RP4-612B15.3,MMADHC,DENND6A,KCNE1,KLRC3,DOCK10,RP11-344N10.5,RNF14
1259,PLIN5,SIVA1,KIAA0196,FAM173A,RASD1,AC096559.1,MTRF1,LINC01132,ALKBH4
1260,RP11-211G3.2,TSC22D1,SCFD1,XPNPEP1,LSM14B,TP63,YEATS2,RP1-59D14.1,POLR3E
1261,RP11-359I18.5,SUV420H2,WHAMM,GAS2L1,KIR2DL3,RP11-481J2.2,JAKMIP1,RP11-304L19.2,CLPX
1262,RP11-110I1.14,NEIL1,CASC3,SMPDL3A,ABI2,ASB15,SAMD4B,RP11-554A11.8,TMX3
1263,CTD-2541M15.1,ING5,BANP,CYB5B,LRIG2,RP11-503E24.3,ABHD5,RP11-343J3.2,MANBA
1264,CCDC3,ZNF333,KLF11,ZNF561,PCGF1,CACNA1F,SIRT6,CCNB3,RAB2A
1265,RP11-977G19.12,TRIP12,FRAT1,BCL2A1,MRPS18A,DCSTAMP,RBL1-1,RP11-384C4.7,BAG5
1266,RP11-159H10.3,SMC2,USP33,GLYCTK,PACS1,RP11-216P16.2,HRASLS,SYNGR3,SYVN1
1267,RP11-77H9.2,SETD1B,ASB8,JARID2,ZBTB10,AARD,RP11-211G3.2,NUPR1,PCYT1A
1268,RAB12,MPP6,HDDC3,NSA2,SAAL1,RP11-382A18.2,SEC14L5,CHRM3,SLC35A2
1269,RP11-356N1.2,C5orf15,LINC01003,UCK1,EIF5B,SPATA13-AS1,RP11-77H9.2,RP11-242F4.2,KCNQ1OT1
1270,BHLHE40-AS1,FASTKD1,AAGAB,PRKACB,PDZD11,PCDH9-AS1,MAP1A,CGN,SIRT6
1271,MEG3,PNPLA8,SNX9,OSBPL7,NIT1,JMJD7,CTC-260E6.6,CTD-2358C21.4,DEDD
1272,SEC14L5,DMTN,THAP2,BOLA1,XPNPEP1,LINC00618,PPT2-EGFL8,GJC3,SNAPIN
1273,HRASLS,STAU2,PLA2G7,ARL16,BRWD1,ACTN1-AS1,NRN1L,AL161784.1,ANAPC4
1274,PPT2-EGFL8,CEP85L,TIMM10B,RAB21,RFNG,GPC2,PLIN5,RP11-152L20.3,STAU2
1275,CCDC163P,C16orf54,NPRL2,CTD-2267D19.2,TBXA2R,KB-1460A1.3,NCKAP1,GPC2,PPIL2
1276,FRMPD3,MTRF1,PCGF1,ZNF688,TAF6L,GJC3,TAL1,RP11-481J2.2,DERL1
1277,RP11-490M8.1,CLSTN3,RPL39L,NF1,ST7L,RP11-197N18.7,CCDC163P,FAM225A,MARCKSL1
1278,MEIS1,NNT-AS1,PCNA,GGA3,SREBF1,CTD-2506J14.1,RP11-196G11.2,AC096559.1,USP7
1279,BEND2,RP11-554J4.1,SMIM7,GTF2B,RP11-164H13.1,RP11-76E12.1,ZNF433,PDE6H,ATP6V1C1
1280,CTD-2012J19.3,CDKN2A,NXT2,RNF25,TTN-AS1,KB-1980E6.3,CLECL1,RP11-304M2.5,PCNX
1281,LCN2,ARMC7,TMEM222,RPL7L1,GARS,CYP46A1,ACVR2B,TMEM56,ST3GAL2
1282,RP11-544A12.4,RP11-164H13.1,PIK3R1,RDH14,TBCK,RP4-545C24.1,RP11-178L8.7,RP11-88H9.2,ANTXR2
1283,AL928742.12,MACROD2,AGA,SMYD4,PICALM,SEMA3D,AL928742.12,CREB3L1,FAM63B
1284,SCIN,DIS3,PDXDC1,YTHDF2,AP3M2,RP11-231D20.2,SPOCD1,RP11-535M15.1,RP11-727F15.9
1285,OMG,RAB2A,PLEKHA3,TSPAN15,ING5,RGS6,RP4-773N10.4,AC015849.2,SSBP3
1286,RP4-684O24.5,PDCD2L,HERPUD2,GTPBP6,TIMM17A,RP11-242F4.2,CCDC62,RP11-885N19.6,SEPT11
1287,ZNF433,CNIH4,NFE2L2,TNNI2,SRSF5,NKX3-1,RP4-684O24.5,ASB15,MLLT11
1288,NPPA-AS1,PEMT,POLR3E,GBGT1,RFC2,RP11-271M24.2,RP11-356N1.2,HBA2,SCAPER
1289,TACR2,PCDH9,CLU,ACRBP,C19orf52,CCNB3,RP11-420A6.2,RP11-65N13.8,POLR3K
1290,GGA2,NOG,POLD2,SLC27A1,FKBP3,RABEP2,NUDT12,PRSS22,WDR37
1291,KLRB1,FBXO25,STAU1,MLEC,COMMD10,RPL39L,NPPA-AS1,ARHGDIG,ARHGAP24
1292,TBXA2R,TNFRSF17,KIR3DL2,DHRS4,FADS1,POLD2,FAM209A,C11orf85,GRAP
1293,EARS2,GTPBP6,R3HDM2,RHBDD3,HCFC2,ARHGAP24,RP11-359I18.5,RP1-102G20.5,CRTC2
1294,CRIP3,SCAI,PRPS2,MANBA,AP001189.4,TBCK,GLS2,MYBPC3,XCL1
1295,KIF3C,TTPAL,FOPNL,TMEM9B,PMEPA1,BCDIN3D,RP11-977G19.12,RP11-783K16.13,CAPN12
1296,HOMER2,DNAJC15,LINC00662,TBC1D15,GALK1,RWDD4,OMG,CTD-2639E6.9,CDV3
1297,HGD,DYNLL2,ATF7IP2,UBAP2,RABL2A,CPNE5,MEG3,CTF1,RNF168
1298,PLA2G4C,CCDC22,SETD5,STK11IP,ZNF628,AC074138.3,KCNH3,NLGN2,NME6
1299,TNS1,C1QA,GPR183,SYTL2,SLC19A1,FNBP4,SOX13,TUBB8,CITED4
1300,TEX2,C19orf52,PIGF,TMX3,GYS1,SARDH,RP11-159H10.3,RP11-1096G20.5,HELQ
1301,NT5M,RP5-887A10.1,RIT1,SAMM50,KCNG1,CMTM5,BEND2,CTC-297N7.1,IFFO1
1302,ZNF653,LIN52,PUM1,RP11-349A22.5,NEIL1,WTAP,KRTAP5-AS1,PDF,RABL2B
1303,TGFB1I1,TOP2B,ITPA,LSM14A,PIGU,AGPAT1,LCN2,ZNF836,MAP3K7
1304,DRAXIN,PDIK1L,C1orf50,CCL4L1,PRKD2,CTB-31O20.9,SCIN,TAF12,FOSL2
1305,ATP8B3,MED7,DDB2,ENHO,NOC4L,AC105053.4,TACR2,AC140481.2,PKN2
1306,SSBP3,PLD6,RGL2,MCM3,PIGX,SHPK,FRMPD3,RP11-672A2.6,PUM1
1307,PI4KB,SPRTN,FNBP4,RAB1B,RAB21,AC005224.2,RP11-247A12.2,TMEM44,SIN3A
1308,SYVN1,THUMPD3,CCNG1,API5,DIS3,GCKR,ZNF425,TEX9,COLGALT1
1309,RABL2A,HBA1,CD93,HMGCL,RGL2,PEAR1,C10orf25,CTB-31O20.9,ABHD12
1310,RAB21,FAM212A,TRIP11,NR2C2AP,ARPP19,LTBP1,SERPINE1,PTPRN,AHSA1
1311,SPATA6,ADD1,VPS26B,DPY30,DSCR3,AC009505.2,AC068580.6,PIWIL2,FBXO4
1312,VPS13A,FCER1A,EXOC4,BAG5,CD2AP,SULT1C2,SYTL4,RFX4,IFI27
1313,PDK2,SPEN,JAZF1,PI4KB,ZRANB3,GLB1L3,CCDC3,RP11-53B2.3,MKLN1
1314,NEFH,BBS2,PPP1R14A,RP11-70P17.1,SYCE1,DLK1,RP11-544A12.4,GCKR,RP11-589C21.6
1315,TNFRSF9,SDPR,EMG1,NKIRAS2,GP9,MGAM,LRRC24,AC005614.3,NFAT5
1316,RP1-111C20.4,ZFAND4,MRPL42,HBEGF,TRPM4,AC005614.3,MLLT10,TTC18,GOT2
1317,GATA2,RP11-400F19.6,BTN3A1,UBE2Q1,NMNAT3,LA16c-431H6.6,C9orf3,SHPK,ICOS
1318,TDRP,SLC25A12,RP5-1028K7.2,REEP3,TREML2,QPCTL,R3HDM2,GLB1L3,KRBOX4
1319,RP11-932O9.7,FH,BBX,UQCC1,TADA2A,PIWIL2,ZNF799,RP11-217B7.2,CLIP1
1320,RP4-781K5.2,HCFC2,INIP,XPOT,APH1B,CABP5,RP11-430B1.2,PEAR1,VPS13A
1321,RP11-308N19.1,SURF6,ISOC1,HDDC3,ATP10D,AC093901.1,AL928768.3,RP11-122G18.5,EHMT2
1322,SUOX,ANKHD1,RPL7L1,UBLCP1,CAMK2G,ERBB3,TSC22D1,ELOVL7,ACTR6
1323,AK4,NR2C1,ATP6V1C1,CA2,TOP1MT,RFX4,RNF181,FAM27A,AAGAB
1324,ABCG2,INIP,RRAGC,INIP,NDUFA2,RP11-983P16.4,CACNA1C-AS1,MEF2C-AS1,DICER1
1325,RNASE3,PDCD1,INTS12,KIAA1429,HBP1,RP11-424I19.2,HIST1H4I,RP11-510J16.5,DNAJC10
1326,RP11-215G15.5,TSPAN15,C16orf80,COL6A2,YIPF5,RP11-175K6.1,AK4,EPB41L4A,GPR56
1327,AURKC,TOMM40,RPUSD4,PILRB,NT5C,ITCH-AS1,VIL1,RP11-46H11.12,PPIL4
1328,RP11-10K16.1,POLR3K,NCOR2,CPSF3L,PUM1,MIR4523,RP13-314C10.5,KCNN3,TFAM
1329,AC007879.7,HDAC5,PEX16,EIF2B1,C1orf35,AP002954.4,RP13-270P17.1,ITCH-AS1,S100B
1330,NEUROD2,NSMAF,PIGU,DENND5A,STK11IP,MAP2,AC010894.5,CASC8,PCGF1
1331,CCDC153,TMEM18,MLLT11,WDR55,USP8,KCNA5,CTC-454I21.3,RP11-830F9.5,AKAP8
1332,VIL1,TBCK,ANTXR2,C5orf56,PDIA5,MEF2C-AS1,IFT81,AP002954.4,ZNF467
1333,WNT5B,ZNF468,NABP1,RP11-792A8.4,ITGA2B,RP11-510J16.5,LNP1,PARD3,FCRL6
1334,RUNDC1,AAR2,PHACTR4,CCNG1,C1QB,PKD2L2,AC007879.7,PKD2L2,AP3M2
1335,SIRT6,OSBPL7,KCNK6,PEX16,CGRRF1,TTC18,CCDC153,RP11-557C18.4,PHF12
1336,RP11-139H15.1,PAWR,GIMAP2,NOG,SIRT1,RP11-185E8.1,CTD-2227I18.1,AC002331.1,CHERP
1337,TRIT1,RUNDC1,P2RY10,PEMT,SLC48A1,PTPRN,WNT5B,BMP8B,ANKRD54
1338,GFER,CLU,HMBOX1,OAS1,ARHGAP18,RP11-830F9.5,SUOX,AC022532.1,GID8
1339,PACSIN2,LRRC8C,SF3B1,TCTA,GPR35,AC002331.1,TEX12,GIPC2,RIOK1
1340,MBNL1-AS1,PRPS2,RASGRP4,C4orf33,LINC01003,CYP1B1-AS1,RP11-10K16.1,RP11-175K6.1,QSOX1
1341,INVS,ZMAT3,IGJ,CCP110,TMEM189,TMEM44,RP11-932O9.7,RP11-185E8.1,CD19
1342,RP11-701P16.5,ZNF559,PILRB,LMF2,SLC50A1,KCNAB1,ANKRD50,AC093901.1,PGM1
1343,DNASE1L3,ZNF626,MANBA,C9orf37,PDCD2L,ELOVL7,NEDD4,AC005224.2,MRPL43
1344,RP11-142C4.6,RPUSD3,RMND5A,RFNG,DAGLB,AC022201.5,RP4-781K5.2,MIR4523,CCDC91
1345,UBE2C,ARIH2OS,ISCA2,ARSG,LYPD2,AC140481.2,CTC-444N24.6,RP11-274B21.8,UBE2D1
1346,WDFY3,CXXC1,ALKBH4,RPUSD4,SPHK1,RP11-557C18.4,TDRP,RASGRF1,METTL3
1347,C1orf198,ABHD17B,THOC7,BAZ2A,CORO7,PDGFA,SAMD14,CYP1B1-AS1,XPOT
1348,RP11-385F7.1,CASC3,CA2,CSNK1A1,CEACAM4,WDR52,KCNJ14,ERBB3,SPRTN
1349,RPH3A,TRIP11,UBA5,PPIL4,PAWR,CASC8,GATA2,RP11-983P16.4,CEP164
1350,EML6,LUC7L,ABHD5,TMEM62,RABEP2,TRAPPC3L,TMPRSS11E,AC105053.4,ADSL
1351,CDC16,BACE2,FAM107B,MALT1,VAMP5,DIO1,RP11-215G15.5,LA16c-431H6.6,NFKBIL1
1352,USP19,RP11-706O15.1,PPIE,GNG11,C14orf166,LINC00610,RNASE3,PDGFA,INTS12
1353,VTI1B,COL6A2,ZNF330,USP19,GGA2,CTD-2184C24.2,AC005082.12,RP11-138I1.2,NCKAP1L
1354,ZMAT5,ANKRD54,NKAP,PTPN7,MYOM2,RBFOX3,ZNF682,MGAM,DIDO1
1355,PPT1,ISCA2,TMEM140,MOCS2,AL928768.3,BMP8B,ZBED5-AS1,FAM212B-AS1,AC093323.3
1356,MPP6,BLZF1,XPNPEP1,DENND1C,MYL9,RASGRF1,RP13-270P17.3,RP11-147L13.8,MNAT1
1357,ZSWIM6,UQCC1,ABHD12,PDHB,CYP27A1,GIPC2,TAOK2,QPCTL,SMARCD1
1358,RP11-1055B8.7,FAM43A,REEP3,SENCR,SLC25A14,RP11-230C9.4,RP11-1055B8.7,RP11-755B10.3,MINA
1359,DNAJC27,QRICH1,MZB1,PTGDS,CRTC1,PARD3,C2CD4D,RHCE,PRSS23
1360,ARHGAP6,RHEBL1,TNFRSF4,C2orf76,ENTPD3-AS1,TEX9,RP11-408A13.4,DIO1,APOBEC3B
1361,FZD2,FBXO33,RBM25,ACP1,ERCC6L2,RP11-755B10.3,RP1-266L20.2,TRAPPC3L,GBP1
1362,VSIG10L,ERCC6L2,SLC50A1,DDX56,CAMK1D,MYCT1,RPA4,AC009505.2,BOLA1
1363,MCM10,HIST1H2AC,CCDC91,CHN2,TOMM40,RP11-147L13.8,GPR55,SULT1C2,ZNF263
1364,SEPT4,DNMT3A,ALG5,PITHD1,MAP3K8,RP11-53B2.3,FCGBP,RP11-230C9.4,MAPK1IP1L
1365,ASAP2,TMEM60,RARS,TMEM116,FNTA,RP5-1073O3.2,CLIP2,RP11-661P17.1,SNAP47
1366,ZNF594,RIOK1,RBM7,PRAF2,PHF5A,FAM212B-AS1,DNAJC27,CTD-2184C24.2,FPR1
1367,CLIP2,ZNF195,PNPLA8,GPR35,GTF2B,RP11-661P17.1,NIPSNAP3B,KCNAB1,C19orf52
1368,RP11-324I22.4,CDC37,MARCH5,ALKBH4,PLEKHB2,RHCE,RAB6B,WDR52,TOP2B
1369,RP11-879F14.2,DHX8,TAF12,STX18,NDUFS1,DENND6A,VSIG10L,UBE2E2-AS1,PAXIP1-AS1
1370,SCN1B,HAGH,CTBP2,GOSR2,PTCRA,RABL2A,RP11-879F14.2,RP5-1073O3.2,DLST
1371,SPG7,MTERFD1,AIM2,TOR1A,AC005082.12,NUP54,U73166.2,AC022201.5,PIGF
1372,AP4S1,ADSL,DDX56,ARAP1,EID2,B4GALT4,PVALB,RP11-804A23.4,LTB4R
1373,IL1RAP,RAMP1,DHX9,NONO,MED9,MUM1,ATP9A,CABP5,RGL2
1374,TREML2,DHX9,CPSF3L,RP11-138A9.2,ATXN7L3B,FASTKD1,PLXNA1,RBFOX3,PPT1
1375,PDZD4,TMX3,GMPR,BZRAP1-AS1,ARL2,NAPA-AS1,RP11-502I4.3,LINC00610,RNF213
1376,ECSIT,R3HDM1,FAM127A,EAPP,STAU1,RBM26-AS1,SDCBP2,LTBP1,THUMPD3
1377,TRIM16L,ARHGDIA,CTNNB1,APH1B,ZNF350,PMEPA1,C1orf186,ING5,FBXO21
1378,AEBP1,CCDC94,GOT2,MLTK,TMEM199,HIST1H2BJ,FZD2,VPS26B,TARSL2
1379,MRVI1-AS1,METTL8,GGNBP2,COLGALT1,API5,PEX16,LINC00957,KDM3B,RARA
1380,ZNF841,OXLD1,COPS4,DMAP1,LYRM2,KCNH3,RP13-753N3.1,RP11-110I1.14,RP11-792A8.4
1381,GNG3,PJA1,VPS13C,RARS,SCAPER,ACVR2B,KDM4A-AS1,ZNF433,AKR1C3
1382,REPS2,CD2AP,USP7,RCL1,C4orf33,GLS2,SEPT4,MAP1A,INIP
1383,S100P,FKBP5,NFKBIL1,ELOF1,CTNND1,RP11-544A12.4,ZNF594,RP11-359I18.5,UBLCP1
1384,SH3BGRL2,MUM1,CD82,PLA2G12A,SAMD1,RP11-110I1.14,ASAP2,ZNF425,GPATCH4
1385,AP003419.16,RPL39L,GLTP,FBXO21,PLEKHA1,NUDT12,C1QC,RP11-178L8.7,ISOC1
1386,PHF14,NME6,C9orf69,ABHD5,SARS,SCIN,LY6G5B,SCIN,NARG2
1387,DIDO1,GARS,CRLS1,RIT1,PCDH9,PPT2-EGFL8,AC137932.6,OMG,USP36
1388,C16orf58,LMF2,ACADM,OXLD1,CBX5,TACR2,RP11-378J18.3,CCDC3,TCEAL8
1389,FAM120A,KIR3DL2,C14orf80,CYP27A1,ARSD,RP11-159H10.3,SCN1B,RP11-247A12.2,THAP2
1390,GGA3,ZNF836,DHX15,R3HDM1,TUBB1,ZNF433,CTD-3214H19.4,NCKAP1,CHI3L2
1391,USP8,BCDIN3D,DNAJC2,PARVB,ERI3,HRASLS,RP11-294J22.6,LCN2,C12orf45
1392,FASTKD1,PEX16,MLLT10,CIDEB,RP11-727F15.9,CLECL1,SYP,RBL1-1,RCE1
1393,LONRF1,USP36,GTPBP6,GLTP,NCOR2,SYTL4,ARHGAP6,SERPINE1,ATXN7L3B
1394,MRPS18A,N4BP2L1,CAPN12,DEDD,DNAJC10,LRRC24,RP5-827C21.4,CTD-2012J19.3,RMDN3
1395,AC147651.3,DHX15,TCEAL8,PDZD11,PLEKHJ1,SPOCD1,RASD1,SPOCD1,MRS2
1396,FCGR3B,ENTPD3-AS1,BET1,CEP164,WDR37,FAM209A,TMEM87A,NRN1L,TLE4
1397,ELANE,PIGX,COMMD4,PACSIN2,MVB12A,RBL1-1,CTNND1,RP11-490M8.1,UBA5
1398,COLGALT2,MINA,RBM5,GPKOW,ARSG,RP11-178L8.7,RP11-66N24.3,RP11-196G11.2,BLNK
1399,ARVCF,BNIP2,RCHY1,MLLT10,CDC16,RP11-420A6.2,RP11-421L21.3,AL928742.12,SPIB
1400,LINC00494,B4GALT4,SMARCD1,C1GALT1C1,ZMAT3,NCKAP1,CARS,LRRC24,HCCS
1401,PDZK1IP1,GBP4,COMMD10,EMG1,STX16,TAL1,ING5,RP11-977G19.12,BCL2A1
1402,RIN2,ANAPC4,IDH1,NUP54,MACROD2,MEIS1,LGALSL,GLS2,UBIAD1
1403,SMIM5,SNX17,GSTZ1,COPS4,SERPINF1,BEND2,CTD-2012K14.7,NUDT12,OAS1
1404,LINC00984,SLC40A1,HELQ,C1QA,GRPEL1,RP11-359I18.5,RP11-219B4.7,KCNH3,PPP6C
1405,RSPH9,ACBD3,SNRNP35,USP20,HDDC3,FRMPD3,ELANE,PLIN5,PEX19
1406,EFCAB4A,CTNNBL1,C3orf38,SPRTN,MRPL42,NRN1L,LINC00984,RP11-420A6.2,NR2C2AP
1407,RP11-545I5.3,PHF12,AKAP8,PURA,SNAP47,NPPA-AS1,PBLD,RP11-159H10.3,STAMBP
1408,LGALSL,C9orf37,GZMM,HDAC2,EXOC6,RP11-977G19.12,PDZK1IP1,CCDC163P,RP11-18H21.1
1409,RP11-219B4.7,TMEM116,NME6,PRKCD,STAMBP,RP11-490M8.1,RIN2,CTD-2541M15.1,RAB34
1410,TTC8,ACADVL,TMEM138,CASC3,CITED4,RP11-196G11.2,ZNF587B,RP11-211G3.2,AP003733.1
1411,CCP110,JAKMIP1,ARL2BP,DNMT3A,NME3,CCDC163P,OTOF,SYTL4,KLHL24
1412,BNIP2,SDAD1,VTI1A,DHX9,PYGO2,RP11-77H9.2,RP11-314N13.3,KRTAP5-AS1,SGK1
1413,FAM96A,CSRP1,SNCA,C12orf45,DENND6A,SOX13,CTD-2537I9.12,AC068580.6,RETN
1414,PRDX4,MRPS23,GARS,BEX4,ZNF561,AL928742.12,SMIM5,HRASLS,CASC3
1415,MADD,TRUB2,PNRC1,MFSD1,TNFRSF17,RP4-773N10.4,INPP5A,FRMPD3,CCDC124
1416,ARL4A,IRAK4,SYVN1,AC093323.3,CTC-378H22.1,RP11-356N1.2,RSPH9,NPPA-AS1,NABP1
1417,IP6K1,PGM2L1,GINM1,PSMB8,DHX8,BHLHE40-AS1,ENKUR,SEC14L5,FBXO25
1418,REEP3,TCTA,SETX,SEPT11,TNRC18,CCDC3,IPO9-AS1,BHLHE40-AS1,RCHY1
1419,RP11-488C13.5,C16orf58,MARCH6,KIAA0196,AAR2,CTD-2541M15.1,SLC4A8,RP11-356N1.2,ADPRM
1420,ZNF106,TNFRSF13C,C18orf21,GMPR,RNF26,AC068580.6,C5AR2,RP11-77H9.2,SMARCC2
1421,SERAC1,F2R,CLEC2B,ST7L,QRICH1,SEC14L5,hsa-mir-1199,CTC-260E6.6,ATAD1
1422,ESAM,MLLT11,RPN2,AAGAB,ATP5SL,KRTAP5-AS1,ITGB3,RAB12,RIOK2
1423,RP11-398C13.6,RCHY1,TBPL1,TMEM55A,FAM210B,LCN2,TMEM60,TACR2,ACTL6A
1424,EGFL7,PAICS,SMARCD3,MAPK1IP1L,NDUFA10,CTC-260E6.6,ZNF626,RP4-684O24.5,WTAP
1425,C2orf88,RP11-349A22.5,FOSL2,RAD23A,SLC6A6,RAB12,SREBF1,PPT2-EGFL8,HOOK2
1426,KIAA0040,STX18,QRICH1,GGNBP2,MANBA,SERPINE1,AC113189.5,C10orf25,PELI1
1427,KCNQ1OT1,ANKRD27,SIAH2,FAM210B,RABL2B,CCDC62,KDM3B,SOX13,RABL6
1428,CTNND1,METTL3,MAT2A,FRAT1,PIGF,RP11-247A12.2,PIGL,EXOC4,CISD1
1429,C4orf33,TRMT61A,PLAGL2,SF3B1,HDAC5,RP4-684O24.5,SIK1,ASXL2,FCRLA
1430,COL6A2,TRIT1,ODC1,UBIAD1,ASXL2,IL16,TGFB1I1,RAB21,PBRM1
1431,CDKN2A,LYPLA1,QSOX1,FAM32A,GGA3,NEK8,RP11-1000B6.3,ARMC7,CBX5
1432,AC074138.3,KPNA1,SIK1,PPBP,GSTZ1,TREML2,SNTA1,CEP85L,SMCHD1
1433,YPEL3,RP11-727F15.9,CSRP1,MRPL42,BLM,USP30,RP11-219B17.1,AURKC,CCDC66
1434,CMTM5,PYGO2,FCGR1B,ISY1,FAM212A,PHACTR4,CLDN5,CACNA1C-AS1,GOSR2
1435,TM7SF3,POMT1,RFC2,RNF113A,CTD-2267D19.2,SAMD14,GPR84,CTC-454I21.3,FCGR1A
1436,PITPNM1,ATXN10,NARS,KARS,CHN2,RP11-10K16.1,HP,RP11-308N19.1,CCT7
1437,FSTL1,RABEP2,LBR,RNF14,GMPPA,AURKC,RP11-527L4.5,WNT5B,PNPLA8
1438,HP,GRPEL1,NFATC1,GLRX3,SH3GLB1,RP11-308N19.1,HGD,KCNJ14,IL23A
1439,GPR84,HOOK2,RAB8B,TOP2B,ATXN3,ANKRD50,PLA2G4C,C15orf26,PGRMC2
1440,YES1,TOP1MT,RARA,RAB8B,CEPT1,AC010894.5,FSTL1,ANKRD50,KIAA1430
1441,CLDN5,TAF12,LIMD2,PEX19,SYVN1,CTC-454I21.3,CD274,TDRP,ZNF92
1442,CTTN,AC093323.3,CORO7,CCDC22,POLR2E,RP4-781K5.2,CTC-428G20.6,NEUROD2,GNS
1443,CXCR1,MAP2K7,ZNF688,NFE2L2,ZNF330,C15orf26,TEX2,CTC-444N24.6,C12orf10
1444,CTC-428G20.6,ZNF493,TOMM40,PLA2G7,ASB8,GATA2,TNS1,RP11-215G15.5,USP33
1445,HSPB11,STAMBP,ANAPC13,PRPF31,PTGS1,AK4,HOMER2,ABCG2,NUP54
1446,ST20,MMD,PTAFR,ISCA2,PRPF8,NEDD4,CTTN,RNASE3,CD72
1447,TGFBRAP1,KCNQ1OT1,PGM2,GFER,SLC27A1,CTC-444N24.6,CRIP3,HIST1H4I,P2RY10
1448,DHRS4,ISOC1,RAB34,MPHOSPH10,MRPS12,CACNA1C-AS1,CTD-2015H6.3,RP11-932O9.7,HENMT1
1449,ZNF718,WDR55,AP003733.1,ALG5,MLLT10,NEUROD2,RP11-432I5.1,SUOX,NKIRAS2
1450,NT5C3A,ZCCHC9,CLEC10A,RP11-589C21.6,GOLGB1,TEX12,FADS1,TEX12,USP8
1451,ARG2,TMEM87B,MAEA,TREX1,UBLCP1,KCNJ14,LTB4R,AC007879.7,ZCCHC10
1452,RAB38,PI4KB,DOK3,SDPR,SPEN,ABCG2,DHX8,NEDD4,PPIE
1453,PRRG4,SNRNP27,TMEM189,RAMP1,BACE2,VIL1,ZNF333,RP13-270P17.1,OAT
1454,PXMP4,MIS18A,TMEM242,YWHAG,ICOSLG,LNP1,ZNF232,RP4-781K5.2,VTI1A
1455,HCCS,TCF12,NAT9,ORMDL2,ENHO,RP11-932O9.7,AGA,VIL1,PRPS2
1456,CDV3,MNAT1,DDX1,CLU,CPNE5,RP13-270P17.1,FCER1A,CCDC153,MALT1
1457,MYO1E,ORMDL2,CD9,KLRC1,ZNF397,CTD-2227I18.1,ZNF561,IFT81,DNAJA3
1458,PROK2,RRAGC,FAM120A,CECR5,USP33,AC007879.7,RFPL2,AK4,UQCRC1
1459,CXCL3,PGRMC2,ZAP70,NFKBIL1,NARG2,RP11-421L21.3,EML6,TMPRSS11E,STAU1
1460,CTD-2368P22.1,SLC4A7,GFER,KIR3DL2,SMC2,BLZF1,SPATA7,SAMD14,HLA-DOB
1461,CLEC4C,C12orf45,TNNI2,SAMD4B,VTI1A,FAM43A,CXCL3,LNP1,NIT1
1462,LY6G6F,DCAF5,MRPS18A,TMBIM6,NFATC1,PCDH9,WDFY3,CTD-2227I18.1,PRKACB
1463,SLC22A4,TAF10,NIT2,SNRNP35,RP5-1073O3.7,EIF3D,RP11-142C4.6,AC010894.5,PLCB2
1464,BIRC5,PGM2,PPIG,YIPF5,SETD5,PDIA5,MYO1E,RP13-314C10.5,GLB1
1465,RP11-960L18.1,ANAPC13,MPC2,PPIL2,TMEM18,LINC00662,PROK2,NXT2,TM7SF3
1466,LAMP2,RARS,PRSS23,HDLBP,SAMD4B,VSIG10L,PLCL1,RASGRP4,RARS
1467,UIMC1,PDXDC1,PRPF8,ZMAT5,CUL4B,ARHGAP11A,FAXDC2,GPR55,SMARCA4
1468,SENP2,PSMG2,ZNF467,USP38,C10orf32,FCGBP,CLEC4C,RP11-324I22.4,STX18
1469,WARS2,MRS2,PAFAH1B1,ACAT2,HBEGF,NIPSNAP3B,CTD-2368P22.1,RAB6B,C16orf74
1470,MRE11A,KIF3A,PPP1R2,IRAK4,ALDH1A1,ATP9A,RP11-960L18.1,PLXNA1,RNF113A
1471,UBE2Q1,ZBTB10,DCAF8,USP36,F13A1,DMPK,SLC22A4,MCM10,CCDC22
1472,BRAT1,MKLN1,HMGXB4,PITPNM1,ARHGDIA,C1orf186,LY6G6F,C1QC,PLEKHF1
1473,DNAJC10,FCRL2,ISOC2,ZNF276,PPA2,ASAP2,PRKAR2B,CTD-3214H19.4,MLLT10
1474,C6orf25,SNAP47,C17orf59,TUBB1,STT3A,ZNF594,WBP2NL,U73166.2,MAP2K7
1475,CXCL10,ZNF567,PLCB2,GPS1,MNAT1,SEPT4,RPH3A,ATP9A,FGL2
1476,TRAPPC12-AS1,MRPS18A,MED30,MARCH2,PRPS2,RAB6B,RP11-701P16.5,C2CD4D,TINF2
1477,TMTC2,DDX56,MAP3K7,TPD52L2,UBXN4,C2CD4D,PGRMC2,CTD-2302E22.4,GUCD1
1478,SETD1B,CASC7,PKN2,DOCK10,GLRX3,RPA4,FAM212A,DNAJC27,SNRNP35
1479,C1orf50,ADAL,RELB,STX4,NAA20,LY6G5B,RGL2,PVALB,GZMK
1480,CASC4,STOML2,TIMMDC1,NKAP,DNMT3A,RP11-879F14.2,QRICH1,RP11-502I4.3,PLEKHA3
1481,ZNF468,SEPT11,CORO1C,HDGF,B4GALT4,RP11-141B14.1,MMD,RP11-294J22.6,DCAF5
1482,FBXW4,HSPB11,TLE4,STK32C,RP11-554J4.1,ARHGAP6,RUNDC1,C1orf186,TIMM22
1483,KLF13,UBA5,HIST1H2AC,CD93,CD163,LINC00957,PIGF,RP11-408A13.4,MRPL1
1484,IRF9,POLR2E,EIF2S1,ACTR6,MAP3K7CL,U73166.2,SSBP1,RP13-753N3.1,PITPNA-AS1
1485,TNFRSF17,CEP120,GNPTAB,MRPL19,HDAC9,RP11-493L12.4,AP003419.16,RP11-252A24.3,PACS1
1486,GMPPA,ERI3,GOLT1B,EPN1,C12orf45,PLXNA1,S100P,ZNF594,C18orf21
1487,TCL1B,ACTR6,PTGDR,MMADHC,PGM2,MYH10,TUBG2,RP11-879F14.2,GPR171
1488,ZNF503,MLLT10,PPP2R3C,TIMM22,CEP68,GPR55,TCL1B,SYP,EXOC4
1489,SCGB1C1,JKAMP,GNS,DDT,AIM2,RP11-502I4.3,TTC28,KDM4A-AS1,MVD
1490,7SK-2,C17orf59,APH1B,C1orf50,NOG,RP11-378J18.3,REPS2,RP11-378J18.3,MRPL42
1491,CAPN12,INTS12,CKS1B,CXCL2,LPGAT1,SMTN,MRVI1-AS1,SEPT4,DDX56
1492,NIT1,BAG5,MRPS23,NPHP3,CTBP2,MCM10,C19orf33,SMTN,SIK1
1493,RHEBL1,ABI2,MVD,FCER1A,FHL1,RP11-408A13.4,AEBP1,LINC00957,DHX15
1494,UBAP2,PIGU,NME3,GNPAT,MAF1,RP11-252A24.3,GNG3,LY6G5B,GLTP
1495,TMEM102,PEX19,GBP4,JKAMP,MYCBP2,CTD-3214H19.4,RP11-178G16.4,ARHGAP11A,TMEM80
1496,OAS3,TFAM,RAB1B,RRAGC,NFE2L2,SDCBP2,ZNF503,DMPK,HMGCL
1497,CLEC1B,UBE3A,SLA,BTN3A1,NCKAP1L,PVALB,SCGB1C1,RP11-493L12.4,ZNF75A
1498,RP11-162G10.5,CASC4,CHIC2,DYNLL2,KDM3B,KDM4A-AS1,ACVR2A,FCGBP,PI4KB
1499,DENND5B,MOCS2,DESI1,TFAM,DDB2,RP11-324I22.4,TRIM23,FZD2,NT5C
1500,IQCE,DDX1,PACSIN2,DDB2,DHX34,DNAJC27,GLTP,NIPSNAP3B,HMBOX1
1501,UBE2D4,SMARCD1,ABT1,MAGEH1,MRPS33,ADAL,TSPAN15,RPA4,NPC2
1502,ALKBH4,THAP2,EMB,GNPTAB,KPNA1,FNTA,TGFBRAP1,CLIP2,LIX1L
1503,TMEM62,HMBOX1,LSM14A,PLEKHJ1,UBIAD1,VMAC,PEX26,AC137932.6,NOL11
1504,LINC01013,LRCH4,MTERFD2,ZFYVE28,TDG,PHF14,TNFRSF25,VSIG10L,ADAM10
1505,U2SURP,RFC5,CCDC22,PLEKHA1,RP11-428G5.5,IDUA,SLC48A1,ARHGAP6,SCGB3A1
1506,DAGLB,RCL1,HPRT1,CPNE2,HMG20A,BRAT1,POLR3K,LBR,C16orf54
1507,GID8,C7orf26,GNPAT,PIGF,CCDC66,FXN,GOLGB1,RABEP2,C7orf26
1508,LSM14B,SAMM50,PIGX,EIF2AK4,FCER1A,ITGB3,TMEM80,ITGB3,SNHG12
1509,NEK8,KIF5B,PTGES2,RFC1,IL23A,RP11-390B4.5,IDH1,RP11-219B4.7,HMGXB4
1510,F11R,NAA20,ITSN2,TOMM40,SNW1,PBLD,RP11-398C13.6,PBLD,CAMK1D
1511,TAF6L,ISY1,ARHGAP24,SLC6A6,ATF7IP2,RP11-314N13.3,PUS7,RP11-314N13.3,ELP6
1512,LRRC59,MALT1,MOB2,TAF10,PACSIN2,SMIM5,EGFL7,C5AR2,SHOC2
1513,IFIT1,DOCK10,PPBP,CLEC2B,TRIM8,ANKS1B,LINC01013,ELANE,PEX16
1514,PTGDS,BOLA1,RCE1,TMEM140,ISOC2,CTD-2012K14.7,GDF11,RIN2,MVB12A
1515,PPP2R3C,IFI27,GRPEL1,CTNNBL1,MMD,MMP9,C2orf88,ARVCF,TRIM14
1516,CCL2,SNX14,NDUFA10,KIAA1430,NF1,ZNF436,ESAM,INPP5A,RAB8B
1517,LILRA4,BET1,EMILIN2,GNS,YTHDC1,RP11-545I5.3,RP11-367G6.3,ANKS1B,SPG7
1518,PALLD,METTL21A,GPR56,PCYT1A,GLTP,LINC00494,SNCA,EFCAB4A,MCM3
1519,NAT9,PCNX,RABL6,PUM1,TMEM80,ARVCF,DAGLB,IPO9-AS1,PRKD2
1520,ANKRD9,RPS19BP1,HNRNPH3,ACADVL,NKIRAS2,ZNF587B,NFAT5,RSPH9,COMMD10
1521,INTS2,RP5-1028K7.2,UBXN4,RP5-1073O3.7,TCEA2,COLGALT2,UBE2Q1,LINC00984,GALK1
1522,SPTSSB,EXOC4,ARID4A,THUMPD3,ACRBP,ELANE,ITSN2,hsa-mir-1199,OSCAR
1523,PKN2,NXT2,RAD23A,PIGX,GBGT1,PAICS,RRAGC,LINC00494,PIGX
1524,ACADM,KRBOX4,ACAT2,DESI1,LRRK2,RNF26,LARS,ZNF587B,TCEA2
1525,MDP1,NR3C1,NFIC,MRPL43,INIP,GOT2,PRELID2,OTOF,TREX1
1526,RHBDD3,NFAT5,TMEM141,RBM4,SPRTN,SLC25A14,RP4-800J21.3,CTD-2012K14.7,NPRL2
1527,CTC-444N24.11,CARHSP1,DSCR3,ATXN10,RP11-589C21.6,CUL4B,LILRA4,ZNF436,MBOAT7
1528,PELI1,SNX9,TMEM55A,DNTTIP1,REEP3,PYGO2,RP1-111C20.4,SLC4A8,ATXN3
1529,ACPP,RP5-1073O3.7,RGS18,PGM1,HDLBP,LIX1L,ARG2,CTD-2537I9.12,MLLT6
1530,GFI1B,CIAPIN1,DDX46,ISOC1,DEDD,RP11-428G5.5,PRRG4,COLGALT2,YWHAE
1531,ANKRD22,CLYBL,PICALM,HBP1,SF3B5,ZNF195,CCL2,RP11-390B4.5,XRRA1
1532,SEPT5,DENND1C,TOP2B,LYRM2,SETD1B,EOGT,ALOX12,LGALSL,SETD5
1533,RP11-145M9.4,SCAPER,GOSR2,POLR2E,MLTK,SNAP47,RP11-70P17.1,ENKUR,EFCAB14
1534,SLC22A18AS,ACTL6A,LTB4R,PMF1,KLHL24,RP11-219B17.1,KLC4,TTC30A,ARL16
1535,CEPT1,TLE4,FAM173A,TMEM138,EMG1,TGFB1I1,SLC2A13,R3HDM1,MAGEH1
1536,EVA1B,USP20,ARL16,PSMC4,TMEM91,CXCR1,ACBD3,ATP8B3,S100A12
1537,TRPM4,CWC27,ARL2,TPM1,TNFRSF13C,FSTL1,DENND5A,TGFB1I1,LGALS3
1538,NMNAT3,TIMM10B,CXXC1,EMB,PAX5,RP11-527L4.5,TASP1,DRAXIN,DEXI
1539,GP9,RBM48,SDCCAG8,PLAGL2,YWHAG,RP1-28O10.1,KIF3A,CTD-2015H6.3,GBP4
1540,MARCH5,ARPP19,MAPK1IP1L,DUSP10,C15orf57,RP11-496I9.1,USP38,POLA1,API5
1541,NFU1,WDR37,SNRNP27,FAAH,MTCH2,HGD,EIF5B,ARHGAP19,FH
1542,CLPX,NUDT5,WDR55,NDUFS1,C16orf54,LINC00886,ZNF567,YES1,ITM2A
1543,CHI3L2,RPUSD2,HAGH,PRPF8,HDAC2,CAMK2N1,PEMT,LINC00886,PLEKHA1
1544,EID2,EHMT2,PHF5A,RFXANK,ADPRM,CRIP3,ACPP,TEX2,THEM4
1545,PTCRA,TRIM14,NRGN,NPRL2,SCGB3A1,AP001462.6,SEPT5,KIF3C,DDT
1546,MYL9,TMEM165,NCOA4,MLLT6,RABL6,DRAXIN,GFI1B,RP11-496I9.1,UTP6
1547,KCNE1,EMG1,SMARCA4,DICER1,MTIF2,TEX2,SLC22A18AS,RPS6KL1,PTGES2
1548,IQCH-AS1,NUDCD1,NR3C1,MLLT11,RP5-887A10.1,RP11-1000B6.3,AC092295.7,CTTN,ATP5SL
1549,FCAR,KLRC1,PLRG1,TMEM242,C1QA,SNTA1,RP3-325F22.5,HGD,KLRB1
1550,CDC42EP3,UIMC1,SGK1,CISD1,SETX,NT5M,CEP128,PLA2G4C,C5orf15
1551,TMEM141,SLC50A1,AKR1C3,AHSA1,CTNNB1,HP,ANKRD22,RP1-28O10.1,PFDN2
1552,SLC19A1,FAM173A,TMEM18,MAEA,STK32C,RPS6KL1,CXCL10,ZNF653,ATXN10
1553,ILF3,PLEKHA3,MRPS12,FOPNL,FH,RP11-432I5.1,TRIM14,CAMK2N1,CDC42EP3
1554,ITGA2B,PRKACB,HSPB11,C4orf3,GLB1,GPR84,CDKN2A,PARS2,IFIT2
1555,RP11-468E2.4,ABHD12,NKIRAS2,DNAJA3,PITPNA-AS1,ZNF653,HDAC9,CTC-428G20.6,CECR5
1556,GLTP,CDC40,TCEA2,C9orf69,RMDN3,CD274,THAP2,CD274,CAMK2G
1557,PCYT1A,MFF,CD160,UBXN1,VIPR1,YES1,DSCR3,TNS1,TDG
1558,HDGF,MARCH5,SAMM50,DNAJC2,THYN1,CTD-2015H6.3,WNK1,CXCR1,CEPT1
1559,FBXO25,CHD7,LYRM2,C14orf80,CR1,HNRNPH3,MRP63,RP11-219B17.1,LTV1
1560,ACADVL,TM7SF3,RGS1,HERPUD2,TBPL1,PRUNE,RCE1,RP11-527L4.5,TSSC1
1561,YPEL2,URGCP,MPV17,RNF168,KCNK6,ZFX,KCNE1,HP,ZNF330
1562,KIR2DL3,MDS2,DMAP1,NAT9,RFC5,MPHOSPH10,LAMP3,RP11-432I5.1,AGA
1563,TMEM40,RP11-421L21.3,TSSC1,SLC35A1,CD9,PJA1,FCAR,FSTL1,ZNF276
1564,BAG5,PLEKHJ1,MARCH2,BRWD1,GRAP,TMEM87A,FCGR3B,CLDN5,LMF2
1565,EDC3,STX16,TCP1,AGPAT1,CD93,LONRF1,CLEC1B,AP001462.6,TNFRSF4
1566,ISY1,ZNF688,EIF5B,WHAMM,REXO2,CXXC1,RP11-162G10.5,DENND5A,DUS3L
1567,LYPD2,ABT1,LRRC59,PLEKHB2,MRPL51,RP4-612B15.3,URB2,LIX1L,GPS1
1568,NCR1,RIOK2,BCL2A1,CITED4,SLC35A1,ZNF682,CDC42BPB,C1orf198,LARS
1569,CLIP1,SMIM14,HDGF,VPS25,DNAJC2,DNAJC10,AC147651.3,PROK2,GINM1
1570,FAM63B,DLST,CDC123,NFIC,FAM127A,RP11-385F7.1,DENND5B,EML6,CCDC174
1571,ARMC7,PPP1R14A,PDZD11,C19orf52,TRAPPC3,RFPL2,GOT2,CTB-152G17.6,ZCCHC9
1572,MED9,DIAPH1,C15orf57,COMMD4,KLF11,RP11-142C4.6,RPUSD4,UBE2C,MID1IP1
1573,SPARC,POLR3E,DPY30,SLC35A2,TBC1D23,BIRC5,ZNF493,LY6G6F,PRAF2
1574,RP11-164H13.1,SAFB2,JKAMP,QSOX1,GAS2L1,TPM2,TAF6L,WDFY3,GGA2
1575,AP001189.4,TSSC1,EIF1AY,SNCA,SMPDL3A,THBS1,SARDH,THBS1,CPQ
1576,ATP5SL,HBP1,PRKACB,CAMK2G,CXCL2,PROK2,CMTM5,PLCL1,SDCCAG8
1577,KLHL24,ARL16,RABIF,RPN2,RBPJ,UBE2C,LINC00342,SAMD12,BTN3A1
1578,NKAP,HMGCL,RPUSD3,NUDT1,PLA2G12A,LY6G6F,TMEM40,CTD-2368P22.1,FOLR3
1579,JAZF1,CBX5,C16orf74,ACAP1,PARVB,SAMD12,DHX34,RFPL2,WHAMM
1580,GLYCTK,DIDO1,SDAD1,RARA,IFFO1,RP11-960L18.1,PDIK1L,RP11-701P16.5,SNRNP27
1581,ENHO,GPKOW,N4BP2L1,MPV17,CKS1B,EML6,DNAJA3,RPH3A,RWDD4
1582,ADAM10,LYRM4,PARVB,LPIN1,DHRS4,C1orf198,TTN-AS1,FAXDC2,DENND1C
1583,MVD,GIMAP2,MFSD10,CRIP2,SCAI,CTB-152G17.6,AIM2,RP11-385F7.1,ATP5C1
1584,DICER1,HDDC3,SEC31A,SGK1,IGJ,FAXDC2,CASC4,RP1-315G1.3,PPP1R8
1585,XPNPEP1,TBC1D15,ZNF593,NAA20,CSRP1,C16orf54,ATG7,BIRC5,CDC37
1586,PBRM1,GGA2,KLRB1,LRRC8C,DDX46,CTC-444N24.11,KLF11,WBP2NL,CRIP2
1587,ELL,COMMD10,OAS3,GOLT1B,TIMMDC1,LTV1,UBIAD1,C7orf26,LPIN1
1588,MAP3K7CL,PLA2G12A,DIAPH1,NRGN,NSMAF,OBSCN,HIST1H2BJ,LPGAT1,MLEC
1589,TSC22D1,DERL1,BAZ2A,TIMM10B,PRKCB,ZMAT3,PMEPA1,S100P,MED30
1590,C16orf74,CEP68,ERI3,FCGR1B,PCYT1A,SH3BGRL2,INTS2,AP003419.16,PITHD1
1591,STK11IP,RAB7A,XCL1,CTBP2,RGS18,ZNF503,GP1BA,7SK-2,SDHAF2
1592,ABHD5,ERV3-1,CD72,FAM120A,MAP2K7,RP11-178G16.4,AP001189.4,ACVR2A,GLRX3
1593,TRMT61A,SPG20,MYO9B,GALT,KCNQ1OT1,7SK-2,TNRC18,SH3BGRL2,TIMM10B
1594,CNEP1R1,TBCB,HDLBP,PCNX,IDH1,TUBG2,HCFC2,SCGB1C1,ZCCHC11
1595,TSPAN33,RBM5,FKBP3,PCNA,CDC40,AP003419.16,KIAA0125,LRRIQ3,CHD2
1596,CDK19,SH3KBP1,DNTTIP1,PTAFR,SIN3A,TTC28,MANBA,HIST1H1B,TMEM208
1597,MTCH2,FHL1,PPIF,MDP1,SH3KBP1,ATAD3C,RWDD4,FBXL14,FXN
1598,ECHDC1,TDG,RASGRP2,ADAM10,MADD,TCL1B,BRAT1,ZNF841,PIK3R1
1599,THUMPD3,ZCCHC10,FCRL6,SPG20,ARRDC3,AEBP1,FAM127A,ATAD3C,RAB7A
1600,FAM212A,C1GALT1C1,WNK1,PPA2,LMF2,GNG3,GP9,TUBG2,CXXC1
1601,BLM,MRPL42,SPIB,EFCAB14,ISG20L2,HIST1H1B,NMNAT3,MRVI1-AS1,NUPL2
1602,GOSR2,TASP1,PRKACA,PCGF1,SNCA,RFC5,USP30,REPS2,CD47
1603,TREML1,EIF2B1,TMX2,PSMD14,BET1,KIAA0196,RELB,TCL1B,XXbac-BPG299F13.17
1604,C1QB,NBR1,IGLL5,CLEC10A,PLA2G7,SMC2,ORC2,RP11-178G16.4,GOLT1B
1605,DIAPH1,MZB1,SH2D1A,CD160,ABHD5,C9orf37,ATP10D,TTC28,MARCH5
1606,RARA,TBPL1,IL17RA,AP3M2,USP36,ING5,PRUNE,GNG3,RPUSD3
1607,PSMB6,NR2C2AP,FH,ATP6V0E1,GINM1,ARMCX5,CPNE2,CEP68,PRR5
1608,ATG7,NDUFB8-1,SLBP,RASGRP4,ICOS,BACE2,PDXDC1,RPUSD4,PARL
1609,TYW5,UBLCP1,PPA2,STOML2,MZB1,MTRF1,RNF14,GDF11,SDAD1
1610,WDYHV1,POLD2,STX18,EMILIN2,NABP1,ICOSLG,NSMAF,ESAM,LYRM4
1611,NEIL1,STX4,SRPR,PPP1R8,PARP1,MAF1,POLR3E,C2orf88,SKAP2
1612,SPHK1,DUS3L,ARAP1,TMEM18,TCTA,UBAC2,POMT1,PUS7,DDX1
1613,IDH1,SEC31A,REXO2,CYTH2,PLAGL2,KIF3A,RP11-138A9.2,SERAC1,DCP2
1614,RP11-792A8.4,PRKCB,MT-CO2,HPRT1,GBP4,GDF11,C1QB,LINC01013,RRS1
1615,SIK1,AP3M2,MVB12A,PGRMC1,DICER1,SLC20A2,PDIA5,RP11-398C13.6,ZNF593
1616,CKS1B,MYCBP2,RETN,LTB4R,MDP1,RP5-821D11.7,ISG20L2,ST7L,TMEM222
1617,GSTZ1,SPSB2,WIBG,WNK1,SNRNP27,STAU2,PRKCD,CCL2,MRPS18A
1618,ZNF92,NUPL2,RNF113A,SLC39A1,CCDC94,CYP27A1,CHD7,FMO4,GNPAT
1619,PAWR,BTN3A1,KIAA0125,CELF1,FEM1A,EVA1B,RP5-1073O3.7,PALLD,KIAA0040
1620,AL928768.3,UBXN4,ECSIT,HNRNPM,UBE2K,TNFRSF17,DEDD,ALOX12,MIS18BP1
1621,CLU,TMED5,APOBEC3B,SPSB2,JAZF1,TMEM138,OAS3,PRELID2,DMAP1
1622,TMEM234,FBXO4,FNTA,ZNF593,MDS2,DNMT3A,ARMCX5,ARG2,PILRB
1623,NCOA4,IGJ,ADD1,AP003733.1,CNIH4,TNFRSF9,GALK1,PRRG4,MPV17
1624,AGO4,ABI3,GUCD1,MT-CYB,MCM3,ALOX12,SPHK1,RP1-111C20.4,GARS
1625,GLB1,PAFAH1B1,ISY1,SMARCD3,RP5-827C21.4,FMO4,ZNF718,RP4-800J21.3,SLC39A1
1626,ICOSLG,NFATC1,VPS25,IFI27,XXbac-BPG299F13.17,RP4-800J21.3,LYPD2,ZNF404,POLD2
1627,JAKMIP1,CD160,CTNNBIP1,THEM4,PPIG,CCL2,SPATA6,PTPRN2,LRRC59
1628,ATP6V1C1,AGA,RAB9A,SDHB,TFAM,LILRA4,APH1B,PRKD2,IRAK4
1629,FAM96B,PAXIP1-AS1,BLNK,HENMT1,UCK1,ZNF404,MFSD1,PPBP,TRIM8
1630,VPS25,VPS13A,SSBP1,NABP1,CDK16,ARRDC3,NFATC1,CD160,TNFRSF25
1631,PFDN2,ZNF276,POLDIP2,MICU1,S100B,NF1,IP6K1,ZNF195,YIPF5
1632,LPGAT1,GRAP,RFXANK,DCAF5,DDX1,PNRC1,TNFRSF1B,AC092295.7,SUCLG2
1633,NDUFA10,CARS,GLB1,PRDX4,RNF168,PHF12,NOC4L,CEP128,ACAT2
1634,FRAT1,FBXO21,CAMK1D,SSBP3,LSM14A,RP13-270P17.3,ADPRM,SLC22A18AS,MAT2A
1635,PAX5,XPOT,NOP58,LAMP2,PPBP,CLYBL,C6orf25,TMTC2,ZMAT5
1636,HMGXB4,MCM3,ZBP1,PFDN2,FCRL2,SCAI,ZSWIM6,RP11-5C23.1,DSCR3
1637,FAM43A,ZNF75A,MRPL21,KLF13,FRAT1,PCNX,CYP27A1,ANKRD22,PWP1
1638,DESI1,POLDIP2,CD19,RPUSD3,RIC3,CD163,CRTC1,CXCL10,MRPS12
1639,CDK16,C3orf38,STOML2,GBP4,ADD1,MRM1,PAX5,GFI1B,PHF5A
1640,SENCR,C16orf80,C4orf3,KCNK6,LTB4R,ANKRD54,TMEM91,RP3-325F22.5,SEC31A
1641,RFC2,DNAJA3,PPP6C,NIT1,EMILIN2,EIF2B1,RP5-821D11.7,AC147651.3,NAT9
1642,SMIM12,CCDC174,SARS,WIBG,CHERP,RP11-488C13.5,TNFRSF13C,CLEC1B,RNF125
1643,ARSD,CGRRF1,GUSB,MOB2,SNX14,DDX1,F13A1,URB2,ERI3
1644,MACROD2,MPHOSPH10,UBXN1,CPQ,FAM96A,CEP128,ENTPD3-AS1,SLC16A5,TNFAIP2
1645,SERPINF1,CRELD2,EPN1,TMEM205,YPEL3,AC092295.7,PCNX,IL24,SNX17
1646,DENND5A,YIPF5,PRR5,PRKACA,CTNNBIP1,CTB-113I20.2,USP20,LAMP3,LYRM2
1647,SAMD3,MRPS12,AATF,FNTA,RP11-18H21.1,SSBP1,RBM48,KCNE1,RBM5
1648,GPR35,RMDN3,NFU1,SPPL2A,LTV1,ACADM,LONRF1,FCAR,TMEM138
1649,CEACAM4,SNHG12,CELF1,FAM96B,BNIP2,HEMK1,FRY-AS1,FCGR3B,RBM7
1650,CPNE5,PWP1,SPPL2A,SNAPIN,RNF139,ZNF32,PTCRA,IQCE,C1orf35
1651,NELFB,CD19,TIGIT,SMARCA4,ELP5,FCAR,IL4I1,RP11-162G10.5,NKAP
1652,KIR3DL2,TMEM242,C21orf33,RGS18,AATF,CDC42BPB,C1QA,SPSB2,DHX9
1653,ACBD3,MVD,RNF213,TMEM165,KLHL6,LZTS2,MARCKSL1,FOPNL,ELP5
1654,KCNG1,ADPRM,MIS18BP1,SLA,ELOF1,LAMP3,IL17RA,PIGX,GALT
1655,ALDH1A1,CEPT1,ZNF106,PIK3R1,DESI1,RFC1,PARVB,TBXA2R,TMEM18
1656,MANBA,SNX20,RBBP6,PPP2R3C,AP003733.1,NR2C1,DMTN,LINC00342,ECSIT
1657,HBA1,FOPNL,VTI1B,CCT7,UBE2D4,FAM120C,SLC40A1,AC074138.3,G0S2
1658,TMEM165,MARCKSL1,PLEKHF1,DUS3L,CELF1,PAWR,MDS2,C16orf52,DIMT1
1659,F13A1,POLR2I,TOR1A,DNAJB14,PSMC6,LINC00342,ANTXR2,CTNNAL1,PMF1
1660,HBEGF,PPP1R8,P2RX5,NARS,GUCD1,ZNF175,DNTTIP1,EARS2,ALG5
1661,F2R,SMIM7,PCSK7,TMEM91,ANAPC13,CTNNAL1,CES4A,SARDH,JUND
1662,COMMD4,CAPN12,AHSA1,TRIM8,NFKBIL1,C16orf52,RP11-164H13.1,TMEM40,CWC27
1663,RAB7A,UBIAD1,CARHSP1,GARS,HDGF,TBXA2R,ANKAR,ZNF175,NDUFA2
1664,APH1B,OTUB1,C1orf35,DIMT1,WNK1,EARS2,SERPINF1,CMTM5,CSRP1
1665,MICU1,OAT,ZNF32,ELP5,TRUB2,CITED4,MACROD2,ANKRD9,CTNNB1
1666,FADS1,RAD23A,CSNK1A1,RIOK2,RNASEH2B,MGA,NME6,HIST1H2BJ,TIGIT
1667,PRR5L,CPSF3L,ORAI1,MRPS23,YPEL2,PIGL,TBCK,RBM26-AS1,PLRG1
1668,ATP10D,EFCAB14,MTIF3,ILF3,TMEM55A,HMG20A,EXOC4,INTS2,NIT2
1669,GNG11,HDAC2,ECHDC1,DERL1,ZBED5-AS1,LBR,C18orf21,INVS,EIF5B
1670,BCL2A1,ZC3H15,CPQ,TMED4,NAT9,KPNA1,CEP120,SPTSSB,SMDT1
1671,CD163,NARG2,ACADVL,C16orf54,PPIF,SPTSSB,TMEM116,GP1BA,SAFB2
1672,CAMK1D,ACD,PSMC6,SLC40A1,ZNF593,INVS,TBC1D23,AP001189.4,MYO9B
1673,SMARCA4,NIT2,SAMD3,ZNF106,CCDC124,GP1BA,KCNG1,GNLY,POLR2K
1674,ACRBP,USP5,CYB5B,CSRP1,PPP1R14A,WHAMM,GNG11,LRBA,METTL21A
1675,CCL4L1,CHI3L2,BNIP2,TIMMDC1,RAB7A,ABHD17B,GAS2L1,ATXN3,PDHB
1676,PPBP,RP11-589C21.6,TMEM199,MTIF3,DDX17,RABL2B,TRIM8,IL1RAP,KLF13
1677,SMIM7,SRSF3,SWAP70,XCL1,CCDC12,CDKN2A,THEM4,GP9,DNAJC15
1678,C5orf56,ARRDC3,GALK1,S100B,JKAMP,RP11-554J4.1,CHN2,PDZD4,BAZ2A
1679,EIF2AK4,USP33,IFI44,UBE2K,GMPR,RP11-706O15.1,MRM1,ZNF121,GTPBP6
1680,TLE4,ARID4A,CWC15,HDAC1,PRDX4,ZNF121,PJA1,IGFBP4,MRPL21
1681,ARHGAP18,ACAT2,SHARPIN,ZNF467,TAF10,PDZD4,CTD-2267D19.2,C1QB,TMED4
1682,LRRK2,PITPNA-AS1,NONO,CORO7,PTGES2,SLC40A1,RNF25,ARRDC4,TNFRSF1B
1683,SLC2A13,C1orf35,PRKCD,CRTAP,RP11-468E2.4,NOG,ASXL2,ITGA2B,RNF187
1684,PGRMC1,NT5C3A,MARCKSL1,DEXI,SNX20,IGFBP4,DIMT1,PDIA5,ATF7IP2
1685,TNRC18,ATAD1,PHACTR1,SARS,VPS26B,ACD,CNIH4,TREML1,FNBP4
1686,USP7,ICOS,FCRLA,TMEM199,HMGCL,RP5-1073O3.7,TARSL2,MRPL19,SCFD1
1687,MLTK,RBM7,TTC1,VTI1B,TNNI2,ZUFSP,GSTZ1,RP11-727F15.9,TMEM242
1688,RABEP2,HENMT1,HLA-DOB,TRIM14,CCDC22,BOLA1,LRRK2,F5,IL8
1689,ATXN1L,PSMC6,HAVCR2,ECSIT,GPR183,XRRA1,PDCD1,IDUA,ZAP70
1690,PCDH9,MLLT6,GPS1,LRCH4,SUMO3,NCR1,CEPT1,ZNF45,CISH
1691,KCNK6,PPP6C,NUDT5,RRS1,DNAJC15,ZNF718,CTNNB1,ZNF718,VPS25
1692,CTC-378H22.1,DDB2,HDAC2,RAB34,ZCCHC11,ZNF45,RP11-589C21.6,LYPD2,PPP2R3C
1693,GBGT1,XCL1,MFSD1,ICOS,COLGALT1,NPHP3,ENHO,NCR1,S100A8
1694,PTGS1,ZCCHC11,MFF,C14orf1,LYRM4,ZNF561,PAWR,SPHK1,MRPL19
1695,YWHAE,RPL7L1,RELT,AKTIP,HIST1H2AC,KRBOX4,CEACAM4,S100A12,TPD52L2
1696,ITSN2,ASB8,FCGR1A,CWC27,PMF1,RP11-430B1.2,PACSIN2,BOLA3,TTC14
1697,RGL2,ZBP1,DEF6,APOBEC3G,GUSB,AL928768.3,TTPAL,ARHGAP24,PRF1
1698,MLEC,RGS14,LAMP2,OAZ1,SNRNP35,POLR3E,MLTK,C9orf3,C15orf57
1699,CCDC124,POLR2K,GGA2,PRSS23,DENND5A,DOCK10,RGS1,RP11-430B1.2,TCP1
1700,WDR45,TTC1,CCDC12,APOBEC3B,TMEM60,PTGDS,ARPP19,ZNF799,RAB9A
1701,FCER1A,TARSL2,TMEM14C,SHARPIN,MAGEH1,ADPRM,ALDH1A1,EOGT,SPON2
1702,SPPL2A,GPATCH4,GSN,PLCB2,ZNF688,RBM39,DPY19L4,AL928768.3,MPHOSPH10
1703,TMEM189,SPG7,IFT20,GPR56,ECHDC1,SYVN1,TMEM189,PPP1R2,NFU1
1704,RP11-428G5.5,HERPUD2,G0S2,MRPS33,NIT2,TMEM177,TPM1,HELQ,LINC00926
1705,HDAC5,LARS,WTAP,ARL2,DCP2,CISD1,OAT,TMEM177,RDH14
1706,CIDEB,C15orf57,PLEKHB2,PPIE,STK38,ATAD1,MRPL21,AC005082.12,MTCH2
1707,TNFRSF13C,PRKD2,IDI1,IL27RA,UBE2L6,PLEKHA1,LRRC8C,RP4-612B15.3,BTN3A2
1708,JARID2,SCP2,DDX17,FCRL6,SKAP2,RCHY1,CORO7,ZNF682,MYCBP2
1709,PLAGL2,CCDC66,UTP6,FAM127A,FCGR1B,NUPL2,MAP3K7CL,FRY-AS1,COPS4
1710,GAS2L1,KIAA1430,TMED5,NUDT16L1,CCL3,SUV420H2,ZNF350,CECR5,SRPR
1711,TIMMDC1,RNF125,IFIT2,ERI3,PELI1,PPP6C,STAU1,RABL2B,IGFBP7
1712,PRDX3,EMB,DCP2,MFSD10,RNF181,FN3KRP,CD72,DMTN,POLDIP2
1713,C1QA,LYRM2,MBOAT7,FOSL2,RELB,ZNF747,MALT1,KIR2DL3,HERPUD2
1714,DNAJC7,PRAF2,CDV3,IL23A,LDLRAP1,NR3C1,PCDH9,LSM14B,DPY30
1715,RIT1,SHARPIN,CRTAP,CNIH4,DOK3,DMTN,WDR91,RP11-66N24.3,STK38
1716,AIM2,FNBP4,PKIG,GALK1,TM7SF3,F11R,NOG,OBSCN,NDUFA12
1717,PILRB,LTV1,ZMAT5,STK38,TPD52L2,KIR2DL3,C8orf44,TDG,RBPJ
1718,AP003733.1,BZRAP1-AS1,CCT7,MYO9B,DNTTIP1,ST20,VIPR1,ANKAR,SLFN5
1719,CTD-2267D19.2,BLNK,RNF139,TMEM14C,KIAA0040,RCL1,NARG2,RP11-589C21.6,LYPLA1
1720,KLRC1,XRRA1,ZC3H15,STUB1,CLEC10A,SDHAF2,NECAB3,SPON2,PRDX4
1721,HDLBP,MARCH6,LRCH4,CCDC124,UTP6,PCSK7,PLD6,KCNG1,ILF3-AS1
1722,LTB4R,ELP6,NUDT1,NCKAP1L,NOP58,MOCS2,ABCC10,TNFRSF17,CRELD2
1723,BACE2,KIAA0125,ORMDL2,RPS19BP1,IFI44,UBE3A,HCCS,VPS13A,CDC40
1724,RELB,PIK3R1,RP11-139H15.1,MRPL21,POLR3K,RP11-164H13.1,CD82,BLM,ARHGDIA
1725,CYP27A1,RP11-18H21.1,SHOC2,CIAPIN1,RASGRP4,MACROD2,PPIL4,FAM212A,C10orf32
1726,TMEM80,GPR56,C10orf32,GRPEL1,TTC3,SERPINF1,RP11-428G5.5,HBA1,WNK1
1727,CD93,AATF,MED28,ASB8,CWC15,ANKAR,FAM210B,MRM1,EIF2S1
1728,C15orf57,S100B,FAM96A,TMED5,BAZ2A,NSA2,GGA2,ICOS,RALY
1729,PLEKHF1,NARS,WDR45,RGS14,CD19,MED30,MOCS2,LMF2,DNAJC2
1730,SDPR,IL23A,CNIH4,CCND2,EPN1,TMEM116,GLB1,SLC48A1,GRPEL1
1731,RP5-887A10.1,MZT1,TPD52L2,RP11-139H15.1,TAF1D,F13A1,EIF2AK4,PDCD1,DNAJC7
1732,RAMP1,FCRL6,SKAP2,MRPS12,RAB1B,TNFRSF13C,CLYBL,TRIM23,PRPF8
1733,CTNNBL1,ZNF92,PARL,REXO2,RP11-349A22.5,MLLT10,MTIF3,PAWR,HLA-DQA1
1734,ARPC4,PRSS23,GBP1,RP11-18H21.1,CMTM7,KCNG1,KCNQ1OT1,CCL4L1,RP11-139H15.1
1735,RASGRP4,U2SURP,PRKCB,RAB9A,BABAM1,ZNF232,IGLL5,CPNE5,ZNF32
1736,CHN2,WHAMM,ITGB7,TLE4,SMARCD3,VDAC3,PTGS1,RP11-367G6.3,NARS
1737,FCRL2,GOLT1B,ARL4A,CRLS1,GALT,PRNP,GBGT1,PPIL4,CLEC2B
1738,ISOC2,SRPR,DNAJC7,C12orf10,DYNLT1,DIS3,ACRBP,CPQ,LAT2
1739,CA2,ITSN2,NAA20,PRDX3,CDV3,USP5,GPR35,DPY19L4,MTERFD2
1740,TMEM91,GBP1,EIF3D,FXN,VPS25,FAM63B,NABP1,SLC2A13,OXLD1
1741,PICALM,MAPK1IP1L,SH3KBP1,TIMM17A,SEC31A,BLM,BACE2,NAPA-AS1,ILF3
1742,PLA2G7,MPC2,PRNP,HNRNPH3,SCFD1,HBA1,ICOSLG,RP11-70P17.1,CD79A
1743,MRPL21,PPP2R3C,TMEM219,BOLA3,ST3GAL2,UNC45A,NR2C1,MYL9,ADD1
1744,LINC01003,SCFD1,SNX20,TMEM189,PPP6C,ARL2BP,HDLBP,GPR56,PTPN7
1745,SMPDL3A,MMADHC,MPP1,RABIF,MRS2,SCAPER,XPOT,NEK8,SLA
1746,ITPA,RBM25,SMAP2,SRA1,PTAFR,POMT1,HBEGF,CDKN2A,ORMDL2
1747,MPV17,ELOF1,CRELD2,C14orf166,HOOK2,FBXW4,CD19,RP11-706O15.1,AQP3
1748,CD9,SLBP,EAPP,PRR5,TBCB,RP11-727F15.9,PELI1,C5orf56,TRABD2A
1749,MBOAT7,NFU1,SLC39A1,JUND,SURF1,TSPAN15,CDK19,AP3M2,CYB5B
1750,CXCL2,PDHB,CTNNBL1,FTL,MIS18BP1,PDCD1,CD163,LRIG2,TNFSF13B
1751,RNF213,RDH14,C12orf10,PTGDR,SLC39A1,TASP1,RP5-887A10.1,C8orf44,PPIG
1752,SAMD9L,C9orf142,RXRA,MVB12A,NSA2,ZNF493,SPARC,ZNF528,SMAP2
1753,HDAC9,MRPL19,SNAPIN,FCGR1A,SAT2,ANKHD1,FHL1,ANKRD54,CCDC115
1754,STK32C,TMBIM4-1,RBM39,BTN3A2,PNPLA8,AC113189.5,CRTC2,ZCCHC11,LBR
1755,MARCH2,C21orf33,SIVA1,PARL,MZT1,DTX3,POLR2I,CD19,LYAR
1756,LUC7L3,SWAP70,S100A12,AKR1C3,EIF2AK4,RP11-367G6.3,PITPNM1,PLD6,ITSN2
1757,RER1,TOR1A,CSRNP1,PLEKHF1,IFI35,TCF12,TUBB1,ABCC10,SH2D1A
1758,NCOR2,GLRX3,TMED4,CSNK2B,CASP4,P2RY10,SMPDL3A,DHX34,C14orf1
1759,KLF11,GALT,STX4,PAFAH1B1,PRKCD,NEIL1,HELQ,NECAB3,STUB1
1760,C9orf142,RFC1,NDUFA12,CHIC2,CSNK1A1,ZNF559,IL27RA,GMPPA,MRPS33
1761,SMARCD3,PDZD11,DDT,ABT1,CHIC2,RNF113A,CNPY3,RP11-428G5.5,TCL1A
1762,DNTTIP1,MAGEH1,TIMM17A,SLBP,CCT7,N4BP2L1,KIAA1430,BAG4,GZMH
1763,PF4,DEXI,KLRG1,PRNP,FNBP4,RP11-70P17.1,ARAP1,PPP2R1B,TMX2
1764,FAM127A,TIMM22,SMIM12,HAVCR2,RARA,ALDH1A1,CAMK2G,IP6K1,NONO
1765,GMPR,SMDT1,OSCAR,RAB7A,SNX10,KLC4,NFIC,ITM2A,NOP58
1766,SLC50A1,IL27RA,POLR2E,MID1IP1,P2RX5,DIDO1,PUM1,SENCR,ANAPC13
1767,QSOX1,PLEKHA1,DRAM2,GSN,TNFRSF4,SIN3A,FKBP5,OSBPL7,HPRT1
1768,HIST1H2AC,NUP54,SNX5,HAGH,SAFB2,UIMC1,PLA2G7,PRR5L,EMG1
1769,RBM3,PACS1,PARP1,RNF139,VTI1B,COL6A2,LYRM4,PRUNE,EAPP
1770,TPD52L2,NT5C,TINF2,IL17RA,C12orf10,AC093323.3,ATG16L1,AKTIP,FCGR3A
1771,COLGALT1,SNX5,IFIT1,ANAPC13,FKBP5,PRPS2,PF4,CAPZB,SMIM14
1772,FOSL2,LPIN1,GID8,ITGB7,MID1IP1,CHD7,CECR5,ZNF747,RBM4
1773,MFSD1,SPIB,GLRX3,FUS,ISCA2,SYTL2,PARL,MPP6,PSMD14
1774,TRIM8,DNAJB14,PPT1,RETN,VAPA,ZNF528,ATXN7L3B,GBGT1,FAM96A
1775,IGJ,DIMT1,CCDC124,RAB2A,HCCS,C8orf44,ANAPC13,CCND2,EMB
1776,ATP6V0E1,TMEM222,PRDX4,MBOAT7,TMBIM4-1,NUDT16L1,CR1,PAXIP1-AS1,CSRNP1
1777,IFT20,IGLL5,TNFAIP2,IFIT1,OXLD1,PWP1,NCOR2,TMEM60,SAT2
1778,PLCB2,IDI1,CORO1B,THOC7,PAICS,THEM4,PPP1R14A,YEATS2,RGS1
1779,UBE2D1,TMEM50A,HDAC1,SH3GLB1,GNS,TTPAL,ST7L,CLSTN3,PRNP
1780,EPN1,ORAI1,CDC42EP3,SCP2,ODC1,PDIK1L,SURF6,ICOSLG,IL27RA
1781,SNX17,MRPS33,IL8,PQBP1,FXN,PLD6,NUDT1,MTRF1,SERPINB1
1782,PRKACA,MED30,SNW1,CAP1,EIF3D,RBM48,CD93,JAKMIP1,SRA1
1783,MT-ND5,ALG5,CCDC115,NUDT5,POLD2,PDE6B,GINM1,BACE2,PRPF31
1784,GNPTAB,SDHAF2,IL16,TRAPPC3,IFIT2,RAMP1,DOK3,PPIG,NR3C1
1785,GUSB,HLA-DOB,ACP1,CTSS,PARL,NAA25,FCRL2,MINA,NUDT16L1
1786,CTBP2,SIAH2,ATXN10,IFI35,FAM32A,CWC27,CXCL2,DCP2,PHF14
1787,GUCD1,MRPL1,TMEM208,ADSL,METTL21A,RPUSD2,CLEC10A,CMTM7,KIF5B
1788,SNCA,NPRL2,STUB1,MTCH2,LAMTOR5,METTL8,VPS13C,ERCC6L2,RGS14
1789,CARHSP1,FNTA,PFDN2,CTNNBIP1,RAB34,NOL11,TOP1MT,RP5-821D11.7,C21orf33
1790,NCKAP1L,TCEAL8,MRP63,CDV3,C21orf33,ACTR6,SMARCA4,TNFRSF13C,ECHDC1
1791,RAB1B,FN3KRP,RNF181,PHF5A,SGK1,KIR3DL2,ADSL,CRTC1,SNX5
1792,PARL,EIF2S1,MRPL43,RBPJ,MRPL21,PURA,ELL,CYP27A1,FKBP3
1793,TNFSF10,PKIG,UBE2E1,PSMB6,RBM7,ACTL6A,ITM2A,RAD51B,ARID4A
1794,TMEM208,SNW1,TRAPPC3,CSRNP1,DDT,SMARCC2,QSOX1,FAM107B,ATP6V0E1
1795,DOK3,MAEA,ICAM2,POLR2I,MARCH2,NSMAF,SMCHD1,SPARC,TMEM141
1796,VAMP5,RBBP6,MTCH2,SUCLG2,RFXANK,TSSC1,XRRA1,CD163,AATF
1797,TCEA2,PLEKHF1,MAP3K8,GPR171,OAS3,MPP6,CLU,RP5-887A10.1,RPL7L1
1798,ZNF593,AKR1C3,ALKBH7,THYN1,UQCRC1,JAKMIP1,CA2,PRPF31,GIT2
1799,GYG1,KARS,KIF5B,RNF187,PSMC4,RNF125,TRIP11,BZRAP1-AS1,IFI44
1800,MIS18BP1,TMX2,ATP5H,TMEM208,NRGN,KIAA1429,SMARCD3,SLC25A12,IRF8
1801,EMILIN2,PLRG1,RAB2A,CARS,MRP63,TMEM91,PEX16,YTHDC1,FGFBP2
1802,DERL1,MFSD10,POLR3K,GUSB,SIVA1,RP5-1028K7.2,PFDN2,AC113189.5,ALDH2
1803,CLEC10A,LRBA,C14orf166,YWHAE,PFDN2,PAX5,EFCAB14,BCDIN3D,LUC7L3
1804,GALK1,CD72,FOLR3,DDX46,APOBEC3B,F2R,PITPNA-AS1,SREBF1,ABI3
1805,MZB1,GTF2B,PSMD14,CDC37,SLC40A1,FBXO33,DNAJC15,TARSL2,TMEM205
1806,CAP1,CCL4,CAT,OAS3,ARHGAP24,IGJ,GRAP,SMPDL3A,TXNDC17
1807,PPP1R14A,TMEM87A,PQBP1,MPC2,SUCLG2,ZNF567,GMPR,GNG11,HAGH
1808,CTNNBIP1,FCRLA,CMTM7,S100A12,PRKACA,C12orf45,CEP85L,TANGO6,JTB
1809,CAPZA2,LMAN2,LYPLA1,LMAN2,ZNF467,CHERP,TTC3,PWP1,BEX4
1810,FCGR1B,THOC7,SPON2,ORAI1,C5orf15,RP5-887A10.1,GPR171,C2orf76,CCL4
1811,SGK1,PCNA,RNASEH2B,ILF3-AS1,TXNDC17,CCDC174,RELT,SENP2,FCER1G
1812,VAMP8,PPIE,RNF187,OSCAR,EIF1AY,ATF7IP2,RASGRP4,HERPUD2,ARL2
1813,NKIRAS2,P2RX5,JUND,LINC00936,LRRC59,PARP1,KLHL6,SYTL2,MRPS23
1814,FAM173A,THYN1,KARS,PRDX1,TINF2,RPL7L1,RARA,RNF139,IFT20
1815,CORO1C,NONO,PDHB,TNFRSF4,MFSD1,UBA5,PRKCB,TTPAL,PARP1
1816,LYPLA1,PTGDR,UBE2D1,SH3KBP1,CD72,BTN3A1,RAD23A,ATP6V0E2,KLRG1
1817,PPIF,TMEM9B,SRA1,RXRA,DNAJC7,KLRC1,NFE2L2,PASK,NUDT5
1818,TMEM219,MT-CYB,FAM32A,SCGB3A1,CD82,MMADHC,SIAH2,BBS2,SAMD3
1819,TNNI2,EIF5B,LSM6,NCOA4,NR3C1,NR2C2AP,ZYX,ATG16L1,ABT1
1820,POLR2E,PPA2,MID1IP1,PASK,SDCCAG8,MNAT1,TMEM219,PDE6B,SMIM12
1821,CDC40,PSMD14,CAPZA2,GYG1,KIAA0125,CPNE2,IFI27,UBA5,IDI1
1822,XCL1,RRS1,SH3GLB1,TMEM141,RELT,SETD5,PQBP1,BCL2A1,CD96
1823,PTAFR,CSNK1A1,CTSW,TRABD2A,GSN,TTC3,TMEM55A,GFER,UBE2E1
1824,SDHB,UBAC2,PSMC4,SMIM12,PQBP1,DNAJA3,YPEL2,KIR3DL2,NEMF
1825,LYAR,MTERFD2,GADD45B,TXNDC17,MYO9B,NNT-AS1,ICOS,ZFX,GPR183
1826,IL17RA,PILRB,NCKAP1L,DIAPH1,MFF,URGCP,CHD2,MAP3K7CL,MT-ND5
1827,RGS18,CKS1B,HNRNPM,SAT2,IGLL5,MDS2,PPP6C,TMEM87B,BLVRA
1828,ARAP1,SLFN5,IL1B,TBCB,ACP1,ERV3-1,SAT2,PEX19,TTC3
1829,IFIT2,HPRT1,BTK,BLOC1S1,SMIM7,SCGB3A1,PTAFR,UBIAD1,TTC1
1830,CASP4,MOB2,EWSR1,ARHGDIA,UBE2D1,MAGEH1,FCGR1B,KPNA1,PSMG2
1831,CRTAP,COPS4,NDUFA2,FKBP5,TMEM208,PTPRN2,PLCB2,DPY30,SDHB
1832,SF3B5,GADD45B,NAPRT1,TCEAL8,CRIP2,FCER1A,CAMK1D,RNF125,HVCN1
1833,FCRL6,NOL11,PRDX3,VPS26B,MBOAT7,ATG16L1,AKAP8,CR1,BABAM1
1834,SNX5,CCND2,TMBIM6,IL1B,RNF7,BZRAP1-AS1,BCL2A1,HNRNPM,IRF9
1835,RAB34,PRR5,GZMK,RNF125,SWAP70,RIOK2,PPBP,HDAC5,NAPRT1
1836,AKR1C3,CD82,PLBD1,KLRB1,SIAH2,STT3A,EMILIN2,VAPA,HLA-DMA
1837,CD160,KLRB1,NT5C,HOPX,MTIF3,PGM2L1,TNNI2,RFNG,C5orf56
1838,SH3GLB1,GIT2,SRP9,NME3,SNX9,FCRL2,H2AFY,GPKOW,YTHDF2
1839,ZNF467,P2RY10,ZYX,UBE2D1,FERMT3,GALT,SNX20,RP5-1028K7.2,CNPY3
1840,CAT,SARS,C9orf142,CWC15,C17orf62,ORC2,PASK,GLYCTK,ITPA
1841,GNS,VDAC3,SUMO3,G0S2,TREX1,DHX9,SNX9,FCRL2,STOML2
1842,CCDC12,EWSR1,C16orf13,SLFN5,NAPRT1,KIAA1430,NCKAP1L,KLHL24,DYNLT1
1843,LAMTOR5,LBR,LYAR,SSBP1,BLNK,MRPL1,MED28,PKIG,C20orf27
1844,ADD1,BOLA3,PMF1,FOLR3,SPIB,RIOK1,NRGN,POMT1,NSA2
1845,PTGDR,PPIG,TMEM205,PCMT1,CORO1C,FHL1,ST3GAL2,ATP6V0E1,RNF139
1846,CD19,NUDT16L1,FAM96B,C16orf13,IL17RA,SPIB,AKTIP,RPL39L,LRCH4
1847,NRGN,CHMP4A,MAF1,MPP1,SIK1,IGLL5,P2RX5,FCRLA,RPN2
1848,ARHGAP24,GPR171,DNAJC15,CMTM7,ARAP1,UBIAD1,MINA,HOOK2,RCN2
1849,SNAPIN,PRPF31,NDUFB8-1,KIF5B,C16orf74,LRRC8C,SCAPER,KLRC1,MAL
1850,IGLL5,PRNP,SMIM14,TNFAIP2,CAT,MTERFD2,APOBEC3B,ABHD17B,GIMAP2
1851,PARVB,C5orf56,LINC00926,TNFRSF25,CSRNP1,ZFYVE28,TCEAL4,GOSR2,MMADHC
1852,BLNK,NOP58,C5AR1,WTAP,RETN,SLC4A7,YTHDC1,MDS2,RAD23A
1853,PKIG,API5,SAMD9L,CAPZA2,PNRC1,ACAT2,RGS18,IL23A,CDC123
1854,KIAA0125,SMCHD1,OTUB1,BABAM1,C4orf3,FUS,IL23A,MRE11A,UBXN4
1855,GPR56,CLEC2B,SAT2,SUMO3,C16orf13,ZNF75A,ARL4A,SMCHD1,PRDX3
1856,P2RX5,THEM4,RALY,MRPL51,RNF213,S100A12,CCNG1,SNX14,NAA20
1857,TXNDC17,EAPP,TREX1,TAF12,HAVCR2,ZNF263,SNHG12,NPHP3,TNFSF10
1858,RELT,AKTIP,VAPA,CISH,SPG20,ZCCHC11,PPP1R2,G0S2,ARL2BP
1859,SRA1,RNF139,ASGR1,IFI44,HLA-DOB,CAMK2G,HLA-DOB,P2RY10,MT-CO2
1860,CSNK2B,PPP2CA,PPP2CA,ZC3H15,LUC7L3,KIAA0125,CD9,PJA1,MRP63
1861,MYO9B,CRIP2,LAT2,RALY,IFT20,TARSL2,DESI1,POLR2K,CCL3
1862,APOBEC3B,IRF9,TCL1A,CD96,YWHAE,SAAL1,BLNK,ZNF688,CMTM7
1863,SPIB,RNASEH2B,IFI35,MRP63,NCOA4,GPR56,ZNF467,SRSF5,SARS
1864,FCRLA,WTAP,MT-ND5,LSM6,ARRB2,ZBP1,MYCBP2,ASB8,ITGB7
1865,SMAP2,VAPA,C5orf56,UBAC2,RBBP6,RRS1,AP003733.1,RCL1,CAT
1866,MARCKSL1,RALY,FCGR2A,OTUB1,DYNLL1,ZNF276,PIK3R1,KIF3A,ELOF1
1867,NDUFA2,CAPZB,IGFBP7,SDHAF2,ILF3-AS1,NEMF,RAB34,ERV3-1,SNW1
1868,PRSS23,SCGB3A1,PLEKHJ1,TIGIT,UBE2E1,CD19,CSRNP1,PTPN7,LYZ
1869,RETN,ACADM,TMEM50A,RNF213,NT5C3A,RMDN3,CAT,AIM2,SF3B1
1870,HLA-DOB,NSA2,CD47,ATP6V0E2,CRTAP,PPP1R14A,ARHGAP24,BAZ2A,PCSK7
1871,KLRG1,ATF7IP2,GYG1,C20orf27,PHACTR1,PRAF2,KCNK6,MGA,BBX
1872,NAPRT1,BEX4,C20orf27,IL8,BBX,BEX4,PKIG,TCL1A,POLR2I
1873,ZYX,TNFRSF4,TXNDC17,SPON2,JTB,XPOT,GRB2,CPNE2,CDA
1874,RXRA,PHF14,SNX10,ATP5D,ITPA,MZB1,CCDC66,PLEKHF1,NDUFA10
1875,HOPX,RGS1,CDC37,FERMT3,FCRLA,BLNK,CITED4,CD79A,FCGRT
1876,GRB2,CCDC115,JTB,FCGR2A,PKIG,LRBA,FAM96A,HBP1,FAM107B
1877,SKAP2,DEF6,C17orf62,SURF1,PASK,ACOT13,P2RY10,DCAF5,PDIA3
1878,PRKCD,TAF1D,GZMH,GBP1,BLOC1S1,NKG7,ZNF106,ELL,TMEM165
1879,HAVCR2,PASK,CCL4,JTB,IFIT1,YTHDF2,ZCCHC9,GUCD1,HOPX
1880,MPP1,C14orf166,IRF8,DEF6,FCGR1A,DEXI,HVCN1,LINC00662,C14orf166
1881,CD72,ZNF32,RILPL2,FGFBP2,NUDT1,C16orf80,SPIB,UBE2D4,TAF1D
1882,GSN,ILF3-AS1,TMEM9B,PLBD1,PSMG2,LTB4R,MPP1,SLA,NME3
1883,NT5C,SPON2,SDHB,ALDH2,MED28,TOP1MT,CORO1C,RBM48,LAMTOR5
1884,SWAP70,BBX,DYNLT1,ASGR1,LRCH4,SNHG12,SURF1,USP20,TBCB
1885,DYNLL1,TNFRSF25,HOPX,RBM3,SMIM14,SF3B1,SGK1,PACS1,ARL4A
1886,MAP3K8,TTC14,ARPC4,NDUFA2,SRA1,C16orf74,SMIM14,RPUSD2,MAF1
1887,DRAM2,CISH,FPR1,PSMG2,ATP5C1,ZNF626,MID1IP1,FAAH,C17orf62
1888,PHACTR1,YTHDF2,UQCRC1,ALKBH7,ZNF106,RDH14,NSA2,MTERFD1,HLA-DRA
1889,TREX1,PNRC1,PCMT1,CDC42EP3,MAT2A,ZNF92,FCRLA,DDX56,HDAC1
1890,FCGR1A,CHD2,YWHAE,VDAC3,TNFRSF1B,FOLR3,S100A12,GPR171,DEF6
1891,SPON2,CCDC91,SNX17,GADD45B,PCMT1,THYN1,UBE2D1,RP5-827C21.4,MS4A6A
1892,PSMA7,ATP6V0E2,RPS19BP1,PDIA3,TMEM14C,DEF6,KIAA0040,CD96,PQBP1
1893,RNF181,ODC1,ATP5D,IGFBP7,TMEM205,ZCCHC10,SWAP70,ZMAT3,S100A9
1894,OSCAR,EIF3D,FGL2,DENND2D,RXRA,TNFRSF25,CRTAP,DHX15,SIVA1
1895,TMEM205,ARL2BP,ALDH2,C9orf142,NDUFA12,RP11-18H21.1,PNRC1,TMEM116,DENND2D
1896,OAS1,TTC3,CAPZB,SRP9,MPP1,SRSF3,CRIP2,FBXO33,THOC7
1897,C20orf27,LUC7L3,SF3B5,CNPY3,RILPL2,RP11-589C21.6,RP11-18H21.1,SNHG12,DRAM2
1898,UQCRC1,SUCLG2,GRB2,ICAM2,BEX4,ICOS,C16orf74,SCGB3A1,DDX46
1899,MT-CYB,RBM4,RER1,MT-ND5,TMEM141,CD160,RETN,TPM1,SH3KBP1
1900,IL8,C14orf1,GZMB,UBE2L6,S100A12,PAXIP1-AS1,TREX1,MCM3,VAMP5
1901,G0S2,MAF1,TNFRSF1B,GZMH,RASGRP2,PKIG,STX11,CD9,SMIM7
1902,SMIM14,TIGIT,FGFBP2,DYNLL1,DRAM2,PPP1R2,HOOK2,RAB2A,TRAPPC3
1903,JUND,PARP1,HVCN1,SH2D1A,OSCAR,C9orf142,IFIT1,MAGEH1,IFI30
1904,FOLR3,RNF113A,CHMP4A,GZMK,IL1B,AP3M2,FCGR1A,C4orf3,YPEL3
1905,CTSW,SF3B1,MRPL51,CCL4,FOLR3,FCRL6,KARS,ARL16,RNASEH2B
1906,S100A12,NDUFA12,TMBIM4-1,VPS28,LSM6,KIAA0040,G0S2,DEXI,LSM6
1907,ATP5D,DPY30,GNLY,LDLRAP1,VPS28,BOLA3,JUND,HVCN1,PCMT1
1908,ARRB2,ACP1,CCL3,SRSF3,SMAP2,CHD2,PHACTR1,GBP4,RBM25
1909,APOBEC3G,RPN2,STX11,UQCRC1,G0S2,HENMT1,NAT9,PCNX,CWC15
1910,UBE2L6,AHSA1,VPS28,TNFRSF1B,GRB2,XCL1,SCGB3A1,SPPL2A,CD74
1911,TNFAIP2,REXO2,RBM3,SAMD3,ZYX,GRAP,TAF1D,CDC42EP3,MED28
1912,GZMK,PCSK7,RNF7,C5AR1,IL8,CAPN12,CISH,FAM63B,DDX17
1913,TNFRSF1B,HNRNPH3,FERMT3,NAPRT1,PRDX3,RNASEH2B,MBOAT7,CAPN12,IL16
1914,IFI35,FKBP3,ABI3,NDUFA12,TRABD2A,MLLT6,RXRA,XCL1,SURF1
1915,PRKCB,CCDC12,SNRPB,KLRG1,ATP5D,TCEAL4,SMAP2,PRAF2,NCF2
1916,DYNLT1,PTPN7,ARL6IP5,CASP4,ATP5H,PRSS23,IRF8,TBC1D15,GGNBP2
1917,IL1B,HLA-DQA1,TNFSF10,NDUFB10,STX11,CCNG1,CD79B,RIT1,GADD45B
1918,SNX10,HDAC1,ARHGDIA,RER1,CAPZA2,HLA-DOB,FOLR3,TNFRSF4,ALKBH7
1919,SAT2,PSMC4,SCP2,FPR1,TNFAIP2,GZMB,TNFSF10,KRBOX4,SF3B5
1920,H2AFY,GNLY,LAMTOR5,ITM2A,SMDT1,AKTIP,IL8,FOLR3,BLOC1S1
1921,PSMB8,LINC00926,VAMP5,PPT1,RPL13,EMB,OSCAR,ACTR6,CD79B
1922,LINC00936,GGNBP2,CSNK2B,FGL2,JUND,FCRLA,DRAM2,MOCS2,HLA-DMB
1923,LINC00926,TRABD2A,NDUFB10,RILPL2,CNPY3,AKR1C3,FGL2,S100B,HNRNPH3
1924,BTK,C4orf3,RAB7A,GNLY,PLBD1,RGS1,UBXN1,IL27RA,GNLY
1925,FCGR2A,NEMF,PRF1,TMEM50A,C20orf27,PRKD2,MT-ND5,CRIP2,IFI35
1926,LAT2,CDC123,ATP6V0E1,SIVA1,CSNK2B,CCDC66,RIC3,LYAR,ZC3H15
1927,IGFBP7,TCP1,CCL5,GZMB,MARCKSL1,IL23A,ILF3-AS1,NFATC1,NKG7
1928,GNLY,TMED4,OAS1,TNFSF10,ALKBH7,CISH,BTK,WIBG,CCDC12
1929,ASGR1,EIF1AY,CASP4,SF3B5,LINC00926,NOP58,TNFAIP2,AC093323.3,SNHG7
1930,BLVRA,CYB5B,SRSF3,MAL,BTK,CCND2,ASGR1,MRPS18A,EWSR1
1931,BLOC1S1,PITHD1,TBCB,ATP5C1,UBXN1,CHI3L2,IL1B,PRSS23,SNRPB
1932,FGFBP2,HNRNPM,CD79A,ARL6IP5,LAT2,PITPNA-AS1,NAPRT1,POLR3K,ARRB2
1933,C5AR1,GPR183,PDIA3,ARPC4,SDHB,LPIN1,ALKBH7,SLFN5,CST7
1934,TCL1A,CAP1,CDA,NDUFB8-1,ASGR1,PTGDR,GPR183,RP11-18H21.1,GZMA
1935,SERPINB1,RCN2,PRDX1,RNF181,IGFBP7,KLRB1,PPT1,RCN2,KARS
1936,PLBD1,XXbac-BPG299F13.17,ATP5C1,ZYX,C5AR1,XXbac-BPG299F13.17,FCGR2A,ATAD1,PRDX1
1937,GZMH,GZMH,FCGRT,STX11,TCL1A,B2M,C20orf27,CCL5,PSMB6
1938,PRF1,CD96,BLVRA,TMEM219,LIMD2,PLEKHF1,SMDT1,ZNF92,FAM96B
1939,HVCN1,RIC3,GZMA,ATP6V1F,FCGR2A,P2RX5,LINC00926,KLRG1,NDUFB10
1940,IRF8,TCL1A,PSMB6,GPX1,ARL4A,CD72,TCL1A,CCL4,LGALS2
1941,ATP6V1F,SH2D1A,APOBEC3G,VAMP5,VAMP8,GPR171,SRSF5,TIGIT,APOBEC3G
1942,GZMB,LSM14A,DYNLL1,ZAP70,IRF8,HDAC1,C5AR1,STAU1,RNF181
1943,CCL4,IL16,LMAN2,NCF2,BLVRA,GNLY,PLBD1,TIMM22,FUS
1944,FPR1,SSBP1,BLOC1S1,CCL3,PPT1,IL27RA,ATP5H,LIMD2,LINC00936
1945,ALDH2,FGFBP2,CNPY3,IFI30,TMEM219,CCL4,LDLRAP1,GZMK,PPP1R2
1946,FGL2,SNHG7,TNFSF13B,PSMA7,SNHG7,CRIP2,CMTM7,PCSK7,AIF1
1947,ABI3,GZMB,LINC00936,CAPZB,FPR1,C14orf1,TRABD2A,C5AR1,RER1
1948,CCL3,CCNG1,SERPINB1,ABI3,H2AFY,GZMH,EIF3D,DCAF8,FCN1
1949,TNFSF13B,KLRG1,MS4A6A,FTH1,HVCN1,PTPN7,CORO1B,HOPX,CHMP4A
1950,TALDO1,RASGRP2,ATP6V1F,NPC2,CORO1B,CD82,ALDH2,EAPP,H2AFY
1951,CD79A,LDLRAP1,NCF2,DYNLT1,ATP6V1F,TNFRSF4,BLVRA,MLLT6,TMBIM6
1952,STX11,SAMD3,H2AFY,RNF7,FGL2,PASK,FPR1,XRRA1,C9orf142
1953,CNPY3,CCT7,CST7,PRF1,FYB,CD96,TMEM14C,KLRB1,SSBP1
1954,CST7,GZMK,B2M,FCGRT,MAL,TRABD2A,TALDO1,FCGR3A,CTSW
1955,MT-CO2,ITGB7,FCGR3A,SAT1,ALDH2,SPON2,AQP3,IFI35,GZMM
1956,CDA,FAM107B,CAP1,TNFSF13B,OAS1,ATP6V0E2,MAL,ARL6IP5,RNF7
1957,GZMA,DENND2D,HLA-DMB,AQP3,LGALS3,TIGIT,CDA,TAF1D,ATP5H
1958,MS4A6A,MAL,IFI30,CORO1B,HLA-DPB1,TCEAL8,RILPL2,PRR5,HNRNPM
1959,COTL1,FUS,ARRB2,BLVRA,LTB,SH2D1A,PRDX1,GIMAP2,LMAN2
1960,CCL5,SNRPB,VAMP8,MS4A6A,TNFSF13B,FGFBP2,MT-CYB,PNRC1,STK17A
1961,FCGR3A,ITM2A,UBE2L6,CDA,HLA-DMB,LINC00926,CD79A,TNFRSF25,LGALS1
1962,NCF2,ZAP70,CD79B,H2AFY,SERPINB1,TCL1A,HLA-DMB,FGFBP2,CASP4
1963,CD79B,RBM39,PSMB8,LYAR,CD79B,RCN2,TNFSF13B,CTSW,CD247
1964,S100A4,FCGR3A,LGALS3,GIMAP2,HLA-DQA1,ITGB7,SNHG7,DENND2D,LST1
1965,FCGRT,BTN3A2,PSMA7,FCGR3A,CDA,KLRG1,MS4A6A,TRABD2A,HLA-DRB1
1966,HLA-DMB,CD47,LGALS2,ATP5H,TNFSF10,RIC3,FYB,SAMD3,GIMAP5
1967,ACTB,PDIA3,MT-CO1,CST7,PYCARD,LYAR,NCF2,NKG7,NDUFB8-1
1968,LGALS3,ICAM2,NKG7,SERPINB1,MS4A6A,SRSF5,S100A6,CST7,TMBIM4-1
1969,IFI30,PRF1,HLA-DQA1,PYCARD,CD79A,GPR183,LGALS3,SH2D1A,UBE2L6
1970,GPX1,LYAR,AIF1,ARRB2,TALDO1,SAMD3,IFI30,GZMH,RBM39
1971,S100A6,CD79A,TALDO1,TALDO1,NCF2,GZMK,CD74,LDLRAP1,ACAP1
1972,LGALS2,APOBEC3G,GPX1,LGALS2,OAZ1,LDLRAP1,LINC00936,LINC00926,PSMB8
1973,S100A8,HOPX,S100A8,GZMA,LINC00936,FAM107B,HLA-DQA1,MAL,PYCARD
1974,NKG7,SRP9,HLA-DMA,CCL5,IFI30,PRF1,FCGRT,SUCLG2,TYROBP
1975,SRGN,PPP1R2,NPC2,VAMP8,HLA-DMA,ZAP70,LGALS2,GIMAP5,HLA-DPB1
1976,HLA-DQA1,ARL6IP5,LYZ,LGALS3,LGALS1,DENND2D,S100A8,PRF1,SRP9
1977,AIF1,AQP3,FCN1,S100A8,FCGRT,ITM2A,CST3,ACAP1,ATP5D
1978,PYCARD,NKG7,PYCARD,NKG7,CD74,CD79A,OAZ1,WTAP,CSNK2B
1979,FCN1,TMBIM6,S100A9,GZMM,HLA-DPA1,SNHG7,HLA-DMA,RIC3,CTSS
1980,NPC2,GZMA,LST1,FCN1,SELL,MAL,FCN1,CD79B,PNRC1
1981,FTH1,SELL,CST3,CD247,HLA-DRB1,HOPX,CTSS,ZAP70,VAMP8
1982,LST1,CST7,FCER1G,GIMAP5,LGALS2,MT-CYB,S100A9,AQP3,SRSF3
1983,S100A9,CD79B,TYROBP,CTSW,SAT1,GIMAP7,HLA-DPA1,FYB,SELL
1984,HLA-DMA,GIMAP7,CTSS,S100A9,S100A9,GZMA,HLA-DPB1,MT-CYB,EIF3D
1985,LGALS1,GIMAP5,S100A6,COTL1,FCN1,AQP3,NPC2,BTN3A2,PSMA7
1986,SAT1,CCL5,FTL,LST1,S100A8,CST7,LST1,MT-CO2,HLA-DPA1
1987,CTSS,SRSF5,COTL1,LYZ,COTL1,GIMAP5,SAT1,CDA,S100A6
1988,LYZ,GZMM,SAT1,CST3,NPC2,CCL5,LYZ,GZMM,MT-CO1
1989,CST3,LIMD2,LGALS1,FYB,LST1,CD247,GPX1,STK17A,GIMAP7
1990,FCER1G,ACAP1,FTH1,FCER1G,FTL,STK17A,FTL,RASGRP2,UBXN1
1991,OAZ1,CD247,HLA-DPA1,AIF1,LYZ,GZMM,RPS3A,RPS3A,LIMD2
1992,TYROBP,CTSW,S100A4,TYROBP,CST3,CTSW,HLA-DRB1,GZMA,S100A4
1993,MT-CO1,STK17A,SRGN,B2M,GPX1,ACAP1,AIF1,CD247,LTB
1994,FTL,RPL13,OAZ1,LGALS1,TYROBP,SELL,RPS27A,GIMAP7,RBM3
1995,HLA-DPB1,B2M,HLA-DRB1,ACTB,FCER1G,LTB,HLA-DRA,RPL13,SRSF5
1996,HLA-DPA1,RPS3A,HLA-DPB1,SRGN,AIF1,MALAT1,FTH1,RPS27A,RPL13
1997,HLA-DRA,LTB,HLA-DRA,GIMAP7,CTSS,RPS3A,COTL1,LTB,RPS3A
1998,HLA-DRB1,RPS27A,ACTB,S100A6,FTH1,RPS27A,LTB,B2M,RPS27A
1999,CD74,MALAT1,CD74,S100A4,HLA-DRA,RPL13,RPL13,MALAT1,MALAT1
